category,id,name,origin,last_mod,status,matched,sheet,looks_like,source,flags,chain
field,fd_air_conditioner_radiosphere,,dda,dda,missing,,,,data/json/field_type.json,,
field,fd_ammo_loot_zone,,dda,dda,missing,,,,data/json/zone_field_type.json,,
field,fd_armor_loot_zone,,dda,dda,missing,,,,data/json/zone_field_type.json,,
field,fd_artifacts_loot_zone,,dda,dda,missing,,,,data/json/zone_field_type.json,,
field,fd_auto_drink_zone,,dda,dda,missing,,,,data/json/zone_field_type.json,,
field,fd_auto_eat_zone,,dda,dda,missing,,,,data/json/zone_field_type.json,,
field,fd_basecamp_food_zone,,dda,dda,missing,,,,data/json/zone_field_type.json,,
field,fd_basecamp_storage_zone,,dda,dda,missing,,,,data/json/zone_field_type.json,,
field,fd_bionics_loot_zone,,dda,dda,missing,,,,data/json/zone_field_type.json,,
field,fd_books_loot_zone,,dda,dda,missing,,,,data/json/zone_field_type.json,,
field,fd_chemical_loot_zone,,dda,dda,missing,,,,data/json/zone_field_type.json,,
field,fd_chop_trees_zone,,dda,dda,missing,,,,data/json/zone_field_type.json,,
field,fd_clairvoyant,,dda,dda,missing,,,,data/json/field_type.json,,
field,fd_clothing_loot_zone,,dda,dda,missing,,,,data/json/zone_field_type.json,,
field,fd_construction_blueprint_zone,,dda,dda,missing,,,,data/json/zone_field_type.json,,
field,fd_containers_loot_zone,,dda,dda,missing,,,,data/json/zone_field_type.json,,
field,fd_corpses_loot_zone,,dda,dda,missing,,,,data/json/zone_field_type.json,,
field,fd_currency_loot_zone,,dda,dda,missing,,,,data/json/zone_field_type.json,,
field,fd_custom_loot_zone,,dda,dda,missing,,,,data/json/zone_field_type.json,,
field,fd_darkness,,dda,mindovermatter,missing,,,,data/mods/MindOverMatter/fields.json,,
field,fd_default_loot_zone,,dda,dda,missing,,,,data/json/zone_field_type.json,,
field,fd_disassembly_work_zone,,dda,dda,missing,,,,data/json/zone_field_type.json,,
field,fd_drink_loot_zone,,dda,dda,missing,,,,data/json/zone_field_type.json,,
field,fd_drugs_loot_zone,,dda,dda,missing,,,,data/json/zone_field_type.json,,
field,fd_farm_plot_zone,,dda,dda,missing,,,,data/json/zone_field_type.json,,
field,fd_filthy_armor_loot_zone,,dda,dda,missing,,,,data/json/zone_field_type.json,,
field,fd_filthy_clothing_loot_zone,,dda,dda,missing,,,,data/json/zone_field_type.json,,
field,fd_firewood_source_zone,,dda,dda,missing,,,,data/json/zone_field_type.json,,
field,fd_fishing_spot_zone,,dda,dda,missing,,,,data/json/zone_field_type.json,,
field,fd_food_loot_zone,,dda,dda,missing,,,,data/json/zone_field_type.json,,
field,fd_fuel_loot_zone,,dda,dda,missing,,,,data/json/zone_field_type.json,,
field,fd_guns_loot_zone,,dda,dda,missing,,,,data/json/zone_field_type.json,,
field,fd_ignore_favorites_loot_zone,,dda,dda,missing,,,,data/json/zone_field_type.json,,
field,fd_ignore_loot_zone,,dda,dda,missing,,,,data/json/zone_field_type.json,,
field,fd_item_group_loot_zone,,dda,dda,missing,,,,data/json/zone_field_type.json,,
field,fd_keys_loot_zone,,dda,dda,missing,,,,data/json/zone_field_type.json,,
field,fd_last_known,,dda,dda,missing,,,,data/json/field_type.json,,
field,fd_magazines_loot_zone,,dda,dda,missing,,,,data/json/zone_field_type.json,,
field,fd_manuals_loot_zone,,dda,dda,missing,,,,data/json/zone_field_type.json,,
field,fd_maps_loot_zone,,dda,dda,missing,,,,data/json/zone_field_type.json,,
field,fd_martial_arts_manuals_loot_zone,,dda,dda,missing,,,,data/json/zone_field_type.json,,
field,fd_mine_terrain_zone,,dda,dda,missing,,,,data/json/zone_field_type.json,,
field,fd_mods_loot_zone,,dda,dda,missing,,,,data/json/zone_field_type.json,,
field,fd_mop_tile_zone,,dda,dda,missing,,,,data/json/zone_field_type.json,,
field,fd_mutagens_loot_zone,,dda,dda,missing,,,,data/json/zone_field_type.json,,
field,fd_nauseating_smell,,dda,dda,missing,,,,data/json/field_type.json,,
field,fd_no_auto_pickup_zone,,dda,dda,missing,,,,data/json/zone_field_type.json,,
field,fd_no_npc_pickup_zone,,dda,dda,missing,,,,data/json/zone_field_type.json,,
field,fd_npc_ignore_sounds_zone,,dda,dda,missing,,,,data/json/zone_field_type.json,,
field,fd_npc_investigation_area_zone,,dda,dda,missing,,,,data/json/zone_field_type.json,,
field,fd_npc_no_go_zone,,dda,dda,missing,,,,data/json/zone_field_type.json,,
field,fd_npc_retreat_zone,,dda,dda,missing,,,,data/json/zone_field_type.json,,
field,fd_other_loot_zone,,dda,dda,missing,,,,data/json/zone_field_type.json,,
field,fd_perishable_drink_loot_zone,,dda,dda,missing,,,,data/json/zone_field_type.json,,
field,fd_perishable_food_loot_zone,,dda,dda,missing,,,,data/json/zone_field_type.json,,
field,fd_scarlet_atmosphere,,dda,dda,missing,,,,data/json/field_type.json,,
field,fd_scarlet_sea_gas,,dda,dda,missing,,,,data/json/field_type.json,,
field,fd_seeds_loot_zone,,dda,dda,missing,,,,data/json/zone_field_type.json,,
field,fd_spare_parts_loot_zone,,dda,dda,missing,,,,data/json/zone_field_type.json,,
field,fd_start_point_zone,,dda,dda,missing,,,,data/json/zone_field_type.json,,
field,fd_strip_corpses_loot_zone,,dda,dda,missing,,,,data/json/zone_field_type.json,,
field,fd_tool_magazines_loot_zone,,dda,dda,missing,,,,data/json/zone_field_type.json,,
field,fd_tools_loot_zone,,dda,dda,missing,,,,data/json/zone_field_type.json,,
field,fd_traps_loot_zone,,dda,dda,missing,,,,data/json/zone_field_type.json,,
field,fd_unload_everything_loot_zone,,dda,dda,missing,,,,data/json/zone_field_type.json,,
field,fd_unsorted_loot_zone,,dda,dda,missing,,,,data/json/zone_field_type.json,,
field,fd_vehicle_deconstruct_zone,,dda,dda,missing,,,,data/json/zone_field_type.json,,
field,fd_vehicle_parts_loot_zone,,dda,dda,missing,,,,data/json/zone_field_type.json,,
field,fd_vehicle_patrol_zone,,dda,dda,missing,,,,data/json/zone_field_type.json,,
field,fd_vehicle_repair_zone,,dda,dda,missing,,,,data/json/zone_field_type.json,,
field,fd_weapons_loot_zone,,dda,dda,missing,,,,data/json/zone_field_type.json,,
field,fd_wood_loot_zone,,dda,dda,missing,,,,data/json/zone_field_type.json,,
field,fd_cold_energy,,magiclysm,magiclysm,missing,,,,data/mods/Magiclysm/field.json,,
field,fd_fright,,magiclysm,magiclysm,missing,,,,data/mods/Magiclysm/monsters/dragon.json,,
field,fd_kelvinist_cold,,magiclysm,magiclysm,missing,,,,data/mods/Magiclysm/field.json,,
field,fd_kelvinist_warmth,,magiclysm,magiclysm,missing,,,,data/mods/Magiclysm/field.json,,
field,fd_mana_overload,,magiclysm,magiclysm,missing,,,,data/mods/Magiclysm/field.json,,
field,fd_nullifying_field,,magiclysm,mindovermatter,missing,,,,data/mods/MindOverMatter/fields.json,,
field,fd_safe_shoppers,,magiclysm,magiclysm,missing,,,,data/mods/Magiclysm/field.json,,
field,fd_vault_atmosphere,,magiclysm,magiclysm,missing,,,,data/mods/Magiclysm/field.json,,
field,fd_cold_air_nether_chill,,mindovermatter,mindovermatter,missing,,,,data/mods/MindOverMatter/fields.json,,
field,fd_cold_air_nether_deep,,mindovermatter,mindovermatter,missing,,,,data/mods/MindOverMatter/fields.json,,
field,fd_neutralizing_field,,mindovermatter,mindovermatter,missing,,,,data/mods/MindOverMatter/fields.json,,
field,fd_photokin_light_1,,mindovermatter,mindovermatter,missing,,,,data/mods/MindOverMatter/fields.json,,
field,fd_photokin_light_2,,mindovermatter,mindovermatter,missing,,,,data/mods/MindOverMatter/fields.json,,
field,fd_photokin_light_3,,mindovermatter,mindovermatter,missing,,,,data/mods/MindOverMatter/fields.json,,
field,fd_pyrokinetic_aura,,mindovermatter,mindovermatter,missing,,,,data/mods/MindOverMatter/fields.json,,
field,fd_pyrokinetic_heat,,mindovermatter,mindovermatter,missing,,,,data/mods/MindOverMatter/fields.json,,
field,fd_pyrokinetic_summon_heat_1,,mindovermatter,mindovermatter,missing,,,,data/mods/MindOverMatter/fields.json,,
field,fd_pyrokinetic_summon_heat_2,,mindovermatter,mindovermatter,missing,,,,data/mods/MindOverMatter/fields.json,,
field,fd_pyrokinetic_summon_heat_3,,mindovermatter,mindovermatter,missing,,,,data/mods/MindOverMatter/fields.json,,
field,fd_pyrokinetic_summon_heat_4,,mindovermatter,mindovermatter,missing,,,,data/mods/MindOverMatter/fields.json,,
field,fd_pyrokinetic_warmth,,mindovermatter,mindovermatter,missing,,,,data/mods/MindOverMatter/fields.json,,
field,fd_radiation_aura,,mindovermatter,mindovermatter,missing,,,,data/mods/MindOverMatter/fields.json,,
field,fd_blood_karma,,xedra_evolved,xedra_evolved,missing,,,,data/mods/Xedra_Evolved/field_type.json,,
field,fd_frozen_time,,xedra_evolved,xedra_evolved,missing,,,,data/mods/Xedra_Evolved/field_type.json,,
field,fd_frozen_time_permanent,,xedra_evolved,xedra_evolved,missing,,,,data/mods/Xedra_Evolved/field_type.json,,
field,fd_salamander_heat,,xedra_evolved,xedra_evolved,missing,,,,data/mods/Xedra_Evolved/field_type.json,,
field,fd_winter_magic_ice,,xedra_evolved,xedra_evolved,missing,,,,data/mods/Xedra_Evolved/field_type.json,,
field,fd_xedra_dreamer_accelerated_time,,xedra_evolved,xedra_evolved,missing,,,,data/mods/Xedra_Evolved/field_type.json,,
furniture,f_algae_green,green algae,dda,dda,missing,,,,data/json/furniture_and_terrain/furniture-flora_marine.json,TRANSPARENT | TINY | FLAMMABLE_ASH | NOCOLLIDE | ORGANIC,
furniture,f_algae_red,red algae,dda,dda,missing,,,,data/json/furniture_and_terrain/furniture-flora_marine.json,TRANSPARENT | TINY | FLAMMABLE_ASH | NOCOLLIDE | ORGANIC,
furniture,f_bladderwrack,bladderwrack,dda,dda,missing,,,f_algae_green,data/json/furniture_and_terrain/furniture-flora_marine.json,TRANSPARENT | TINY | FLAMMABLE_ASH | NOCOLLIDE | ORGANIC,
furniture,f_cardboard_door,cardboard door,dda,dda,missing,,,,data/json/furniture_and_terrain/furniture-terrains.json,NOITEM | FLAMMABLE_ASH | ORGANIC | EASY_DECONSTRUCT | BLOCK_WIND | DOOR,
furniture,f_cardboard_door_o,cardboard door,dda,dda,missing,,,,data/json/furniture_and_terrain/furniture-terrains.json,NOITEM | BLOCKSDOOR | FLAMMABLE_ASH | ORGANIC | EASY_DECONSTRUCT | BLOCK_WIND | DOOR,
furniture,f_cardboard_floor,cardboard floor,dda,dda,missing,,,,data/json/furniture_and_terrain/furniture-terrains.json,TRANSPARENT | FLAMMABLE_ASH | FLAT | ORGANIC | EASY_DECONSTRUCT,
furniture,f_cardboard_roof,cardboard roof,dda,dda,missing,,,,data/json/furniture_and_terrain/furniture-terrains.json,TRANSPARENT | FLAMMABLE_ASH | FLAT | ORGANIC | EASY_DECONSTRUCT | ALLOW_ON_OPEN_AIR,
furniture,f_clear,seeing this is a bug,dda,dda,missing,,,,data/json/furniture_and_terrain/furniture-fakes.json,NOITEM,
furniture,f_empty_spike,empty spike,dda,dda,missing,,,,data/json/furniture_and_terrain/furniture-alien.json,TRANSPARENT | ORGANIC,
furniture,f_exam_chair,exam chair,dda,dda,missing,,,,data/json/furniture_and_terrain/furniture-medical.json,TRANSPARENT | CAN_SIT,
furniture,f_exodii_locator_antenna,locator antenna,dda,dda,missing,,,,data/json/furniture_and_terrain/furniture-alien.json,NOITEM | TRANSPARENT | MOUNTABLE,
furniture,f_impaled_officer,impaled officer,dda,dda,missing,,,,data/json/furniture_and_terrain/furniture-alien.json,TRANSPARENT | ORGANIC,
furniture,f_impaled_soldier,impaled mercenary,dda,dda,missing,,,,data/json/furniture_and_terrain/furniture-alien.json,TRANSPARENT | CONTAINER | FLAMMABLE | ORGANIC,
furniture,f_kelp_sugar,sugar kelp,dda,dda,missing,,,,data/json/furniture_and_terrain/furniture-flora_marine.json,FLAMMABLE_ASH | ORGANIC | SMALL_HIDE | HARVEST_REQ_CUT1,
furniture,f_lighthouse_light,lighthouse light,dda,dda,missing,,,,data/json/furniture_and_terrain/furniture-decorative.json,,
furniture,f_metal_crate_o_string_warped,glowing metal crate,dda,dda,missing,,,,data/json/furniture_and_terrain/furniture-alien.json,CONTAINER | PLACE_ITEM | NO_SIGHT | HIDE_PLACE | BLOCKSDOOR | MOUNTABLE | SMALL_HIDE,
furniture,f_metal_detector,metal detector,dda,dda,missing,,,,data/json/furniture_and_terrain/furniture-industrial.json,PERMEABLE | THIN_OBSTACLE | TRANSPARENT,
furniture,f_mutant_tree_adult,mutant tree,dda,dda,missing,,,,data/json/obsoletion_and_migration_0.I/obsolete_furniture.json,PLANT | SEALED | TRANSPARENT | CONTAINER | NOITEM | TINY | DONT_REMOVE_ROTTEN | GROWTH_HARVEST | MUTANT_TREE | TREE | OBSTACLE,
furniture,f_mutant_tree_sapling,mutant sapling,dda,dda,missing,,,,data/json/obsoletion_and_migration_0.I/obsolete_furniture.json,PLANT | SEALED | TRANSPARENT | CONTAINER | NOITEM | TINY | DONT_REMOVE_ROTTEN | GROWTH_MATURE | SMALL_HIDE | YOUNG,
furniture,f_mutant_tree_sprout,sprout,dda,dda,missing,,,,data/json/obsoletion_and_migration_0.I/obsolete_furniture.json,PLANT | SEALED | TRANSPARENT | CONTAINER | NOITEM | TINY | DONT_REMOVE_ROTTEN | GROWTH_SEEDLING,
furniture,f_nl_autodoc,twitchy medical robot,dda,dda,missing,,,,data/json/furniture_and_terrain/netherum/furniture_labyrinth_safehouse.json,TRANSPARENT | AUTODOC | CONTAINER | NO_PICKUP_ON_EXAMINE,
furniture,f_nl_climbing_vine,climbing vines,dda,dda,missing,,,,data/json/furniture_and_terrain/netherum/furniture_labyrinth_overgrown.json,TRANSPARENT | FLAMMABLE_ASH | ORGANIC,
furniture,f_nl_pipe_plant,pipe plant,dda,dda,missing,,,,data/json/furniture_and_terrain/netherum/furniture_labyrinth_overgrown.json,TRANSPARENT | FLAMMABLE_ASH | ORGANIC,
furniture,f_region_forest,pseudo furniture,dda,dda,missing,,,f_region_pseudo,data/json/furniture_and_terrain/furniture-regional-pseudo.json,TRANSPARENT | REGION_PSEUDO,
furniture,f_region_forest_dense,pseudo furniture,dda,dda,missing,,,f_region_pseudo,data/json/furniture_and_terrain/furniture-regional-pseudo.json,TRANSPARENT | REGION_PSEUDO,
furniture,f_region_forest_water,pseudo furniture,dda,dda,missing,,,f_region_pseudo,data/json/furniture_and_terrain/furniture-regional-pseudo.json,TRANSPARENT | REGION_PSEUDO,
furniture,f_region_lake_bed,pseudo furniture,dda,dda,missing,,,f_region_pseudo,data/json/furniture_and_terrain/furniture-regional-pseudo.json,TRANSPARENT | REGION_PSEUDO,
furniture,f_region_ocean_bed,pseudo furniture,dda,dda,missing,,,f_region_pseudo,data/json/furniture_and_terrain/furniture-regional-pseudo.json,TRANSPARENT | REGION_PSEUDO,
furniture,f_region_plain,pseudo furniture,dda,dda,missing,,,f_region_pseudo,data/json/furniture_and_terrain/furniture-regional-pseudo.json,TRANSPARENT | REGION_PSEUDO,
furniture,f_screw_press,screw press,dda,dda,missing,,,,data/json/furniture_and_terrain/furniture-tools.json,TRANSPARENT | NOITEM | EASY_DECONSTRUCT,
furniture,f_sea_anemone,sea anemone,dda,dda,missing,,,,data/json/furniture_and_terrain/furniture-flora_marine.json,TRANSPARENT | TINY | FLAMMABLE_ASH | NOCOLLIDE | GRAZER_INEDIBLE | ORGANIC,
furniture,f_sea_lettuce,sea lettuce,dda,dda,missing,,,f_algae_green,data/json/furniture_and_terrain/furniture-flora_marine.json,TRANSPARENT | TINY | FLAMMABLE_ASH | NOCOLLIDE | ORGANIC,
furniture,f_sea_sponge,sea sponge,dda,dda,missing,,,,data/json/furniture_and_terrain/furniture-flora_marine.json,TRANSPARENT | TINY | FLAMMABLE_ASH | NOCOLLIDE | GRAZER_INEDIBLE | ORGANIC,
furniture,f_solar_cooker,parabolic solar cooker,dda,dda,missing,,,,data/json/furniture_and_terrain/furniture-fireplaces.json,TRANSPARENT | PLACE_ITEM | EASY_DECONSTRUCT | FLAT_SURF,
furniture,f_string_dimension_housing_imploded,imploded clump of metal,dda,dda,missing,,,,data/json/furniture_and_terrain/furniture-alien.json,NOITEM | BLOCKSDOOR,
furniture,f_string_dimension_pylon,humming column,dda,dda,missing,,,,data/json/furniture_and_terrain/furniture-alien.json,NOITEM | BLOCKSDOOR,
furniture,f_string_dimension_pylon_inert,inert column,dda,dda,missing,,,,data/json/furniture_and_terrain/furniture-alien.json,NOITEM | BLOCKSDOOR,
furniture,f_styling_station,styling station,dda,dda,missing,,,,data/json/furniture_and_terrain/furniture-decorative.json,TRANSPARENT | FLAMMABLE_ASH,
furniture,f_torah_ark,Torah Ark,dda,dda,missing,,,,data/json/furniture_and_terrain/furniture-storage.json,CONTAINER | FLAMMABLE | PLACE_ITEM | ORGANIC | BLOCKSDOOR | MOUNTABLE,
furniture,f_utility_shelf_string_warped,warped utility shelf,dda,dda,missing,,,,data/json/furniture_and_terrain/furniture-alien.json,PLACE_ITEM | BLOCKSDOOR | EASY_DECONSTRUCT | TRANSPARENT | SMALL_HIDE,
furniture,f_vitrified_birdbath,black glass birdbath,dda,dda,missing,,,,data/json/furniture_and_terrain/furniture_vitrified.json,PLACE_ITEM | BLOCKSDOOR | MINEABLE | LIQUIDCONT | TRANSPARENT,
furniture,f_vitrified_dishwasher,black glass dishwasher,dda,dda,missing,,,,data/json/furniture_and_terrain/furniture_vitrified.json,CONTAINER | PLACE_ITEM | BLOCKSDOOR | FLAT_SURF | MINEABLE | NO_SELF_CONNECT,
furniture,f_vitrified_fireplace,black glass fireplace,dda,dda,missing,,,,data/json/furniture_and_terrain/furniture_vitrified.json,TRANSPARENT | SHARP | PAINFUL,
furniture,f_vitrified_locker,black glass locker,dda,dda,missing,,,,data/json/furniture_and_terrain/furniture_vitrified.json,BLOCKSDOOR,
furniture,f_vitrified_mailbox,black glass mailbox,dda,dda,missing,,,,data/json/furniture_and_terrain/furniture_vitrified.json,TRANSPARENT | CONTAINER | PLACE_ITEM | MOUNTABLE,
furniture,f_vitrified_shower,black glass shower,dda,dda,missing,,,,data/json/furniture_and_terrain/furniture_vitrified.json,TRANSPARENT | CONTAINER | PLACE_ITEM | BLOCKSDOOR,
furniture,f_vitrified_water_heater,black glass water heater,dda,dda,missing,,,,data/json/furniture_and_terrain/furniture_vitrified.json,NOITEM,
furniture,f_demon_forge_forge_lord,demon forge,magiclysm,magiclysm,missing,,,,data/mods/Magiclysm/furniture_and_terrain/furniture.json,SEALED | CONTAINER | NOITEM | EASY_DECONSTRUCT,
furniture,f_magus_permanent_light,imperishable light,magiclysm,magiclysm,missing,,,,data/mods/Magiclysm/furniture_and_terrain/furniture_pure_magic.json,TRANSPARENT | PERMEABLE | TINY | THIN_OBSTACLE,
furniture,f_arvore_translocator_ground,forest floor,xedra_evolved,xedra_evolved,missing,,,t_forestfloor,data/mods/Xedra_Evolved/furniture_and_terrain/furniture-plants.json,TRANSLOCATOR | MOUNTABLE | TRANSPARENT | ALLOW_FIELD_EFFECT | EASY_DECONSTRUCT,
furniture,f_deathworm_track,Suspicious hole,xedra_evolved,xedra_evolved,missing,,,,data/mods/Xedra_Evolved/furniture_and_terrain/furniture.json,NOITEM | TRANSPARENT | PERMEABLE,
furniture,f_hunger_track,Partially devoured human leg,xedra_evolved,xedra_evolved,missing,,,,data/mods/Xedra_Evolved/furniture_and_terrain/furniture.json,NOITEM | TRANSPARENT | PERMEABLE,
furniture,f_ierde_lithic_gaol_fang,Rocky fang,xedra_evolved,xedra_evolved,missing,,,,data/mods/Xedra_Evolved/furniture_and_terrain/furniture.json,MINEABLE | NOITEM | TRANSPARENT | BLOCKSDOOR | PERMEABLE,
furniture,f_sevenoclock_track,Bloody footsteps,xedra_evolved,xedra_evolved,missing,,,,data/mods/Xedra_Evolved/furniture_and_terrain/furniture.json,NOITEM | TRANSPARENT | PERMEABLE,
furniture,f_shard_location,shard-filled brain chunk,xedra_evolved,xedra_evolved,missing,,,,data/mods/Xedra_Evolved/furniture_and_terrain/terrain_abyssal_hunger.json,NOCOLLIDE | NO_PICKUP_ON_EXAMINE | TRANSPARENT,
furniture,xedra_chronomancer_memorized_terrain,memorized location,xedra_evolved,xedra_evolved,missing,,,,data/mods/Xedra_Evolved/furniture_and_terrain/furniture.json,TRANSLOCATOR | MOUNTABLE | TRANSPARENT | ALLOW_FIELD_EFFECT | EASY_DECONSTRUCT | FREE_TO_EXAMINE,
item,hair_suit_off,hair suit (loose),bombastic_perks,bombastic_perks,missing,,,,data/mods/BombasticPerks/perkdata/hairsuit.json,INTEGRATED | UNBREAKABLE | NO_SALVAGE | PERSONAL | TRADER_AVOID | SOFT | ZERO_WEIGHT,
item,integrated_hand_closedfist,callused hands,bombastic_perks,bombastic_perks,missing,,,integrated_hand_openpalm,data/mods/BombasticPerks/perkdata/closedfist.json,INTEGRATED | UNBREAKABLE | PERSONAL | ZERO_WEIGHT,
item,integrated_hand_openpalm,callused hands,bombastic_perks,bombastic_perks,missing,,,,data/mods/BombasticPerks/perkdata/openpalm.json,INTEGRATED | UNBREAKABLE | PERSONAL | ZERO_WEIGHT,
item,integrated_hand_pinchedfingers,callused hands,bombastic_perks,bombastic_perks,missing,,,integrated_hand_openpalm,data/mods/BombasticPerks/perkdata/pinchedfingers.json,INTEGRATED | UNBREAKABLE | PERSONAL | ZERO_WEIGHT,
item,integrated_holdout_pocket,holdout pocket,bombastic_perks,bombastic_perks,missing,,,,data/mods/BombasticPerks/perkdata/holdout_pocket.json,INTEGRATED | UNBREAKABLE | PERSONAL | NO_SALVAGE,
item,integrated_kevlard_morbidlyobese,kevlard III,bombastic_perks,bombastic_perks,missing,,,,data/mods/BombasticPerks/perkdata/kevlard.json,INTEGRATED | ALLOWS_NATURAL_ATTACKS | UNBREAKABLE | PERSONAL | SOFT | ZERO_WEIGHT | TRADER_AVOID,
item,integrated_kevlard_obese,kevlard I,bombastic_perks,bombastic_perks,missing,,,,data/mods/BombasticPerks/perkdata/kevlard.json,INTEGRATED | ALLOWS_NATURAL_ATTACKS | UNBREAKABLE | PERSONAL | SOFT | ZERO_WEIGHT | TRADER_AVOID,
item,integrated_kevlard_veryobese,kevlard II,bombastic_perks,bombastic_perks,missing,,,,data/mods/BombasticPerks/perkdata/kevlard.json,INTEGRATED | ALLOWS_NATURAL_ATTACKS | UNBREAKABLE | PERSONAL | SOFT | ZERO_WEIGHT | TRADER_AVOID,
item,integrated_memory,Flawless memory,bombastic_perks,bombastic_perks,missing,,,,data/mods/BombasticPerks/perkdata/flawless_memory.json,INTEGRATED | UNBREAKABLE | PERSONAL | NO_REPAIR | CAMERA_PRO | ALLOWS_NATURAL_ATTACKS,
item,integrated_thick_skull,thick skull,bombastic_perks,bombastic_perks,missing,,,,data/mods/BombasticPerks/perkdata/thick_skull.json,INTEGRATED | UNBREAKABLE | PERSONAL | ZERO_WEIGHT | SOFT,
item,meat_hunk,homunculus,bombastic_perks,bombastic_perks,missing,,,,data/mods/BombasticPerks/perkdata/frankenstein.json,SINGLE_USE,
item,perk_safety_squint_integrated_goggles,the safety squint,bombastic_perks,bombastic_perks,missing,,,integrated_ierde_eyes,data/mods/BombasticPerks/perkdata/safety_squint.json,SUN_GLASSES | FLASH_PROTECTION | ZERO_WEIGHT | TRADER_AVOID | PERSONAL | INTEGRATED | SEMITANGIBLE | UNBREAKABLE | OVERSIZE,
item,10l_methanol_tank,10 L methanol fuel cartridge,dda,dda,missing,,,,data/json/items/magazine/methanol_fuelcell.json,NO_SALVAGE | NO_UNLOAD | NO_RELOAD | METHANOL_TANK,
item,123_steel_core,12.3 steel core,dda,dda,missing,,,,data/json/items/ammo.json,,
item,1911_22,.22 1911 pistol,dda,dda,missing,,,1911,data/json/items/gun/22.json,ALLOWS_BODY_BLOCK,
item,1l_aluminum,1L aluminum ingot,dda,dda,missing,,,,data/json/items/resources/metal.json,,
item,1l_brass,1L brass ingot,dda,dda,missing,,,,data/json/items/resources/metal.json,,
item,1l_bronze,1L bronze ingot,dda,dda,missing,,,,data/json/items/resources/metal.json,,
item,1l_copper,1L copper ingot,dda,dda,missing,,,,data/json/items/resources/metal.json,,
item,1l_lead,1 L lead ingot,dda,dda,missing,,,,data/json/items/resources/metal.json,,
item,1l_platinum,1 L platinum ingot,dda,dda,missing,,,,data/json/items/resources/metal.json,,
item,1l_silver,1 L silver ingot,dda,dda,missing,,,,data/json/items/resources/metal.json,,
item,1l_tin,1 L tin ingot,dda,dda,missing,,,,data/json/items/resources/metal.json,,
item,1l_zinc,1L zinc ingot,dda,dda,missing,,,,data/json/items/resources/metal.json,,
item,20shot_bird,20 gauge birdshot,dda,dda,missing,,,20shot_slug,data/json/items/ammo/20shot.json,IRREPLACEABLE_CONSUMABLE,
item,20shot_buck,20 gauge buckshot,dda,dda,missing,,,20shot_slug,data/json/items/ammo/20shot.json,IRREPLACEABLE_CONSUMABLE,
item,20shot_slug,20 gauge slug,dda,dda,missing,,,,data/json/items/ammo/20shot.json,IRREPLACEABLE_CONSUMABLE,
item,22_ar15mag_10,.22 10-round conversion magazine,dda,dda,missing,,,,data/json/items/magazine/22.json,MAG_COMPACT,
item,22_ar15mag_28,.22 28-round conversion magazine,dda,dda,missing,,,,data/json/items/magazine/22.json,,
item,273x44RG,66/27.3x278 Diyua multipurpose,dda,dda,missing,,,,data/json/items/ammo/exodii.json,IRREPLACEABLE_CONSUMABLE,
item,28l_methanol_tank,28 L methanol fuel cartridge,dda,dda,missing,,,,data/json/items/magazine/methanol_fuelcell.json,NO_SALVAGE | NO_UNLOAD | NO_RELOAD | METHANOL_TANK,
item,3006_steel_core,.30-06 steel core,dda,dda,missing,,,,data/json/items/ammo.json,,
item,3030,.30-30 Winchester SP,dda,dda,missing,,,,data/json/items/ammo/3030.json,IRREPLACEABLE_CONSUMABLE,
item,303_bthp,.303 British OTM,dda,dda,missing,,,303_fmjbt,data/json/items/ammo/303.json,IRREPLACEABLE_CONSUMABLE,
item,303_fmjbt,.303 British FMJ,dda,dda,missing,,,,data/json/items/ammo/303.json,IRREPLACEABLE_CONSUMABLE,
item,303_sp,.303 British JSP,dda,dda,missing,,,303_fmjbt,data/json/items/ammo/303.json,IRREPLACEABLE_CONSUMABLE,
item,30carbine,.30 Carbine FMJ,dda,dda,missing,,,,data/json/items/ammo/30carbine.json,IRREPLACEABLE_CONSUMABLE,
item,30carbine_jsp,.30 Carbine JSP,dda,dda,missing,,,30carbine,data/json/items/ammo/30carbine.json,IRREPLACEABLE_CONSUMABLE,
item,33naval_ball,3.3 naval FMJ,dda,dda,missing,,,,data/json/items/ammo/exodii.json,IRREPLACEABLE_CONSUMABLE,
item,410shot_bird,.410 birdshot,dda,dda,missing,,,410shot_slug,data/json/items/ammo/410shot.json,IRREPLACEABLE_CONSUMABLE,
item,410shot_slug,.410 slug,dda,dda,missing,,,,data/json/items/ammo/410shot.json,IRREPLACEABLE_CONSUMABLE,
item,432gal_drum_rubber,big collapsible drum,dda,dda,missing,,,,data/json/items/containers/military.json,,
item,450_ar15mag,.450 Bushmaster 4-round conversion magazine,dda,dda,missing,,,,data/json/items/magazine/450bushmaster.json,MAG_COMPACT,
item,450_ftx,.450 Bushmaster FTX,dda,dda,missing,,,,data/json/items/ammo/450bushmaster.json,IRREPLACEABLE_CONSUMABLE,
item,450_penetrator,.450 Bushmaster Xtreme Hunter,dda,dda,missing,,,450_ftx,data/json/items/ammo/450bushmaster.json,IRREPLACEABLE_CONSUMABLE,
item,458wm,.458 Winchester Magnum JSP,dda,dda,missing,,,,data/json/items/ammo/458wm.json,IRREPLACEABLE_CONSUMABLE,
item,45colt_cowboy,.45 Colt LFN cowboy,dda,dda,missing,,,,data/json/items/ammo/45colt.json,IRREPLACEABLE_CONSUMABLE,
item,460sw,.460 S&W Magnum FTX,dda,dda,missing,,,,data/json/items/ammo/460sw.json,IRREPLACEABLE_CONSUMABLE,
item,460sw_jhp,.460 S&W Magnum JHP,dda,dda,missing,,,,data/json/items/ammo/460sw.json,IRREPLACEABLE_CONSUMABLE,
item,50_steel_core,.50 BMG steel core,dda,dda,missing,,,,data/json/items/ammo.json,,
item,50ae_fmj,.50 AE FMJ,dda,dda,missing,,,,data/json/items/ammo/50ae.json,IRREPLACEABLE_CONSUMABLE,
item,50ae_jhp,.50 AE JHP,dda,dda,missing,,,50ae_fmj,data/json/items/ammo/50ae.json,IRREPLACEABLE_CONSUMABLE,
item,50beowulf_ar15mag,.50 Beowulf 10-round conversion magazine,dda,dda,missing,,,,data/json/items/magazine/50beowulf.json,MAG_COMPACT,
item,545_steel_core,5.45 steel core,dda,dda,missing,,,,data/json/items/ammo.json,,
item,55gal_drum_rubber,collapsible drum,dda,dda,missing,,,,data/json/items/containers/military.json,COLLAPSE_CONTENTS,
item,5l_methanol_tank,5 L methanol fuel cartridge,dda,dda,missing,,,,data/json/items/magazine/methanol_fuelcell.json,NO_SALVAGE | NO_UNLOAD | NO_RELOAD | METHANOL_TANK,
item,60l_methanol_tank,60 L methanol fuel cartridge,dda,dda,missing,,,,data/json/items/magazine/methanol_fuelcell.json,NO_SALVAGE | NO_UNLOAD | NO_RELOAD | METHANOL_TANK,
item,60mm_propellant,60 mm mortar propellant charge,dda,dda,missing,,,,data/json/items/tool/explosives.json,IRREPLACEABLE_CONSUMABLE,
item,60mm_shell_m720a1,high-explosive mortar shell,dda,dda,missing,,,,data/json/items/ammo/60mm.json,IRREPLACEABLE_CONSUMABLE,
item,60mm_shell_m768,high-explosive mortar shell,dda,dda,missing,,,60mm_shell_m720a1,data/json/items/ammo/60mm.json,IRREPLACEABLE_CONSUMABLE,
item,77mm_arisaka_jsp,7.7x58mm Arisaka JSP,dda,dda,missing,,,,data/json/items/ammo/77mm_arisaka.json,IRREPLACEABLE_CONSUMABLE,
item,9x18_steel_core,9x18 steel core,dda,dda,missing,,,,data/json/items/ammo.json,,
item,DEBUG_stabbing,stone of stabbing,dda,dda,missing,,,,data/json/artifact/premade_artifacts.json,,
item,HEW_printout_data,HEW printout,dda,dda,missing,,,,data/json/items/weather_reports.json,TRADER_AVOID,
item,HEW_printout_data_amigara,HEW printout 01ITO,dda,dda,missing,,,,data/json/items/weather_reports.json,TRADER_AVOID,
item,HEW_printout_data_barricaded_church,HEW printout ESFX,dda,dda,missing,,,,data/json/items/weather_reports.json,TRADER_AVOID,
item,HEW_printout_data_cabin_reverb,HEW printout CITW01,dda,dda,missing,,,,data/json/items/weather_reports.json,TRADER_AVOID,
item,HEW_printout_data_cabin_reverb_dimension,HEW printout CITW02,dda,dda,missing,,,,data/json/items/weather_reports.json,TRADER_AVOID,
item,HEW_printout_data_exodii,HEW printout IAE20,dda,dda,missing,,,,data/json/items/weather_reports.json,TRADER_AVOID,
item,HEW_printout_data_highlands,HEW printout TCOB1,dda,dda,missing,,,,data/json/items/weather_reports.json,TRADER_AVOID,
item,HEW_printout_data_inner_cabins_home_cabin,HEW printout CITW-BFγ,dda,dda,missing,,,,data/json/items/weather_reports.json,TRADER_AVOID,
item,HEW_printout_data_inner_cabins_open_field,HEW printout CITW-BFα,dda,dda,missing,,,,data/json/items/weather_reports.json,TRADER_AVOID,
item,HEW_printout_data_inner_cabins_warped_cabin,HEW printout CITW-BFβ,dda,dda,missing,,,,data/json/items/weather_reports.json,TRADER_AVOID,
item,HEW_printout_data_labyrinth,HEW printout DB86,dda,dda,missing,,,,data/json/items/weather_reports.json,TRADER_AVOID,
item,HEW_printout_data_lixa,HEW printout DP72063,dda,dda,missing,,,,data/json/items/weather_reports.json,TRADER_AVOID,
item,HEW_printout_data_monster_corpse,HEW printout LKG1,dda,dda,missing,,,,data/json/items/weather_reports.json,TRADER_AVOID,
item,HEW_printout_data_morgantown,HEW printout 01Z90,dda,dda,missing,,,,data/json/items/weather_reports.json,TRADER_AVOID,
item,HEW_printout_data_physics_lab,HEW printout 22BMBS,dda,dda,missing,,,,data/json/items/weather_reports.json,TRADER_AVOID,
item,HEW_printout_data_portal,HEW stable portal report,dda,dda,missing,,,,data/json/items/weather_reports.json,TRADER_AVOID,
item,HEW_printout_data_portal_storm,HEW unstable portal report,dda,dda,missing,,,,data/json/items/weather_reports.json,TRADER_AVOID,
item,HEW_printout_data_portal_storm_dungeon,HEW printout MROTS-S,dda,dda,missing,,,,data/json/items/weather_reports.json,TRADER_AVOID,
item,HEW_printout_data_radiosphere,HEW printout VKTRS,dda,dda,missing,,,,data/json/items/weather_reports.json,TRADER_AVOID,
item,HEW_printout_data_spiral_mine,HEW printout UJI98,dda,dda,missing,,,,data/json/items/weather_reports.json,TRADER_AVOID,
item,HEW_printout_data_strange_temple,HEW printout WKG1,dda,dda,missing,,,,data/json/items/weather_reports.json,TRADER_AVOID,
item,HEW_printout_data_string_dimension,HEW printout IHS,dda,dda,missing,,,,data/json/items/weather_reports.json,TRADER_AVOID,
item,HEW_printout_data_vitrified,HEW printout CC1044,dda,dda,missing,,,,data/json/items/weather_reports.json,TRADER_AVOID,
item,HEW_printout_data_void_spider_lair,HEW printout NLL8,dda,dda,missing,,,,data/json/items/weather_reports.json,TRADER_AVOID,
item,HEW_weather_data,HEW datasheet,dda,dda,missing,,,,data/json/items/weather_reports.json,TRADER_AVOID,
item,LIXA_spit_light,photonic gun,dda,mindovermatter,missing,,,LIXA_spit_light,data/mods/MindOverMatter/items/fake_guns.json,NEVER_JAMS | NO_TURRET,
item,LIXA_vector_volley,coordinate rotation volley,dda,mindovermatter,missing,,,LIXA_vector_volley,data/mods/MindOverMatter/items/fake_guns.json,NEVER_JAMS | NO_TURRET,
item,UPS_ON,UPS (on),dda,dda,missing,,,,data/json/items/tool/electronics.json,IS_UPS,
item,abaya,abaya,dda,dda,missing,,,,data/json/items/armor/coats.json,VARSIZE | OUTER,
item,abstract_hair_dye,hair dye,dda,dda,missing,,,,data/json/items/resources/chemicals.json,,
item,abstract_software,abstract software,dda,dda,missing,,,,data/json/items/software.json,ZERO_WEIGHT | NO_DROP | IRREMOVABLE | E_STORABLE_EXCLUSIVE,
item,abyss_teleport_orb,black glass orb,dda,dda,missing,,,,data/json/items/nether.json,SINGLE_USE,
item,acetylene_cooker,acetylene cooker,dda,dda,missing,,,,data/json/items/tool/cooking.json,FIRESTARTER,
item,acidchitin_armor_cow,biosilicified chitin cow armor,dda,dda,missing,,,,data/json/items/armor/pets_cow_armor.json,IS_PET_ARMOR,
item,agricola,Farmland,dda,dda,missing,,,,data/json/items/fluff.json,NO_REPAIR,
item,air_compressor_tool,air compressor,dda,dda,missing,,,,data/json/items/fake.json,ZERO_WEIGHT | TRADER_AVOID | DEBUG_ONLY | ALLOWS_REMOTE_USE | PSEUDO,
item,alien_meadow_bush_2_fruit,handful of alien berries,dda,dda,missing,,,,data/json/items/comestibles/alien.json,EDIBLE_FROZEN,
item,alien_meadow_tree_3_fruit,alien fruit,dda,dda,missing,,,,data/json/items/comestibles/alien.json,FREEZERBURN | INEDIBLE,
item,aluminum_bar_flat,aluminum flat bar stock,dda,dda,missing,,,,data/json/items/resources/metal.json,,
item,aluminum_bar_round,aluminum bar stock,dda,dda,missing,,,,data/json/items/resources/metal.json,,
item,aluminum_boat_hull,aluminum boat hull,dda,dda,missing,,,,data/json/items/vehicle/boat.json,,
item,amatriciana_pasta,amatriciana pasta,dda,dda,missing,,,,data/json/items/comestibles/junkfood.json,EDIBLE_FROZEN,
item,ambush,Ambuscade!,dda,dda,missing,,,,data/json/items/fluff.json,NO_REPAIR,
item,ammonia_machine_pipework,makeshift ammonia machine pipework,dda,dda,missing,,,,data/json/items/tool/science.json,ALLOWS_REMOTE_USE | WATER_BREAK | ELECTRONIC,
item,ammonia_machine_reactor,makeshift ammonia machine reactor,dda,dda,missing,,,,data/json/items/tool/science.json,ALLOWS_REMOTE_USE | WATER_BREAK | ELECTRONIC,
item,ammunition_tube_mortar,mortar container,dda,dda,missing,,,,data/json/items/containers/military.json,,
item,angel_halo_headband,angel halo,dda,dda,missing,,,,data/json/items/armor/jewelry.json,NO_WEAR_EFFECT,
item,antihistamine,antihistamine pill,dda,dda,missing,,,,data/json/items/comestibles/med.json,IRREPLACEABLE_CONSUMABLE | NO_TEMP,
item,anvil_crude,small anvil,dda,dda,missing,,,,data/json/items/tool/metalworking.json,DURABLE_MELEE,
item,anvil_heavy,heavy anvil,dda,dda,missing,,,,data/json/items/tool/metalworking.json,DURABLE_MELEE,
item,anvil_scavenged,scavenger's anvil,dda,dda,missing,,,,data/json/items/tool/metalworking.json,DURABLE_MELEE,
item,anvil_stump,makeshift stump anvil,dda,dda,missing,,,,data/json/items/tool/metalworking.json,DURABLE_MELEE,
item,aquarium_large,100 gallon aquarium,dda,dda,missing,,,aquarium_medium,data/json/items/containers/containers.json,,
item,aquarium_large_drying,100 gallon aquarium (drying) (obsolete),dda,dda,missing,,,aquarium_medium,data/json/obsoletion_and_migration_0.J/containers.json,,
item,aquarium_large_drying_active,100 gallon aquarium (drying),dda,dda,missing,,,aquarium_medium,data/json/items/containers/containers.json,SPAWN_ACTIVE,
item,aquarium_medium,50 gallon aquarium,dda,dda,missing,,,,data/json/items/containers/containers.json,,
item,aquarium_medium_drying,50 gallon aquarium (drying) (obsolete),dda,dda,missing,,,,data/json/obsoletion_and_migration_0.J/containers.json,,
item,aquarium_medium_drying_active,50 gallon aquarium (drying),dda,dda,missing,,,,data/json/items/containers/containers.json,SPAWN_ACTIVE,
item,aquarium_small,30 gallon aquarium,dda,dda,missing,,,aquarium_medium,data/json/items/containers/containers.json,,
item,aquarium_small_drying,30 gallon aquarium (drying) (obsolete),dda,dda,missing,,,aquarium_medium,data/json/obsoletion_and_migration_0.J/containers.json,,
item,aquarium_small_drying_active,30 gallon aquarium (drying),dda,dda,missing,,,aquarium_medium,data/json/items/containers/containers.json,SPAWN_ACTIVE,
item,arbor_press,arbor press,dda,dda,missing,,,,data/json/items/tool/handloading.json,,
item,arisaka_bayonet,Type 30 bayonet,dda,dda,missing,,,,data/json/items/melee/swords_and_blades.json,DURABLE_MELEE | SHEATH_SWORD,
item,arisaka_monopod,"wire monopod, collapsed",dda,dda,missing,,,,data/json/items/gunmod/underbarrel.json,,
item,arisaka_monopod_deployed,"wire monopod, deployed",dda,dda,missing,,,arisaka_monopod,data/json/items/gunmod/underbarrel.json,BIPOD | SLOW_WIELD,
item,arm_zed,tainted limb,dda,dda,missing,,,,data/json/items/comestibles/carnivore.json,TRADER_AVOID | NUTRIENT_OVERRIDE | NO_REPAIR,
item,armguard_metal_sheets_shoulders,mild steel sheet metal pauldrons (pair),dda,dda,missing,,,,data/json/items/armor/arms_armor.json,OUTER | WATER_FRIENDLY,
item,armor_bio_eyes,protective lenses,dda,dda,missing,,,,data/json/items/armor/integrated.json,INTEGRATED | UNBREAKABLE | SKINTIGHT | SOFT | WATER_FRIENDLY | SUN_GLASSES | NO_REPAIR | SWIM_GOGGLES | NO_SALVAGE,
item,armor_cardboard_cuirass,cardboard cuirass,dda,dda,missing,,,hoodie_brown,data/json/items/armor/cardboard.json,WATER_DISSOLVE | FRAGILE_MELEE | VARSIZE | OUTER | HARD,
item,armor_star_samurai_helmet_destroyed,destroyed ryūsei kabuto,dda,dda,missing,,,,data/json/items/resources/misc.json,,
item,armor_star_samurai_mask,filtering menpo,dda,dda,missing,,,,data/json/items/armor/exotic.json,SLEEP_IGNORE | MUNDANE,
item,arrowrest_wood,wooden arrow rest,dda,dda,missing,,,,data/json/items/gunmod/accessories.json,,
item,art_club,ancient club,dda,xedra_evolved,missing,,,art_club,data/mods/Xedra_Evolved/items/weapon_copy_extensions.json,WOODEN_WEAPON,
item,art_dagger,ancient athame,dda,dda,missing,,,,data/json/artifact/artifact_item_types.json,SHEATH_KNIFE | TRADER_AVOID,
item,art_harp,ancient harp,dda,dda,missing,,,,data/json/artifact/artifact_item_types.json,FRAGILE_MELEE | BELTED | SLEEP_IGNORE,
item,art_spear,ancient spear,dda,xedra_evolved,missing,,,art_spear,data/mods/Xedra_Evolved/items/weapon_copy_extensions.json,DURABLE_MELEE | SPEAR | REACH_ATTACK | NONCONDUCTIVE | SHEATH_SPEAR | WOODEN_WEAPON,
item,art_staff,ancient staff,dda,xedra_evolved,missing,,,art_staff,data/mods/Xedra_Evolved/items/weapon_copy_extensions.json,NONCONDUCTIVE | SHEATH_SPEAR | ALWAYS_TWOHAND | DURABLE_MELEE | WOODEN_WEAPON,
item,artichoke_heart,artichoke heart,dda,dda,missing,,,raw_artichoke,data/json/items/comestibles/raw_veggy.json,RAW,
item,artifact_energy_shield,distorted air,dda,dda,missing,,,,data/json/items/armor/cloaks.json,AURA | ENERGY_SHIELD | OVERSIZE | TRADER_AVOID | NO_TAKEOFF | NONCONDUCTIVE | ALLOWS_NATURAL_ATTACKS | ALLOWS_WING_ARMS | ALLOWS_WINGS,
item,ayran,ayran,dda,dda,missing,,,,data/json/items/comestibles/drink.json,EATEN_COLD,
item,aztec_spear_glass,glass bladed tepoztopili,dda,dda,missing,,,,data/json/items/melee/spears_and_polearms.json,NONCONDUCTIVE | FRAGILE_MELEE | REACH_ATTACK | POLEARM | SHEATH_SPEAR,
item,aztec_spear_scrap,makeshift tepoztopili,dda,dda,missing,,,,data/json/items/melee/spears_and_polearms.json,NONCONDUCTIVE | FRAGILE_MELEE | REACH_ATTACK | POLEARM | SHEATH_SPEAR,
item,aztec_spear_stone,stone bladed tepoztopili,dda,dda,missing,,,,data/json/items/melee/spears_and_polearms.json,NONCONDUCTIVE | FRAGILE_MELEE | REACH_ATTACK | POLEARM | SHEATH_SPEAR,
item,aztec_sword_scrap,makeshift macuahuitl,dda,dda,missing,,,,data/json/items/melee/bludgeons.json,NONCONDUCTIVE | FRAGILE_MELEE,
item,aztec_sword_stone,stone lined macuahuitl,dda,dda,missing,,,,data/json/items/melee/bludgeons.json,NONCONDUCTIVE | FRAGILE_MELEE,
item,backgammon,backgammon set,dda,dda,missing,,,,data/json/items/fluff.json,NO_REPAIR,
item,badge_cardboard,cardboard badge,dda,dda,missing,,,,data/json/items/armor/cardboard.json,WATER_DISSOLVE | FRAGILE_MELEE | NO_WEAR_EFFECT | FRAGILE,
item,badge_fbi,FBI badge,dda,dda,missing,,,,data/json/items/armor/jewelry.json,ALLOWS_NATURAL_ATTACKS | BELTED | OVERSIZE | WATER_FRIENDLY,
item,baklava,baklava,dda,dda,missing,,,,data/json/items/comestibles/baked.json,,
item,ballast,ballast organs,dda,dda,missing,,,,data/json/items/generic.json,NO_SALVAGE,
item,ballista,carroballista,dda,dda,missing,,,,data/json/items/ranged/ballista.json,PRIMITIVE_RANGED_WEAPON | RELOAD_ONE | MOUNTED_GUN | DURABLE_MELEE,
item,ballistic_mandible_guard,ballistic mandible guard,dda,dda,missing,,,,data/json/items/armor/head_attachments.json,HELMET_MANDIBLE_GUARD | CANT_WEAR,
item,balthazar_radio,modified radio,dda,dda,missing,,,,data/json/items/tool/radio_tools.json,WATER_BREAK | ELECTRONIC,
item,bamboo_fried,fried bamboo shoots,dda,dda,missing,,,,data/json/items/comestibles/veggy_dishes.json,EATEN_HOT | FREEZERBURN,
item,bandsaw_tool,band saw,dda,dda,missing,,,,data/json/items/fake.json,ZERO_WEIGHT | TRADER_AVOID | DEBUG_ONLY | ALLOWS_REMOTE_USE | PSEUDO,
item,barley_stalks,barley stalks,dda,dda,missing,,,wheat_stalks,data/json/items/comestibles/raw_grain.json,FRESH_GRAIN | INEDIBLE | CATTLE,
item,bars,balanced recoil system,dda,dda,missing,,,,data/json/items/gunmod/mechanism.json,IRREMOVABLE,
item,bat_anklet,bat charm anklet,dda,dda,missing,,,,data/json/items/armor/jewelry.json,NO_WEAR_EFFECT | BELTED | OVERSIZE,
item,battery_bionic,bionic power conversion mod,dda,dda,missing,,,,data/json/items/toolmod.json,USES_BIONIC_POWER | NO_UNLOAD | NO_RELOAD,
item,beanbag,bean bag,dda,dda,missing,,,,data/json/items/furniture/seating.json,NO_SALVAGE,
item,belt_grinder,belt grinder,dda,dda,missing,,,pedal_grindstone,data/json/items/tool/metalworking.json,ALLOWS_REMOTE_USE | WATER_BREAK,
item,bench_vise,bench vise,dda,dda,missing,,,,data/json/items/tool/workshop.json,,
item,big_brass_catcher,big brass catcher,dda,dda,missing,,,,data/json/items/gunmod/brass_catcher.json,BRASS_CATCHER,
item,bio_faulty_electromagnetic_leak,Electromagnetic Leak CBM,dda,dda,missing,,,,data/json/items/bionics.json,CBM | FRAGILE_MELEE,
item,bio_faulty_grossfood,Taste Fouler CBM,dda,dda,missing,,,,data/json/items/bionics.json,CBM | FRAGILE_MELEE,
item,bio_nl_hair,Artificial Hair CBM,dda,dda,missing,,,,data/json/items/bionics.json,CBM | FRAGILE_MELEE,
item,bio_pitch_perfect,Throwing Assist CBM,dda,xedra_evolved,missing,,,bio_pitch_perfect,data/mods/Xedra_Evolved/items/bionics_mainline_override.json,CBM | FRAGILE_MELEE,
item,bio_radleak,Radioactive Leak CBM,dda,dda,missing,,,,data/json/items/bionics.json,CBM | FRAGILE_MELEE,
item,bio_robofac_xmarm,Hub 01 XM-ARM Interface,dda,dda,missing,,,,data/json/items/bionics.json,CBM | FRAGILE_MELEE | BIONIC_NPC_USABLE,
item,bio_robofac_xmback,Hub 01 XM-BACK Interface,dda,dda,missing,,,,data/json/items/bionics.json,CBM | FRAGILE_MELEE | BIONIC_NPC_USABLE,
item,bio_robofac_xmleg,Hub 01 XM-LEG Interface,dda,dda,missing,,,,data/json/items/bionics.json,CBM | FRAGILE_MELEE | BIONIC_NPC_USABLE,
item,bio_robofac_xmlens,Hub 01 XM-LENS Interface,dda,dda,missing,,,,data/json/items/bionics.json,CBM | FRAGILE_MELEE | BIONIC_NPC_USABLE,
item,bipod_handguard,bipod hand guard,dda,dda,missing,,,,data/json/items/gunmod/underbarrel.json,,
item,bipod_handguard_deployed,bipod hand guard (deployed),dda,dda,missing,,,bipod_handguard,data/json/items/gunmod/underbarrel.json,BIPOD | SLOW_WIELD,
item,bladderwrack,bladderwrack,dda,dda,missing,,,,data/json/items/comestibles/raw_veggy.json,FREEZERBURN | CATTLE | RABBIT,
item,bolt_ballista_steel,ballista bolt,dda,dda,missing,,,,data/json/items/ranged/ballista.json,NONCONDUCTIVE,
item,bone_dart_launcher,bone dart launching organ,dda,dda,missing,,,,data/json/monster_special_attacks/monster_gun.json,PRIMITIVE_RANGED_WEAPON | PSEUDO | NEVER_JAMS | NONCONDUCTIVE | NO_REPAIR | WATERPROOF_GUN | NO_SALVAGE | NO_UNLOAD | RELOAD_AND_SHOOT,
item,bone_fossil,bone fossil,dda,dda,missing,,,,data/json/items/resources/stone.json,,
item,bone_mi-go,mi-go bone,dda,dda,missing,,,,data/json/items/comestibles/carnivore.json,,
item,bone_plaster,bone replica,dda,dda,missing,,,,data/json/items/resources/stone.json,,
item,boomer_bile,boomer bile,dda,dda,missing,,,,data/json/monster_special_attacks/monster_ammo.json,,
item,boomer_bile_adv,advanced boomer bile,dda,dda,missing,,,,data/json/monster_special_attacks/monster_ammo.json,,
item,boomer_head,boomer head,dda,dda,missing,,,,data/json/monster_special_attacks/monster_gun.json,NEVER_JAMS | NON_FOULING | NO_TURRET,
item,bostonchan_wig,Boston-Chan wig,dda,dda,missing,,,,data/json/items/armor/misc.json,VARSIZE,
item,bot_golden_monolith,inactive golden monolith,dda,dda,missing,,,,data/json/items/corpses/inactive_bots.json,TRADER_AVOID | NO_REPAIR | SINGLE_USE,
item,bot_lab_security_drone_BM,inactive security drone,dda,dda,missing,,,,data/json/items/corpses/inactive_bots.json,SINGLE_USE,
item,bot_lab_security_drone_BM2,inactive security drone,dda,dda,missing,,,,data/json/items/corpses/inactive_bots.json,SINGLE_USE,
item,bot_lab_security_drone_BS,inactive security drone,dda,dda,missing,,,,data/json/items/corpses/inactive_bots.json,SINGLE_USE,
item,bot_lab_security_drone_GM,inactive security drone,dda,dda,missing,,,,data/json/items/corpses/inactive_bots.json,SINGLE_USE,
item,bot_lab_security_drone_GR,inactive security drone,dda,dda,missing,,,,data/json/items/corpses/inactive_bots.json,SINGLE_USE,
item,bot_lab_security_drone_YM,inactive security drone,dda,dda,missing,,,,data/json/items/corpses/inactive_bots.json,SINGLE_USE,
item,bot_nl_surgicalbot,inactive surgical bonebot,dda,dda,missing,,,,data/json/items/netherum/labyrinth_robots.json,SINGLE_USE,
item,bot_secubot_liberty,inactive TALON UGV Liberty Edition,dda,dda,missing,,,,data/json/items/corpses/inactive_bots.json,SINGLE_USE,
item,bot_yrax_delta,inactive delta,dda,dda,missing,,,,data/json/items/corpses/inactive_bots.json,TRADER_AVOID | NO_REPAIR | ALLOWS_BODY_BLOCK | SHEATH_KNIFE | SINGLE_USE,
item,bot_yrax_triakis,inactive triakis,dda,dda,missing,,,,data/json/items/corpses/inactive_bots.json,TRADER_AVOID | NO_REPAIR | SINGLE_USE,
item,bot_yrax_trifacet,inactive trifacet,dda,dda,missing,,,,data/json/items/corpses/inactive_bots.json,SINGLE_USE,
item,bouquet,withered bouquet,dda,dda,missing,,,,data/json/items/generic.json,,
item,bp_270win_fmj,".270 Winchester FMJ, black powder",dda,dda,missing,,,reloaded_270win_fmj,data/json/items/ammo/270win.json,,
item,bp_303fmj,".303 British FMJ, black powder",dda,dda,missing,,,303_fmjbt,data/json/items/ammo/303.json,,
item,bp_303sp,".303 British JSP, black powder",dda,dda,missing,,,303_sp,data/json/items/ammo/303.json,,
item,bp_30carbine,".30 Carbine FMJ, black powder",dda,dda,missing,,,30carbine,data/json/items/ammo/30carbine.json,,
item,bp_30carbine_jsp,".30 Carbine JSP, black powder",dda,dda,missing,,,30carbine_jsp,data/json/items/ammo/30carbine.json,,
item,bp_410shot_bird,".410 birdshot, black powder",dda,dda,missing,,,reloaded_410shot_bird,data/json/items/ammo/410shot.json,,
item,bp_410shot_slug,".410 slug, black powder",dda,dda,missing,,,reloaded_410shot_slug,data/json/items/ammo/410shot.json,,
item,bp_450_ftx,".450 Bushmaster FTX, black powder",dda,dda,missing,,,450_ftx,data/json/items/ammo/450bushmaster.json,,
item,bp_450_penetrator,".450 Bushmaster Xtreme Hunter, black powder",dda,dda,missing,,,450_penetrator,data/json/items/ammo/450bushmaster.json,,
item,bp_458wm,".458 Winchester Magnum JSP, black powder",dda,dda,missing,,,458wm,data/json/items/ammo/458wm.json,,
item,bp_45colt_cowboy,".45 Colt LFN, black powder",dda,dda,missing,,,45colt_cowboy,data/json/items/ammo/45colt.json,,
item,bp_45colt_fmj,".45 Colt FMJ, black powder",dda,dda,missing,,,,data/json/items/ammo/45colt.json,,
item,bp_50ae_fmj,".50 AE FMJ, black powder",dda,dda,missing,,,50ae_fmj,data/json/items/ammo/50ae.json,,
item,bp_77mm_arisaka_jsp,"7.7x58mm Arisaka JSP, black powder",dda,dda,missing,,,77mm_arisaka_jsp,data/json/items/ammo/77mm_arisaka.json,,
item,brew_soy_sauce,unfermented soy sauce,dda,dda,missing,,,,data/json/items/comestibles/brewing.json,TRADER_AVOID | NUTRIENT_OVERRIDE,
item,brick_oven_pseudo,brick oven,dda,dda,missing,,,,data/json/items/tool/pseudo.json,ZERO_WEIGHT | TRADER_AVOID | DEBUG_ONLY,
item,broken_flailer_radiosphere,torn flailer,dda,dda,missing,,,,data/json/items/corpses/nether.json,TRADER_AVOID,
item,broken_nl_surgicalbot_1_1,broken surgical bonebot,dda,dda,missing,,,,data/json/items/netherum/labyrinth_robots.json,TRADER_AVOID | NO_REPAIR,
item,broken_nl_surgicalbot_assist,broken surgical bonebot,dda,dda,missing,,,broken_nl_surgicalbot_1_1,data/json/items/netherum/labyrinth_robots.json,TRADER_AVOID | NO_REPAIR,
item,broken_robofac_hound,broken Hub 01 HOUND,dda,dda,missing,,,,data/json/items/generic.json,TRADER_AVOID | NO_REPAIR,
item,broken_robofac_skittergun,broken exterminatron,dda,dda,missing,,,,data/json/items/generic.json,TRADER_AVOID | NO_REPAIR,
item,broken_stiltwalker_1_1,broken stiltwalker,dda,dda,missing,,,,data/json/items/netherum/labyrinth_monster_items.json,TRADER_AVOID | NO_REPAIR,
item,broken_yrax_delta,inert delta,dda,dda,missing,,,,data/json/items/corpses/dead_yrax.json,TRADER_AVOID | NO_REPAIR | ALLOWS_BODY_BLOCK | SHEATH_KNIFE,
item,broken_yrax_quadraphract,inert quadraphract,dda,dda,missing,,,,data/json/items/corpses/dead_yrax.json,TRADER_AVOID | NO_REPAIR,
item,broken_yrax_quadraphract_leg,inert quadraphract leg,dda,dda,missing,,,,data/json/items/corpses/dead_yrax.json,TRADER_AVOID | NO_REPAIR,
item,broken_yrax_triakis,triakis remains,dda,dda,missing,,,,data/json/items/corpses/dead_yrax.json,TRADER_AVOID | NO_REPAIR,
item,bronze_armor_cow,bronze cow armor,dda,dda,missing,,,,data/json/items/armor/pets_cow_armor.json,IS_PET_ARMOR,
item,bronze_armor_horse,bronze horse armor,dda,dda,missing,,,,data/json/items/armor/pets_horse_armor.json,IS_PET_ARMOR,
item,browning_citori_20,"double-barreled shotgun, 20 gauge",dda,dda,missing,,,,data/json/items/gun/20shot.json,RELOAD_ONE | NO_TURRET | EASY_CLEAN,
item,brussels_sprout_stalk,brussels sprout stalk,dda,dda,missing,,,,data/json/items/comestibles/raw_veggy.json,RAW | CATTLE | RABBIT | RAT | MOUSE | FREEZERBURN,
item,bucket_wood,wooden bucket,dda,dda,missing,,,,data/json/items/containers/containers.json,,
item,buckwheat_stalks,buckwheat stalks,dda,dda,missing,,,,data/json/items/comestibles/raw_grain.json,FRESH_GRAIN | INEDIBLE | CATTLE,
item,bulk_liquid_tank,disconnected bulk liquid tank,dda,dda,missing,,,f_storage_tank,data/json/items/appliances.json,COLLAPSE_CONTENTS,
item,bunny_ears_black,black bunny ears (pair),dda,dda,missing,,,,data/json/items/armor/jewelry.json,NO_WEAR_EFFECT,
item,buttercream,buttercream icing,dda,dda,missing,,,,data/json/items/comestibles/junkfood.json,EDIBLE_FROZEN,
item,butternut,butternuts,dda,dda,missing,,,,data/json/items/chemicals_and_resources.json,,
item,butternut_husk,butternut husks,dda,dda,missing,,,,data/json/items/chemicals_and_resources.json,,
item,c4_payload,C-4 payload,dda,dda,missing,,,,data/json/items/tool/misc.json,TRADER_AVOID | BOMB | GRENADE | ZERO_WEIGHT,
item,calming_stone,calming anomaly,dda,dda,missing,,,escape_stone,data/json/items/nether.json,SINGLE_USE,
item,caltrops_teeth,loose teeth caltrops,dda,dda,missing,,,,data/json/items/tool/traps.json,SINGLE_USE | PUNCTURE_VEHICLE_WHEELS,
item,camp_meal_large,prepared meal (large),dda,dda,missing,,,camp_meal_small,data/json/items/comestibles/other.json,DEBUG_ONLY,
item,camp_meal_medium,prepared meal (medium),dda,dda,missing,,,camp_meal_small,data/json/items/comestibles/other.json,DEBUG_ONLY,
item,camp_meal_small,prepared meal (small),dda,dda,missing,,,,data/json/items/comestibles/other.json,DEBUG_ONLY,
item,camphine,camphine,dda,dda,missing,,,,data/json/items/fuel.json,,
item,canola_stalks,canola stalks,dda,dda,missing,,,wheat_stalks,data/json/items/comestibles/raw_grain.json,FRESH_GRAIN | INEDIBLE | CATTLE,
item,catalytic_cracking_reactor,disassembled catalytic cracking reactor,dda,dda,missing,,,f_catalytic_cracking_reactor,data/json/items/tool/science.json,,
item,catalytic_cracking_reactor_tool,catalytic cracking reactor,dda,dda,missing,,,,data/json/items/fake.json,ZERO_WEIGHT | TRADER_AVOID | DEBUG_ONLY | ALLOWS_REMOTE_USE | PSEUDO,
item,catfood_raw,raw cat food,dda,dda,missing,,,,data/json/items/comestibles/other.json,FELINE,
item,cauliflower,cauliflower,dda,dda,missing,,,,data/json/items/comestibles/raw_veggy.json,FREEZERBURN | CATTLE | RABBIT | RAT | MOUSE,
item,cauliflower_head,cauliflower head,dda,dda,missing,,,,data/json/items/comestibles/raw_veggy.json,FREEZERBURN | CATTLE | RABBIT | RAT | MOUSE,
item,caviar_egg_sandwich,caviar and egg sandwich,dda,dda,missing,,,,data/json/items/comestibles/egg.json,,
item,ch_armguard_metal_sheets_shoulders,hardened sheet metal pauldrons (pair),dda,dda,missing,,,armguard_metal_sheets_shoulders,data/json/items/armor/arms_armor.json,OUTER | WATER_FRIENDLY | STURDY,
item,ch_aztec_spear,hardened steel bladed tepoztopili,dda,dda,missing,,,lc_aztec_spear,data/json/items/melee/spears_and_polearms.json,NONCONDUCTIVE | DURABLE_MELEE | REACH_ATTACK | POLEARM | SHEATH_SPEAR | SPEAR,
item,ch_aztec_sword,hardened steel bladed macuahuitl,dda,dda,missing,,,lc_aztec_sword,data/json/items/melee/bludgeons.json,NONCONDUCTIVE | DURABLE_MELEE,
item,ch_brigandine_hands,hardened brigandine gloves (pair),dda,dda,missing,,,lc_brigandine_hands,data/json/items/armor/brigandine.json,STURDY | OUTER | VARSIZE,
item,ch_brigandine_hands_xs,hardened brigandine gloves (pair),dda,dda,missing,,,ch_brigandine_hands,data/json/items/armor/brigandine.json,STURDY | OUTER | VARSIZE | UNDERSIZE | PREFIX_XS,
item,ch_chainmail_aventail,hardened steel chainmail aventail,dda,dda,missing,,,lc_chainmail_aventail,data/json/items/armor/head_attachments.json,VARSIZE | STURDY | HELMET_AVENTAIL | CANT_WEAR,
item,ch_chainmail_face,hardened steel chainmail partial aventail,dda,dda,missing,,,lc_chainmail_face,data/json/items/armor/head_attachments.json,VARSIZE | STURDY | HELMET_AVENTAIL | CANT_WEAR,
item,ch_chestguard_metal_sheets_light,hardened light sheet metal chest guard,dda,dda,missing,,,chestguard_metal_sheets_light,data/json/items/armor/torso_armor.json,OUTER | WATER_FRIENDLY | STURDY,
item,ch_esbi_plate,hard ESBI plate,dda,dda,missing,,,scrap_esbi_plate,data/json/items/armor/ballistic_armor.json,ABLATIVE_MEDIUM | CANT_WEAR | STURDY | NO_SALVAGE,
item,ch_legguard_metal_sheets_hip,hardened sheet metal skirt,dda,dda,missing,,,legguard_metal_sheets_hip,data/json/items/armor/legs_armor.json,OUTER | WATER_FRIENDLY | ALLOWS_TAIL | STURDY,
item,ch_shoulder_guards,hardened shoulder guards (pair),dda,dda,missing,,,lc_shoulder_guards,data/json/items/armor/brigandine.json,,
item,ch_shoulder_guards_xs,hardened shoulder guards (pair),dda,dda,missing,,,ch_shoulder_guards,data/json/items/armor/brigandine.json,PREFIX_XS,
item,ch_steel_facemask,hardened steel armored face mask,dda,dda,missing,,,lc_steel_facemask,data/json/items/armor/head_attachments.json,VARSIZE | STURDY | HELMET_AVENTAIL | CANT_WEAR,
item,chaff,chaff,dda,dda,missing,,,,data/json/items/comestibles/raw_grain.json,INEDIBLE | CATTLE | BIRD,
item,chainmail_armor_cow,chainmail cow armor,dda,dda,missing,,,,data/json/items/armor/pets_cow_armor.json,IS_PET_ARMOR,
item,chainmail_junk_feet,chainmail chausses (pair),dda,dda,missing,,,,data/json/items/armor/boots.json,VARSIZE | STURDY | OUTER,
item,chainmail_junk_hands,chainmail gloves (pair),dda,dda,missing,,,,data/json/items/armor/gloves.json,VARSIZE | STURDY | OUTER,
item,chair_folding,folding chair,dda,dda,missing,,,,data/json/items/tool/deployable.json,FRAGILE_MELEE,
item,chaturanga,chaturanga chess set,dda,dda,missing,,,,data/json/items/fluff.json,NO_REPAIR,
item,cheese_grits,cheese grits,dda,dda,missing,,,,data/json/items/comestibles/wheat.json,EATEN_HOT | NUTRIENT_OVERRIDE,
item,cheese_rehydrated,rehydrated cheese,dda,dda,missing,,,,data/json/items/comestibles/dairy.json,,
item,cheesy_spinach_casserole,piece of cheesy spinach casserole,dda,dda,missing,,,,data/json/items/comestibles/casseroles.json,EATEN_HOT,
item,chem_antimony_trichloride,antimony trichloride powder,dda,dda,missing,,,,data/json/items/chemicals_and_resources.json,,
item,chem_calcium_chloride,calcium chloride,dda,dda,missing,,,,data/json/items/resources/chemicals.json,,
item,chem_ferric_chloride,ferric chloride powder,dda,dda,missing,,,,data/json/items/chemicals_and_resources.json,,
item,chem_lead_azide,lead azide,dda,dda,missing,,,,data/json/items/resources/chemicals.json,,
item,chem_mercury_fulminate,mercury fulminate,dda,dda,missing,,,,data/json/items/resources/chemicals.json,,
item,chem_nickel_powder,nickel powder,dda,dda,missing,,,,data/json/items/chemicals_and_resources.json,,
item,chem_potassium,potassium,dda,dda,missing,,,,data/json/items/resources/chemicals.json,,
item,chem_slaked_lime,slaked lime powder,dda,dda,missing,,,,data/json/items/chemicals_and_resources.json,,
item,chem_sodium,sodium,dda,dda,missing,,,,data/json/items/resources/chemicals.json,,
item,chestguard_metal_sheets_light,light sheet metal chest guard,dda,dda,missing,,,chestguard_metal,data/json/items/armor/torso_armor.json,OUTER | WATER_FRIENDLY,
item,chicken_fried_buttermilk,buttermilk fried chicken,dda,dda,missing,,,,data/json/items/comestibles/meat_dishes.json,,
item,chicken_parm,chicken parmesan,dda,dda,missing,,,,data/json/items/comestibles/meat_dishes.json,EATEN_HOT,
item,chicken_rice_hianese,Hinanese chicken rice,dda,dda,missing,,,,data/json/items/comestibles/meat_dishes.json,EATEN_HOT,
item,chicken_sandwich,chicken sandwich,dda,dda,missing,,,,data/json/items/comestibles/sandwich.json,EATEN_HOT,
item,chicken_tandoori,tandoori chicken,dda,dda,missing,,,,data/json/items/comestibles/meat_dishes.json,EATEN_HOT | ALLERGEN_MILK,
item,chinese_checkers,Chinese checkers set,dda,dda,missing,,,,data/json/items/fluff.json,NO_REPAIR,
item,chitin_armor_cow,chitin cow armor,dda,dda,missing,,,,data/json/items/armor/pets_cow_armor.json,IS_PET_ARMOR,
item,chunk_cast_iron,cast iron chunk,dda,dda,missing,,,,data/json/items/resources/metal.json,,
item,clinch_block,clinch block,dda,dda,missing,,,,data/json/items/farrier.json,,
item,clinch_cutter,clinch cutter,dda,dda,missing,,,,data/json/items/farrier.json,BELT_CLIP,
item,clinch_pliers,pair of clinchers,dda,dda,missing,,,,data/json/items/farrier.json,BELT_CLIP,
item,club_wooden,wooden club,dda,xedra_evolved,missing,,,club_wooden,data/mods/Xedra_Evolved/items/weapon_copy_extensions.json,WOODEN_WEAPON,
item,club_wooden_bolted,wooden club with bolts,dda,dda,missing,,,club_wooden,data/json/items/melee/bludgeons.json,,
item,club_wooden_large,large wooden club,dda,xedra_evolved,missing,,,club_wooden_large,data/mods/Xedra_Evolved/items/weapon_copy_extensions.json,WOODEN_WEAPON,
item,club_wooden_large_bolted,large wooden club with bolts,dda,dda,missing,,,club_wooden_large,data/json/items/melee/bludgeons.json,,
item,club_wooden_large_nails,large wooden club with nails,dda,dda,missing,,,club_wooden_large,data/json/items/melee/bludgeons.json,FRAGILE_MELEE,
item,club_wooden_nails,wooden club with nails,dda,dda,missing,,,club_wooden,data/json/items/melee/bludgeons.json,FRAGILE_MELEE,
item,coconut_flesh,handful of coconut flesh,dda,dda,missing,,,,data/json/items/comestibles/raw_fruit.json,,
item,coin_gold,American Buffalo coin,dda,dda,missing,,,,data/json/items/generic/currency.json,COIN_SHAPED,
item,coin_highlands,silver obol,dda,dda,missing,,,coin_silver,data/json/items/relics/highland_artifacts.json,MUNDANE,
item,coin_silver,Silver Eagle coin,dda,dda,missing,,,,data/json/items/generic/currency.json,COIN_SHAPED,
item,coin_wrapper,coin wrapper,dda,dda,missing,,,,data/json/items/generic/currency.json,,
item,collar_playboy,collar with bowtie,dda,dda,missing,,,,data/json/items/armor/jewelry.json,NO_WEAR_EFFECT,
item,combat_exoskeleton_armor_arm_heavy,heavy combat exoskeleton arm armor,dda,dda,missing,,,,data/json/items/armor/combat_exoskeleton_armor.json,EXO_ARM_PLATE | STURDY | CANT_WEAR,
item,combat_exoskeleton_armor_arm_heavy_reinforced,reinforced heavy combat exoskeleton arm armor,dda,dda,missing,,,combat_exoskeleton_armor_arm_heavy,data/json/items/armor/combat_exoskeleton_armor.json,EXO_ARM_PLATE | STURDY | CANT_WEAR,
item,combat_exoskeleton_armor_arm_light,light combat exoskeleton arm armor,dda,dda,missing,,,combat_exoskeleton_armor_arm_heavy,data/json/items/armor/combat_exoskeleton_armor.json,EXO_ARM_PLATE | STURDY | CANT_WEAR,
item,combat_exoskeleton_armor_arm_light_reinforced,reinforced light combat exoskeleton arm armor,dda,dda,missing,,,combat_exoskeleton_armor_arm_heavy,data/json/items/armor/combat_exoskeleton_armor.json,EXO_ARM_PLATE | STURDY | CANT_WEAR,
item,combat_exoskeleton_armor_arm_medium,medium combat exoskeleton arm armor,dda,dda,missing,,,combat_exoskeleton_armor_arm_heavy,data/json/items/armor/combat_exoskeleton_armor.json,EXO_ARM_PLATE | STURDY | CANT_WEAR,
item,combat_exoskeleton_armor_arm_medium_reinforced,reinforced medium combat exoskeleton arm armor,dda,dda,missing,,,combat_exoskeleton_armor_arm_heavy,data/json/items/armor/combat_exoskeleton_armor.json,EXO_ARM_PLATE | STURDY | CANT_WEAR,
item,combat_exoskeleton_armor_leg_heavy,heavy combat exoskeleton leg armor,dda,dda,missing,,,,data/json/items/armor/combat_exoskeleton_armor.json,EXO_LEG_PLATE | STURDY | CANT_WEAR,
item,combat_exoskeleton_armor_leg_heavy_reinforced,reinforced heavy combat exoskeleton leg armor,dda,dda,missing,,,combat_exoskeleton_armor_leg_heavy,data/json/items/armor/combat_exoskeleton_armor.json,EXO_LEG_PLATE | STURDY | CANT_WEAR,
item,combat_exoskeleton_armor_leg_light,light combat exoskeleton leg armor,dda,dda,missing,,,combat_exoskeleton_armor_leg_heavy,data/json/items/armor/combat_exoskeleton_armor.json,EXO_LEG_PLATE | STURDY | CANT_WEAR,
item,combat_exoskeleton_armor_leg_light_reinforced,reinforced light combat exoskeleton leg armor,dda,dda,missing,,,combat_exoskeleton_armor_leg_heavy,data/json/items/armor/combat_exoskeleton_armor.json,EXO_LEG_PLATE | STURDY | CANT_WEAR,
item,combat_exoskeleton_armor_leg_medium,medium combat exoskeleton leg armor,dda,dda,missing,,,combat_exoskeleton_armor_leg_heavy,data/json/items/armor/combat_exoskeleton_armor.json,EXO_LEG_PLATE | STURDY | CANT_WEAR,
item,combat_exoskeleton_armor_leg_medium_reinforced,reinforced medium combat exoskeleton leg armor,dda,dda,missing,,,combat_exoskeleton_armor_leg_heavy,data/json/items/armor/combat_exoskeleton_armor.json,EXO_LEG_PLATE | STURDY | CANT_WEAR,
item,combat_exoskeleton_armor_torso_heavy,heavy combat exoskeleton torso armor,dda,dda,missing,,,,data/json/items/armor/combat_exoskeleton_armor.json,EXO_TORSO_PLATE | STURDY | CANT_WEAR,
item,combat_exoskeleton_armor_torso_heavy_reinforced,reinforced heavy combat exoskeleton torso armor,dda,dda,missing,,,combat_exoskeleton_armor_torso_heavy,data/json/items/armor/combat_exoskeleton_armor.json,EXO_TORSO_PLATE | STURDY | CANT_WEAR,
item,combat_exoskeleton_armor_torso_light,light combat exoskeleton torso armor,dda,dda,missing,,,combat_exoskeleton_armor_torso_heavy,data/json/items/armor/combat_exoskeleton_armor.json,EXO_TORSO_PLATE | STURDY | CANT_WEAR,
item,combat_exoskeleton_armor_torso_light_reinforced,reinforced light combat exoskeleton torso armor,dda,dda,missing,,,combat_exoskeleton_armor_torso_heavy,data/json/items/armor/combat_exoskeleton_armor.json,EXO_TORSO_PLATE | STURDY | CANT_WEAR,
item,combat_exoskeleton_armor_torso_medium,medium combat exoskeleton torso armor,dda,dda,missing,,,combat_exoskeleton_armor_torso_heavy,data/json/items/armor/combat_exoskeleton_armor.json,EXO_TORSO_PLATE | STURDY | CANT_WEAR,
item,combat_exoskeleton_armor_torso_medium_reinforced,reinforced medium combat exoskeleton torso armor,dda,dda,missing,,,combat_exoskeleton_armor_torso_heavy,data/json/items/armor/combat_exoskeleton_armor.json,EXO_TORSO_PLATE | STURDY | CANT_WEAR,
item,combo_cover,combo cover,dda,dda,missing,,,,data/json/items/tool_armor.json,VARSIZE | SUN_GLASSES,
item,compensator,compensator,dda,dda,missing,,,,data/json/items/gunmod/muzzle.json,,
item,compressor,compressor,dda,dda,missing,,,,data/json/items/generic/spares.json,,
item,concrete_mix_tool,concrete mixer,dda,dda,missing,,,,data/json/items/fake.json,ZERO_WEIGHT | TRADER_AVOID | DEBUG_ONLY | ALLOWS_REMOTE_USE | PSEUDO,
item,condenser_pristine,pristine condenser,dda,dda,missing,,,,data/json/items/gunmod/mechanism.json,IRREMOVABLE,
item,connect_four,Four in a Row set,dda,dda,missing,,,,data/json/items/fluff.json,NO_REPAIR,
item,corded_demolition_hammer,demolition hammer,dda,dda,missing,,,,data/json/items/tool/workshop.json,DIG_TOOL | NONCONDUCTIVE | NO_UNLOAD | NO_RELOAD | WATER_BREAK | ELECTRONIC,
item,corn_on_cob,corn on the cob,dda,dda,missing,,,,data/json/items/comestibles/veggy_dishes.json,EATEN_HOT,
item,corpse_yugg_mutflesh,massive fleshy tube,dda,dda,missing,,,,data/json/items/corpses/nether.json,TRADER_AVOID,
item,corpse_yugg_rubber,rubber yugg corpse,dda,dda,missing,,,,data/json/items/corpses/nether.json,NO_SALVAGE,
item,counterweight,counterweight,dda,dda,missing,,,,data/json/items/vehicle/plating.json,,
item,counterweight_pouch,counterweight pouch,dda,dda,missing,,,,data/json/items/armor/head_attachments.json,HELMET_BACK_POUCH | CANT_WEAR,
item,crabapple,crabapple,dda,dda,missing,,,,data/json/items/comestibles/raw_fruit.json,FREEZERBURN | CATTLE | RABBIT,
item,crater_bomb,active alien bomb,dda,dda,missing,,,,data/json/mapgen/crater.json,BOMB | TRADER_AVOID,
item,crowbar_warhammer,bec de crowbar,dda,dda,missing,,,,data/json/items/melee/bludgeons.json,DURABLE_MELEE | REACH_ATTACK | NONCONDUCTIVE | POLEARM | SHEATH_SPEAR | SPEAR | ALWAYS_TWOHAND,
item,crude_goedendag,crude goedendag,dda,dda,missing,,,spear_steel_crude,data/json/items/melee/spears_and_polearms.json,DURABLE_MELEE | SPEAR | REACH_ATTACK | NONCONDUCTIVE | SHEATH_SPEAR,
item,crude_lamp_oil,crude lamp oil,dda,dda,missing,,,,data/json/items/fuel.json,,
item,crutches,crutches (pair),dda,dda,missing,,,,data/json/items/melee/bludgeons.json,FRAGILE_MELEE | CRUTCHES,
item,crystallizing_sugar,crystallizing sugar (obsolete),dda,dda,missing,,,,data/json/obsoletion_and_migration_0.J/cooking.json,NO_SALVAGE | WATER_DISSOLVE,
item,crystallizing_sugar_active,crystallizing sugar,dda,dda,missing,,,,data/json/items/tool/cooking.json,NO_SALVAGE | WATER_DISSOLVE | SPAWN_ACTIVE,
item,cuffs,cuffs (pair),dda,dda,missing,,,,data/json/items/armor/jewelry.json,NO_WEAR_EFFECT,
item,dead_solar_beetle_radiosphere,giant solar beetle corpse,dda,dda,missing,,,,data/json/items/corpses/nether.json,TRADER_AVOID,
item,debug_apply_fault,debug fault applier,dda,dda,missing,,,,data/json/items/tool/debug_tools.json,,
item,debug_chloroform_rag,debug chloroform soaked rag,dda,dda,missing,,,,data/json/items/comestibles/med.json,NO_INGEST,
item,debug_dimension_traveller,debug dimension traveller,dda,dda,missing,,,,data/json/items/tool/debug_tools.json,,
item,debug_energy_shield,weak energy shield,dda,dda,missing,,,,data/json/items/armor/cloaks.json,AURA | ENERGY_SHIELD | OVERSIZE | TRADER_AVOID | NO_TAKEOFF | NONCONDUCTIVE | ALLOWS_NATURAL_ATTACKS,
item,debug_item_damager,debug item damager (simple),dda,dda,missing,,,,data/json/items/tool/debug_tools.json,,
item,debug_item_damager_adv,debug item damager (advanced),dda,dda,missing,,,,data/json/items/tool/debug_tools.json,,
item,debug_item_search,debug item search,dda,dda,missing,,,,data/json/items/fake.json,TRADER_AVOID | ZERO_WEIGHT,
item,debug_lux_meter,debug lux meter,dda,dda,missing,,,,data/json/items/tool/debug_tools.json,,
item,debug_mortar,debug explosion generator,dda,dda,missing,,,,data/json/items/tool/debug_tools.json,,
item,debug_timer,debug timer,dda,dda,missing,,,,data/json/items/tool/debug_tools.json,,
item,debug_weather_check,debug weather reporter,dda,dda,missing,,,,data/json/items/tool/debug_tools.json,,
item,default_dimension_teleport_orb,dull brown orb,dda,dda,missing,,,abyss_teleport_orb,data/json/items/nether.json,SINGLE_USE,
item,deltoid_plates,deltoid ballistic plates,dda,dda,missing,,,,data/json/items/armor/ballistic_armor.json,ABLATIVE_MEDIUM | CANT_WEAR | NO_SALVAGE,
item,denim_patch,denim patch,dda,dda,missing,,,,data/json/items/resources/tailoring.json,NO_SALVAGE,
item,dental_tools,dental tool set,dda,dda,missing,,,,data/json/items/tool/med.json,,
item,devil_horn_headband,devil horns (pair),dda,dda,missing,,,,data/json/items/armor/jewelry.json,NO_WEAR_EFFECT,
item,dimensional_perambulator,dimensional perambulator,dda,dda,missing,,,,data/json/debug/teleportation.json,,
item,discharged_storage_battery,discharged lithium-ion battery,dda,dda,missing,,,,data/json/items/resources/misc.json,,
item,discharging_battery,discharging lithium-ion battery,dda,dda,missing,,,,data/json/items/resources/misc.json,,
item,dog_tag,dog tag,dda,dda,missing,,,,data/json/items/armor/misc.json,NO_WEAR_EFFECT,
item,dog_tag_dog,dog tag,dda,dda,missing,,,,data/json/items/generic.json,,
item,dogfood_raw,raw dog food,dda,dda,missing,,,,data/json/items/comestibles/other.json,LUPINE,
item,door_lock,door lock set,dda,dda,missing,,,,data/json/vehicleparts/utilities.json,,
item,dp_12,double-barreled pump shotgun,dda,dda,missing,,,,data/json/items/gun/shot.json,RELOAD_ONE | NO_TURRET | EASY_CLEAN | PUMP_ACTION,
item,draw_plate,draw plate,dda,dda,missing,,,,data/json/items/tool/metalworking.json,,
item,dressage_whip,dressage whip,dda,dda,missing,,,,data/json/items/tool/misc.json,REACH_ATTACK | REACH3 | WHIP,
item,drift,punch & drift set,dda,dda,missing,,,,data/json/items/tool/metalworking.json,DURABLE_MELEE,
item,drill_press_tool,drill press,dda,dda,missing,,,,data/json/items/fake.json,ZERO_WEIGHT | TRADER_AVOID | DEBUG_ONLY | ALLOWS_REMOTE_USE | PSEUDO,
item,drum_percussion,"drum, percussion",dda,dda,missing,,,,data/json/items/tool/musical_instruments.json,FRAGILE_MELEE,
item,drum_percussion_primitive,"primitive drum, percussion",dda,dda,missing,,,,data/json/items/tool/musical_instruments.json,FRAGILE_MELEE,
item,dry_barley_stalks,dried barley stalks,dda,dda,missing,,,dry_wheat_stalks,data/json/items/comestibles/raw_grain.json,INEDIBLE | CATTLE | SMOKED | NUTRIENT_OVERRIDE,
item,dry_buckwheat_stalks,dried buckwheat stalks,dda,dda,missing,,,,data/json/items/comestibles/raw_grain.json,INEDIBLE | CATTLE | SMOKED | NUTRIENT_OVERRIDE,
item,dry_canola_stalks,dried canola stalks,dda,dda,missing,,,dry_wheat_stalks,data/json/items/comestibles/raw_grain.json,INEDIBLE | CATTLE | SMOKED | NUTRIENT_OVERRIDE,
item,dry_chili,dehydrated chili pepper,dda,dda,missing,,,,data/json/items/comestibles/veggy_dishes.json,EDIBLE_FROZEN,
item,dry_garlic,dehydrated garlic clove,dda,dda,missing,,,,data/json/items/comestibles/veggy_dishes.json,EDIBLE_FROZEN,
item,dry_lentil_stalks,dried lentil stalks,dda,dda,missing,,,dry_wheat_stalks,data/json/items/comestibles/raw_grain.json,INEDIBLE | CATTLE | SMOKED | NUTRIENT_OVERRIDE,
item,dry_mollusk,dehydrated mollusk,dda,dda,missing,,,mollusk_cooked,data/json/items/comestibles/meat_dishes.json,EDIBLE_FROZEN,
item,dry_oat_stalks,dried oat stalks,dda,dda,missing,,,dry_wheat_stalks,data/json/items/comestibles/raw_grain.json,INEDIBLE | CATTLE | SMOKED | NUTRIENT_OVERRIDE,
item,dry_soybean,dried soybeans,dda,dda,missing,,,,data/json/items/comestibles/other.json,EDIBLE_FROZEN | NUTRIENT_OVERRIDE | SMOKED | RAW | INEDIBLE | CATTLE | PLANTABLE_SEED,
item,dry_wheat_stalks,dried wheat stalks,dda,dda,missing,,,,data/json/items/comestibles/raw_grain.json,INEDIBLE | CATTLE | SMOKED | NUTRIENT_OVERRIDE,
item,dry_wild_rice,dry wild rice,dda,dda,missing,,,,data/json/items/comestibles/veggy_dishes.json,EDIBLE_FROZEN,
item,dry_wild_rice_stalks,dried wild rice stalks,dda,dda,missing,,,dry_buckwheat_stalks,data/json/items/comestibles/raw_grain.json,INEDIBLE | CATTLE | SMOKED | NUTRIENT_OVERRIDE,
item,dry_winter_wheat_stalks,dried winter wheat stalks,dda,dda,missing,,,dry_wheat_stalks,data/json/items/comestibles/raw_grain.json,INEDIBLE | CATTLE | SMOKED | NUTRIENT_OVERRIDE,
item,efile_junk,junk file,dda,dda,missing,,,,data/json/items/software.json,ZERO_WEIGHT | NO_DROP | IRREMOVABLE | E_STORABLE_EXCLUSIVE,
item,efile_lore,questionable media file,dda,dda,missing,,,,data/json/items/software.json,ZERO_WEIGHT | NO_DROP | IRREMOVABLE | E_STORABLE_EXCLUSIVE,
item,efile_map,map cache,dda,dda,missing,,,,data/json/items/software.json,ZERO_WEIGHT | NO_DROP | IRREMOVABLE | E_STORABLE_EXCLUSIVE | PRESERVE_SPAWN_LOC,
item,efile_photos,photo gallery,dda,dda,missing,,,,data/json/items/software.json,ZERO_WEIGHT | NO_DROP | IRREMOVABLE | E_COPIABLE | E_STORABLE_EXCLUSIVE | E_FILE_COLLECTION,
item,efile_recipes,recipe catalog,dda,dda,missing,,,,data/json/items/software.json,ZERO_WEIGHT | NO_DROP | IRREMOVABLE | E_COPIABLE | E_STORABLE_EXCLUSIVE | E_FILE_COLLECTION | E_STORABLE_EXCLUSIVE,
item,efile_recipes_medical,medical recipe catalog,dda,dda,missing,,,,data/json/items/software.json,ZERO_WEIGHT | NO_DROP | IRREMOVABLE | E_COPIABLE | E_STORABLE_EXCLUSIVE | E_FILE_COLLECTION | E_STORABLE_EXCLUSIVE,
item,efile_recipes_science,scientific recipe catalog,dda,dda,missing,,,,data/json/items/software.json,ZERO_WEIGHT | NO_DROP | IRREMOVABLE | E_COPIABLE | E_STORABLE_EXCLUSIVE | E_FILE_COLLECTION | E_STORABLE_EXCLUSIVE,
item,egg_moth_fly,moth fly egg,dda,dda,missing,,,,data/json/items/comestibles/egg.json,FREEZERBURN | RAW | NO_AUTO_CONSUME,
item,egg_mutant_salmon,mutant fish roe,dda,dda,missing,,,,data/json/items/comestibles/egg.json,RAW,
item,egg_pigeon,feral pigeon egg,dda,mindovermatter,missing,,,egg_pigeon,data/mods/MindOverMatter/items/comestible_overrides.json,FREEZERBURN | RAW,
item,egg_void_spider,luminescent bead,dda,dda,missing,,,,data/json/items/generic.json,,
item,eggplant_parmigiana,eggplant parmigiana,dda,dda,missing,,,,data/json/items/comestibles/casseroles.json,EDIBLE_FROZEN,
item,eggs_ferment_active,fermenting eggs jar,dda,dda,missing,,,,data/json/items/tool/cooking.json,SPAWN_ACTIVE,
item,electric_masonrysaw_off,electric masonry saw (off),dda,dda,missing,,,,data/json/items/tool/masonry.json,NONCONDUCTIVE | FRAGILE_MELEE | USE_UPS | NO_UNLOAD | NO_RELOAD | WATER_BREAK | ELECTRONIC,
item,electric_masonrysaw_on,electric masonry saw (on),dda,dda,missing,,,electric_masonrysaw_off,data/json/items/tool/masonry.json,MESSY | TRADER_AVOID | NONCONDUCTIVE | POWERED | FRAGILE_MELEE | USE_UPS | NO_UNLOAD | NO_RELOAD | WATER_BREAK | ELECTRONIC | SPAWN_ACTIVE,
item,electrolyzer_makeshift,makeshift water electrolyzer,dda,dda,missing,,,,data/json/items/tool/science.json,ALLOWS_REMOTE_USE | WATER_BREAK,
item,emery_board,emery board,dda,dda,missing,,,,data/json/items/tool/toiletries.json,,
item,emf_detector,EMF detector (off),dda,dda,missing,,,,data/json/items/tool/electronics.json,WATER_BREAK | ELECTRONIC,
item,emf_detector_on,EMF detector (on),dda,dda,missing,,,emf_detector,data/json/items/tool/electronics.json,TRADER_AVOID | WATER_BREAK | ELECTRONIC | SPAWN_ACTIVE,
item,empty_corn_cob,empty corn cob,dda,dda,missing,,,,data/json/items/comestibles/raw_grain.json,RAW,
item,enfield_bayonet,Enfield No. 4 bayonet,dda,dda,missing,,,,data/json/items/melee/swords_and_blades.json,DURABLE_MELEE | SHEATH_SWORD,
item,engine_1cyl_diesel_large,0.2 L large 1-cylinder diesel engine,dda,dda,missing,,,,data/json/items/vehicle/engine.json,,
item,engineering_engine_kit,Stirling engine kit,dda,dda,missing,,,,data/json/items/tool/science.json,,
item,engineering_makerspace_kit,makerspace kit for STEM,dda,dda,missing,,,,data/json/items/tool/science.json,WATER_BREAK | ELECTRONIC,
item,engineering_robotics_kit,robotics kit for young learners,dda,dda,missing,,,,data/json/items/tool/science.json,WATER_BREAK | ELECTRONIC,
item,eod_plate,EOD fragmentation plate,dda,dda,missing,,,,data/json/items/armor/ballistic_armor.json,ABLATIVE_LARGE | CANT_WEAR | NO_SALVAGE,
item,ephemeral_gem,ephemeral gemstone,dda,dda,missing,,,,data/json/items/resources/alien.json,NO_SALVAGE | GEMSTONE,
item,epoxy_chunk,epoxy chunk,dda,dda,missing,,,,data/json/items/resources/plastic.json,NO_SALVAGE,
item,escape_stone,portable portal,dda,dda,missing,,,,data/json/items/nether.json,SINGLE_USE,
item,escargot,escargot,dda,dda,missing,,,,data/json/items/comestibles/meat_dishes.json,EATEN_HOT | FREEZERBURN,
item,exodii_ac_kit,external climate control kit,dda,dda,missing,,,,data/json/items/resources/alien.json,,
item,exodii_ceramic_patch,exodii ceramic patch,dda,dda,missing,,,,data/json/items/chemicals_and_resources.json,,
item,exodii_chop_shop_head,broken red robotic head,dda,dda,missing,,,,data/json/items/generic.json,TRADER_AVOID,
item,exodii_ingot_aluminum,enormous aluminum ingot,dda,dda,missing,,,,data/json/items/resources/alien.json,,
item,exodii_ingot_copper,enormous copper ingot,dda,dda,missing,,,,data/json/items/resources/alien.json,,
item,exodii_ingot_lc_steel,enormous steel ingot,dda,dda,missing,,,,data/json/items/resources/alien.json,,
item,exodii_ingot_lead,enormous lead ingot,dda,dda,missing,,,,data/json/items/resources/alien.json,,
item,exodii_ingot_plastic,enormous plastic block,dda,dda,missing,,,,data/json/items/resources/alien.json,,
item,exodii_ingot_tin,enormous tin ingot,dda,dda,missing,,,,data/json/items/resources/alien.json,,
item,exodii_ingot_zinc,enormous zinc ingot,dda,dda,missing,,,,data/json/items/resources/alien.json,,
item,exodii_kiln,Exodii kiln,dda,dda,missing,,,,data/json/items/tool/workshop.json,ALLOWS_REMOTE_USE | WATER_BREAK | ELECTRONIC,
item,exodii_micro_computer,small unfamiliar electronic thingy,dda,dda,missing,,,,data/json/items/resources/alien.json,,
item,exodii_micro_module,inscribed metal rings,dda,dda,missing,,,,data/json/items/resources/alien.json,,
item,exodii_portable_tv,Exodii TV-radio,dda,dda,missing,,,,data/json/items/tool/electronics.json,TRADER_AVOID,
item,exodii_usb_stick,Exodii digital storage device,dda,dda,missing,,,,data/json/items/tool/electronics.json,TRADER_AVOID,
item,exodii_usb_stick_full,Exodii digital storage device (data),dda,dda,missing,,,,data/json/items/tool/electronics.json,TRADER_AVOID,
item,exodii_wire_kit,CBM interface wire kit,dda,dda,missing,,,,data/json/items/resources/alien.json,,
item,face_shield,face shield,dda,dda,missing,,,,data/json/items/armor/head_attachments.json,HELMET_FACE_SHIELD | CANT_WEAR | OUTER,
item,face_shield_eod,EOD face shield,dda,dda,missing,,,,data/json/items/armor/head_attachments.json,HELMET_FACE_SHIELD | CANT_WEAR | OUTER,
item,fake_anvil,anvil,dda,dda,missing,,,,data/json/items/fake.json,ZERO_WEIGHT | TRADER_AVOID | DEBUG_ONLY,
item,fake_anvil_heavy,heavy anvil,dda,dda,missing,,,,data/json/items/fake.json,ZERO_WEIGHT | TRADER_AVOID | DEBUG_ONLY,
item,fake_arc_furnace,arc furnace,dda,dda,missing,,,fake_power_tool,data/json/items/fake.json,ZERO_WEIGHT | TRADER_AVOID | DEBUG_ONLY | ALLOWS_REMOTE_USE | PSEUDO | USE_UPS,
item,fake_beverly_shear,Beverly shear,dda,dda,missing,,,,data/json/items/fake.json,ZERO_WEIGHT | TRADER_AVOID | DEBUG_ONLY | ALLOWS_REMOTE_USE,
item,fake_butcher_rack,fake butcher rack (pseudo item),dda,dda,missing,,,,data/json/items/tool/pseudo.json,ZERO_WEIGHT | TRADER_AVOID | DEBUG_ONLY,
item,fake_clay_kiln,basecamp clay kiln,dda,dda,missing,,,fake_crafting_tool,data/json/items/basecamp.json,ZERO_WEIGHT | TRADER_AVOID | DEBUG_ONLY | ALLOWS_REMOTE_USE | PSEUDO,
item,fake_crafting_tool,fake crafting tool,dda,dda,missing,,,,data/json/items/fake.json,ZERO_WEIGHT | TRADER_AVOID | DEBUG_ONLY | ALLOWS_REMOTE_USE | PSEUDO,
item,fake_deep_fryer,deep fryer,dda,dda,missing,,,,data/json/items/fake.json,ZERO_WEIGHT | TRADER_AVOID | DEBUG_ONLY | ALLOWS_REMOTE_USE | PSEUDO,
item,fake_digester_tank,small anaerobic digester tank,dda,dda,missing,,,,data/json/items/basecamp.json,ZERO_WEIGHT | TRADER_AVOID | DEBUG_ONLY,
item,fake_dynamite_50lbs,fake 50lbs dynamite car bomb,dda,dda,missing,,,,data/json/items/fake.json,BOMB,
item,fake_lathe,lathe,dda,dda,missing,,,,data/json/items/fake.json,ZERO_WEIGHT | TRADER_AVOID | DEBUG_ONLY | ALLOWS_REMOTE_USE | PSEUDO,
item,fake_lift_heavy,heavy-duty hoist,dda,dda,missing,,,fake_crafting_tool,data/json/items/fake.json,ZERO_WEIGHT | TRADER_AVOID | DEBUG_ONLY | ALLOWS_REMOTE_USE | PSEUDO,
item,fake_lift_light,light hoist,dda,dda,missing,,,fake_crafting_tool,data/json/items/fake.json,ZERO_WEIGHT | TRADER_AVOID | DEBUG_ONLY | ALLOWS_REMOTE_USE | PSEUDO,
item,fake_lift_medium,sturdy hoist,dda,dda,missing,,,fake_crafting_tool,data/json/items/fake.json,ZERO_WEIGHT | TRADER_AVOID | DEBUG_ONLY | ALLOWS_REMOTE_USE | PSEUDO,
item,fake_mill_vertical,vertical mill,dda,dda,missing,,,,data/json/items/fake.json,ZERO_WEIGHT | TRADER_AVOID | DEBUG_ONLY | ALLOWS_REMOTE_USE | PSEUDO,
item,fake_oil_press_industrial,industrial oil press,dda,dda,missing,,,,data/json/items/fake.json,ZERO_WEIGHT | TRADER_AVOID | DEBUG_ONLY | ALLOWS_REMOTE_USE | PSEUDO,
item,fake_power_tool,fake power tool,dda,dda,missing,,,,data/json/items/fake.json,ZERO_WEIGHT | TRADER_AVOID | DEBUG_ONLY | ALLOWS_REMOTE_USE | PSEUDO | USE_UPS,
item,fake_radio,bionic radio,dda,dda,missing,,,,data/json/items/fake.json,ZERO_WEIGHT | TRADER_AVOID | DEBUG_ONLY | TWO_WAY_RADIO | USES_BIONIC_POWER,
item,fake_sharp_metal_wreckage,sharp piece of wreckage,dda,dda,missing,,,,data/json/items/fake.json,ZERO_WEIGHT | TRADER_AVOID | DEBUG_ONLY,
item,fake_solar_cooker,solar cooker,dda,dda,missing,,,,data/json/items/tool/pseudo.json,ZERO_WEIGHT | TRADER_AVOID | DEBUG_ONLY | ALLOWS_REMOTE_USE | PSEUDO | NEEDS_SUNLIGHT,
item,fake_tire_changer,tire changer,dda,dda,missing,,,,data/json/items/fake.json,ZERO_WEIGHT | TRADER_AVOID | DEBUG_ONLY | ALLOWS_REMOTE_USE | PSEUDO,
item,fake_woodstove,basecamp stove,dda,dda,missing,,,fake_crafting_tool,data/json/items/basecamp.json,ZERO_WEIGHT | TRADER_AVOID | DEBUG_ONLY | ALLOWS_REMOTE_USE | PSEUDO,
item,fanning_mill,fanning mill,dda,dda,missing,,,,data/json/items/tool/workshop.json,,
item,feast_for_odin,For Odin,dda,dda,missing,,,,data/json/items/fluff.json,NO_REPAIR,
item,feeding_kit,feeding kit,dda,dda,missing,,,,data/json/items/armor/exotic.json,ALLOWS_REMOTE_USE,
item,fert_supplement,fertility supplement,dda,dda,missing,,,,data/json/items/chemicals_and_resources.json,EDIBLE_FROZEN | WATER_DISSOLVE | NO_INGEST | MISSION_ITEM,
item,fidget_spinner,fidget spinner,dda,dda,missing,,,,data/json/items/toy.json,,
item,fields_of_arle,Arle Lands,dda,dda,missing,,,,data/json/items/fluff.json,NO_REPAIR,
item,filter_port_40mm,40mm filter port,dda,dda,missing,,,,data/json/items/resources/plastic.json,NO_SALVAGE,
item,fire_piston,fire piston,dda,dda,missing,,,,data/json/items/tool/fire.json,FIRESTARTER | REQUIRES_TINDER,
item,firewood,piece of firewood,dda,dda,missing,,,,data/json/items/resources/wood.json,FIREWOOD,
item,firework_cannon,fireworks cannon,dda,dda,missing,,,,data/json/monster_special_attacks/monster_gun.json,PRIMITIVE_RANGED_WEAPON | PSEUDO | NEVER_JAMS | NONCONDUCTIVE | NO_REPAIR | WATERPROOF_GUN | NO_SALVAGE | NO_UNLOAD | NO_TURRET,
item,five-point_harness,5-point harness,dda,dda,missing,,,,data/json/items/generic/spares.json,,
item,flashlight_mount_wrist,diving flashlight wrist mount,dda,dda,missing,,,,data/json/items/tool_armor.json,WATER_FRIENDLY | BELTED | ALLOWS_NATURAL_ATTACKS | OVERSIZE,
item,flask_yeast_active,sealed yeast culture,dda,dda,missing,,,,data/json/items/tool/cooking.json,TRADER_AVOID | SPAWN_ACTIVE,
item,flower_anklet,flower charm anklet,dda,dda,missing,,,,data/json/items/armor/jewelry.json,NO_WEAR_EFFECT | BELTED | OVERSIZE,
item,flux_ash,ash flux,dda,dda,missing,,,,data/json/items/chemicals_and_resources.json,,
item,foot_locker_aluminum,aluminum foot locker,dda,dda,missing,,,f_foot_locker_aluminum,data/json/items/furniture/storage.json,,
item,frame_concrete_mix,concrete mixer chassis,dda,dda,missing,,,,data/json/items/vehicle/frames.json,,
item,freeze_dried_stroganoff,freeze-dried beef meal,dda,dda,missing,,,,data/json/items/comestibles/junkfood.json,EATEN_HOT,
item,freeze_dried_stroganoff_hydrated,rehydrated beef meal,dda,dda,missing,,,,data/json/items/comestibles/junkfood.json,EATEN_HOT,
item,freeze_dried_veggypasta,freeze-dried vegetarian meal,dda,dda,missing,,,,data/json/items/comestibles/junkfood.json,EATEN_HOT,
item,freeze_dried_veggypasta_hydrated,rehydrated vegetarian meal,dda,dda,missing,,,,data/json/items/comestibles/junkfood.json,EATEN_HOT,
item,friday,Survival Island,dda,dda,missing,,,,data/json/items/fluff.json,NO_REPAIR,
item,fried_froglegs,fried frog legs (pair),dda,dda,missing,,,,data/json/items/comestibles/meat_dishes.json,EATEN_HOT,
item,fried_mozzarella_sticks,fried mozzarella sticks,dda,dda,missing,,,,data/json/items/comestibles/dairy.json,,
item,fursuit,fursuit,dda,dda,partial,fursuit_var_wolfsuit,normal_items.png,,data/json/items/armor/suits_clothes.json,OUTER,fursuit
item,gambeson_batting,gambeson batting,dda,dda,missing,,,,data/json/items/resources/tailoring.json,NO_SALVAGE,
item,gas_charger,gas-powered UPS (off),dda,dda,missing,,,,data/json/items/tool/electronics.json,IS_UPS | ALLOWS_REMOTE_USE,
item,gas_charger_on,gas-powered UPS (on),dda,dda,missing,,,gas_charger,data/json/items/tool/electronics.json,IS_UPS | ALLOWS_REMOTE_USE | TRADER_AVOID | SPAWN_ACTIVE,
item,gas_forge,gas forge,dda,dda,missing,,,,data/json/items/tool/metalworking.json,ALLOWS_REMOTE_USE,
item,gastropod_cooked,cooked gastropods,dda,dda,missing,,,gastropod_purged,data/json/items/comestibles/carnivore.json,EATEN_HOT,
item,gastropod_purged,purged gastropods,dda,dda,missing,,,,data/json/items/comestibles/carnivore.json,RAW,
item,gateau_st_honore,slice of gateau St. Honore,dda,dda,missing,,,,data/json/items/comestibles/baked.json,,
item,gatling_mech_laser_single,salvaged CMES laser cannon,dda,mindovermatter,missing,,,gatling_mech_laser_single,data/mods/MindOverMatter/items/laser_overrides.json,NO_UNLOAD | NEVER_JAMS | NON_FOULING | NEEDS_NO_LUBE | USE_UPS | OVERHEATS | MOUNTED_GUN,
item,gelatin_extracted,extracted gelatin,dda,dda,missing,,,,data/json/items/comestibles/other.json,NUTRIENT_OVERRIDE,
item,gene_sting_barb,gene sting barb,dda,dda,missing,,,,data/json/items/ammo/barb.json,,
item,gene_sting_gun,viscous barb launcher,dda,dda,missing,,,,data/json/monster_special_attacks/monster_gun.json,PRIMITIVE_RANGED_WEAPON | PSEUDO | NEVER_JAMS | NONCONDUCTIVE | NO_REPAIR | WATERPROOF_GUN | NO_SALVAGE | NO_UNLOAD | RELOAD_AND_SHOOT,
item,gherkin,gherkin cucumber,dda,dda,missing,,,,data/json/items/comestibles/raw_veggy.json,FREEZERBURN | RAW | RAT | MOUSE,
item,gherkin_cut,cut gherkin cucumber,dda,dda,missing,,,gherkin,data/json/items/comestibles/raw_veggy.json,FREEZERBURN | RAW | RAT | MOUSE,
item,giant_wood_screw,giant wooden screw,dda,dda,missing,,,,data/json/items/resources/wood.json,FIREWOOD,
item,glass_cutter,handheld glass cutter,dda,dda,missing,,,,data/json/items/tool/misc.json,BELT_CLIP,
item,glass_thermometer,glass thermometer,dda,dda,missing,,,,data/json/items/tool/science.json,THERMOMETER,
item,glassblowers_crucible,disconnected glassblower's crucible,dda,dda,missing,,,,data/json/items/appliances.json,,
item,glassblowers_crucible_tool,glassblower's crucible,dda,dda,missing,,,,data/json/items/fake.json,ZERO_WEIGHT | TRADER_AVOID | DEBUG_ONLY | ALLOWS_REMOTE_USE | PSEUDO | ALLOWS_REMOTE_USE,
item,glock40mag_9,Glock 27 magazine,dda,dda,missing,,,,data/json/items/magazine/40.json,MAG_COMPACT,
item,glock_34,Glock 34 pistol,dda,dda,missing,,,,data/json/items/gun/9mm.json,ALLOWS_BODY_BLOCK,
item,glock_44,Glock 44 pistol,dda,dda,missing,,,glock19,data/json/items/gun/22.json,ALLOWS_BODY_BLOCK,
item,glocksear,Glock auto sear plate,dda,dda,missing,,,,data/json/items/gunmod/mechanism.json,,
item,gloomhaven,Enigma Emporium,dda,dda,missing,,,,data/json/items/fluff.json,NO_REPAIR,
item,go,go set,dda,dda,missing,,,,data/json/items/fluff.json,NO_REPAIR,
item,godcotrader_accounting_records_clean,accounting records,dda,dda,missing,,,,data/json/items/generic.json,,
item,godcotrader_accounting_records_dirty,accounting records,dda,dda,missing,,,,data/json/items/generic.json,,
item,gold_anklet,gold anklet,dda,dda,missing,,,,data/json/items/armor/jewelry.json,NO_WEAR_EFFECT | BELTED | OVERSIZE,
item,gold_lip_ring_loop,gold lip ring loop,dda,dda,missing,,,,data/json/items/armor/jewelry.json,NO_WEAR_EFFECT,
item,gold_lip_ring_stud,gold lip ring stud,dda,dda,missing,,,,data/json/items/armor/jewelry.json,NO_WEAR_EFFECT,
item,gold_nose_ring_loop,gold nose ring loop,dda,dda,missing,,,,data/json/items/armor/jewelry.json,NO_WEAR_EFFECT,
item,gold_nose_ring_stud,gold nose ring stud,dda,dda,missing,,,,data/json/items/armor/jewelry.json,NO_WEAR_EFFECT,
item,gold_toe_ring,gold toe ring,dda,dda,missing,,,,data/json/items/armor/jewelry.json,NO_WEAR_EFFECT | SKINTIGHT,
item,gravy_prepared,gravy,dda,dda,missing,,,,data/json/items/comestibles/other.json,EATEN_HOT,
item,greasegun,.45 WWII submachine gun,dda,bombastic_perks,missing,,,greasegun,data/mods/BombasticPerks/perkdata/old_guns.json,OLD_GUN,
item,grinder_blade,grinder blade,dda,dda,missing,,,,data/json/items/tool/masonry.json,HURT_WHEN_WIELDED,
item,grits,grits,dda,dda,missing,,,,data/json/items/comestibles/wheat.json,EATEN_HOT | NUTRIENT_OVERRIDE,
item,gun_lock,gun cable lock,dda,dda,missing,,,,data/json/items/fluff.json,,
item,hair_dye_black,black hair dye,dda,dda,missing,,,abstract_hair_dye,data/json/items/resources/chemicals.json,,
item,hair_dye_blond,blond hair dye,dda,dda,missing,,,abstract_hair_dye,data/json/items/resources/chemicals.json,,
item,hair_dye_blue,blue hair dye,dda,dda,missing,,,abstract_hair_dye,data/json/items/resources/chemicals.json,,
item,hair_dye_brown,brown hair dye,dda,dda,missing,,,abstract_hair_dye,data/json/items/resources/chemicals.json,,
item,hair_dye_gray,gray hair dye,dda,dda,missing,,,abstract_hair_dye,data/json/items/resources/chemicals.json,,
item,hair_dye_green,green hair dye,dda,dda,missing,,,abstract_hair_dye,data/json/items/resources/chemicals.json,,
item,hair_dye_pink,pink hair dye,dda,dda,missing,,,abstract_hair_dye,data/json/items/resources/chemicals.json,,
item,hair_dye_red,red hair dye,dda,dda,missing,,,abstract_hair_dye,data/json/items/resources/chemicals.json,,
item,hair_dye_white,white hair dye,dda,dda,missing,,,abstract_hair_dye,data/json/items/resources/chemicals.json,,
item,hallula,hallula,dda,dda,missing,,,,data/json/items/comestibles/bread.json,EATEN_HOT | EATEN_COLD,
item,hammer_peen,ball-peen hammer,dda,dda,missing,,,,data/json/items/tool/workshop.json,BELT_CLIP | NONCONDUCTIVE | ALLOWS_BODY_BLOCK,
item,hammer_sledge_crude,homewrecker,dda,dda,missing,,,,data/json/items/melee/bludgeons.json,NONCONDUCTIVE | ALWAYS_TWOHAND,
item,hand_controls,hand controls,dda,dda,missing,,,,data/json/items/vehicle/controls.json,,
item,hardtack_cracker,hardtack cracker,dda,dda,missing,,,,data/json/items/comestibles/bread.json,INEDIBLE,
item,hazelnut_cake,slice of hazelnut cake,dda,dda,missing,,,,data/json/items/comestibles/baked.json,,
item,hc_aztec_spear,high steel bladed tepoztopili,dda,dda,missing,,,lc_aztec_spear,data/json/items/melee/spears_and_polearms.json,NONCONDUCTIVE | DURABLE_MELEE | REACH_ATTACK | POLEARM | SHEATH_SPEAR | SPEAR,
item,hc_aztec_sword,high steel bladed macuahuitl,dda,dda,missing,,,lc_aztec_sword,data/json/items/melee/bludgeons.json,NONCONDUCTIVE | DURABLE_MELEE,
item,hc_brigandine_hands,high steel brigandine gloves (pair),dda,dda,missing,,,lc_brigandine_hands,data/json/items/armor/brigandine.json,STURDY | OUTER | VARSIZE,
item,hc_brigandine_hands_xs,high steel brigandine gloves (pair),dda,dda,missing,,,hc_brigandine_hands,data/json/items/armor/brigandine.json,STURDY | OUTER | VARSIZE | UNDERSIZE | PREFIX_XS,
item,hc_chainmail_aventail,high steel chainmail aventail,dda,dda,missing,,,lc_chainmail_aventail,data/json/items/armor/head_attachments.json,VARSIZE | STURDY | HELMET_AVENTAIL | CANT_WEAR,
item,hc_chainmail_face,high steel chainmail partial aventail,dda,dda,missing,,,lc_chainmail_face,data/json/items/armor/head_attachments.json,VARSIZE | STURDY | HELMET_AVENTAIL | CANT_WEAR,
item,hc_esbi_plate,high ESBI plate,dda,dda,missing,,,scrap_esbi_plate,data/json/items/armor/ballistic_armor.json,ABLATIVE_MEDIUM | CANT_WEAR | STURDY | NO_SALVAGE,
item,hc_shoulder_guards,high steel shoulder guards (pair),dda,dda,missing,,,lc_shoulder_guards,data/json/items/armor/brigandine.json,,
item,hc_shoulder_guards_xs,high steel shoulder guards (pair),dda,dda,missing,,,hc_shoulder_guards,data/json/items/armor/brigandine.json,PREFIX_XS,
item,hc_steel_bar_flat,high steel flat bar stock,dda,dda,missing,,,steel_bar_flat,data/json/items/resources/metal.json,,
item,hc_steel_bar_round,high steel bar stock,dda,dda,missing,,,steel_bar_round,data/json/items/resources/metal.json,,
item,hc_steel_facemask,high steel armored face mask,dda,dda,missing,,,lc_steel_facemask,data/json/items/armor/head_attachments.json,VARSIZE | STURDY | HELMET_AVENTAIL | CANT_WEAR,
item,hd_compressor,industrial compressor,dda,dda,missing,,,,data/json/items/generic/spares.json,,
item,hd_pipe,heavy duty pipe,dda,dda,missing,,,,data/json/items/generic/spares.json,,
item,hd_pipe_fittings,set of heavy duty pipe fittings,dda,dda,missing,,,,data/json/items/generic/spares.json,,
item,hd_valve,heavy duty valve,dda,dda,missing,,,,data/json/items/generic/spares.json,,
item,helmet_mounting_brackets,helmet mounting brackets,dda,dda,missing,,,,data/json/items/generic.json,,
item,helmet_sci_fi,lunar veil,dda,dda,missing,,,,data/json/items/armor/helmets.json,OVERSIZE | UNBREAKABLE | SUN_GLASSES | PADDED,
item,helmet_sci_fi_lowered,lunar veil (lowered),dda,dda,missing,,,,data/json/items/armor/helmets.json,OVERSIZE | UNBREAKABLE | SUN_GLASSES | PADDED,
item,high_end_folding_stock,adjustable folding stock,dda,dda,missing,,,,data/json/items/gunmod/stock.json,,
item,high_end_folding_stock_folded,adjustable folding stock (folded),dda,dda,missing,,,high_end_folding_stock,data/json/items/gunmod/stock.json,FOLDED_STOCK,
item,highland_black_incense,black incense,dda,dda,missing,,,highland_purple_incense,data/json/items/relics/highland_censer.json,,
item,highland_blue_incense,blue incense,dda,dda,missing,,,highland_purple_incense,data/json/items/relics/highland_censer.json,,
item,highland_funeral_mask,funeral mask,dda,dda,missing,,,,data/json/items/relics/highland_artifacts.json,WATER_FRIENDLY,
item,highland_golden_incense,golden incense,dda,dda,missing,,,highland_purple_incense,data/json/items/relics/highland_censer.json,,
item,highland_green_incense,green incense,dda,dda,missing,,,highland_purple_incense,data/json/items/relics/highland_censer.json,,
item,highland_purple_incense,purple incense,dda,dda,missing,,,,data/json/items/relics/highland_censer.json,,
item,highland_red_incense,red incense,dda,dda,missing,,,highland_purple_incense,data/json/items/relics/highland_censer.json,,
item,highland_white_incense,white incense,dda,dda,missing,,,highland_purple_incense,data/json/items/relics/highland_censer.json,,
item,highland_yellow_incense,yellow incense,dda,dda,missing,,,highland_purple_incense,data/json/items/relics/highland_censer.json,,
item,hijab,hijab,dda,dda,missing,,,,data/json/items/armor/hats.json,VARSIZE | SKINTIGHT,
item,holo_magnifier,sight magnifier,dda,dda,missing,,,,data/json/items/gunmod/sights.json,DISABLE_SIGHTS | ZOOM,
item,hoof_nippers,pair of nippers,dda,dda,missing,,,,data/json/items/farrier.json,BELT_CLIP,
item,hoof_pick,hoof pick,dda,dda,missing,,,,data/json/items/farrier.json,,
item,hoof_rasp,rasp,dda,dda,missing,,,,data/json/items/farrier.json,,
item,hoof_stand,hoof stand,dda,dda,missing,,,,data/json/items/farrier.json,BELT_CLIP,
item,hoof_tester,hoof tester,dda,dda,missing,,,,data/json/items/farrier.json,BELT_CLIP,
item,horseshoe,horseshoe,dda,dda,missing,,,,data/json/items/farrier.json,BELT_CLIP,
item,horseshoe_pliers,horseshoe puller,dda,dda,missing,,,,data/json/items/farrier.json,BELT_CLIP,
item,horseshoes_wearable,pair of horseshoes,dda,dda,missing,,,,data/json/items/armor/mutant_clothing.json,MUTATED_ANATOMY_ONLY | DURABLE_MELEE,
item,hot_corn_casserole,piece of hot corn casserole,dda,dda,missing,,,,data/json/items/comestibles/casseroles.json,EATEN_HOT,
item,household_dishwasher,household dishwasher,dda,dda,missing,,,,data/json/items/generic.json,,
item,household_water_heater_family,family–sized household water heater,dda,dda,missing,,,,data/json/items/generic.json,,
item,hydraulic_press_tool,hydraulic press,dda,dda,missing,,,,data/json/items/fake.json,ZERO_WEIGHT | TRADER_AVOID | DEBUG_ONLY | ALLOWS_REMOTE_USE | PSEUDO,
item,hydrogen,hydrogen,dda,dda,missing,,,,data/json/items/ammo.json,TRADER_AVOID | NO_DROP,
item,hygroscope,hygroscope,dda,dda,missing,,,,data/json/items/tool/science.json,HYGROMETER,
item,i1_diesel,0.5 L I1 diesel engine,dda,dda,missing,,,,data/json/items/vehicle/engine.json,,
item,id_LIXA_mil,LIXA military police badge,dda,dda,missing,,,id_LIXA_mil,data/json/items/id_cards.json,LIXA_MILITARY_CARD | LIXA_SCIENCE_CARD | PRESERVE_SPAWN_LOC | HINT_THE_LOCATION | CREDIT_CARD_SHAPED,
item,id_anduril_ar,Anduril Industries ID card,dda,dda,missing,,,,data/json/items/id_cards.json,CREDIT_CARD_SHAPED | ANDURIL_AR_CARD,
item,id_exodii_string_dimension,strange plastic key,dda,dda,missing,,,,data/json/items/id_cards.json,CREDIT_CARD_SHAPED | EXODII_STRING_DIMENSION_CARD,
item,improvised_oven,improvised oven,dda,dda,missing,,,,data/json/items/generic/dining_kitchen.json,ALLOWS_REMOTE_USE,
item,inert_glowing_string,glowing string,dda,dda,missing,,,,data/json/items/relics/extradimensional_artifacts.json,,
item,inhalation_valve,inhalation valve,dda,dda,missing,,,,data/json/items/resources/plastic.json,NO_SALVAGE,
item,inner_cabins_depths_note,leather notebook,dda,dda,missing,,,,data/json/items/book/maps.json,,
item,inner_cabins_depths_note_2,sketched map,dda,dda,missing,,,,data/json/items/book/maps.json,PAPER_SHAPED,
item,inner_cabins_depths_note_2_used,sketched map (used),dda,dda,missing,,,,data/json/items/book/maps.json,PAPER_SHAPED,
item,inner_cabins_depths_note_3,strange subway map,dda,dda,missing,,,,data/json/items/book/maps.json,PAPER_SHAPED,
item,inner_cabins_depths_note_3_used,strange subway map (used),dda,dda,missing,,,,data/json/items/book/maps.json,PAPER_SHAPED,
item,inner_cabins_depths_note_used,leather notebook (used),dda,dda,missing,,,,data/json/items/book/maps.json,,
item,insect_dust,chitin dust,dda,dda,missing,,,,data/json/items/biosignatures.json,NO_SALVAGE | INEDIBLE,
item,insert_vision_correction,vision correction assembly,dda,dda,missing,,,outsert_clear,data/json/items/armor/head_attachments.json,CANT_WEAR | OUTER | PANORAMIC_INSERT | FIX_NEARSIGHT | FIX_FARSIGHT | SKINTIGHT,
item,integrated_antlers,deer antlers,dda,xedra_evolved,missing,,,,data/mods/Xedra_Evolved/items/armor/integrated.json,INTEGRATED | ALLOWS_NATURAL_ATTACKS | UNBREAKABLE | AURA | PADDED | NO_SALVAGE,
item,integrated_ar,Integrated AR System,dda,dda,missing,,,,data/json/items/fake.json,ZOOM | WATCH | ALARMCLOCK | SUN_GLASSES | THERMOMETER | INTEGRATED | UNBREAKABLE | PERSONAL | NO_REPAIR | ALLOWS_NATURAL_ATTACKS | USES_BIONIC_POWER,
item,integrated_bark,protective bark,dda,dda,missing,,,,data/json/items/armor/integrated.json,INTEGRATED | ALLOWS_NATURAL_ATTACKS | UNBREAKABLE | NORMAL | WATERPROOF | IRRITANT_IMMUNE | PADDED | ALLOWS_TALONS,
item,integrated_bark2_a,distributed bark,dda,dda,missing,,,,data/json/items/armor/integrated.json,INTEGRATED | ALLOWS_NATURAL_ATTACKS | UNBREAKABLE | NORMAL | WATERPROOF | IRRITANT_IMMUNE | PADDED | ALLOWS_TALONS,
item,integrated_bark2_b,consolidated bark,dda,dda,missing,,,,data/json/items/armor/integrated.json,INTEGRATED | ALLOWS_NATURAL_ATTACKS | UNBREAKABLE | NORMAL | WATERPROOF | IRRITANT_IMMUNE | PADDED | ALLOWS_TALONS,
item,integrated_bark2_c,latticed bark,dda,dda,missing,,,,data/json/items/armor/integrated.json,INTEGRATED | ALLOWS_NATURAL_ATTACKS | UNBREAKABLE | NORMAL | OUTER | PADDED | ALLOWS_TALONS,
item,integrated_bio_robofac_xmarm,Hub 01 ARM exoskeleton,dda,dda,missing,,,,data/json/items/armor/robofac_bionics.json,OUTER | CAN_USE_IN_DARK | COMBAT_TOGGLEABLE | STURDY | WATER_FRIENDLY | MUNDANE | PADDED | ROBOFAC_ARM,
item,integrated_bio_robofac_xmarm_on,Hub 01 ARM exoskeleton (on),dda,dda,missing,,,integrated_bio_robofac_xmarm,data/json/items/armor/robofac_bionics.json,OUTER | CAN_USE_IN_DARK | COMBAT_TOGGLEABLE | STURDY | WATER_FRIENDLY | MUNDANE | PADDED | ROBOFAC_ARM | SPAWN_ACTIVE | NO_TAKEOFF | TRADER_AVOID,
item,integrated_bio_robofac_xmback,Hub 01 BACK exoskeleton,dda,dda,missing,,,,data/json/items/armor/robofac_bionics.json,BELTED | CAN_USE_IN_DARK | COMBAT_TOGGLEABLE | STURDY | WATER_FRIENDLY | MUNDANE | PADDED | ROBOFAC_BACK,
item,integrated_bio_robofac_xmback_on,Hub 01 BACK exoskeleton (on),dda,dda,missing,,,integrated_bio_robofac_xmback,data/json/items/armor/robofac_bionics.json,BELTED | CAN_USE_IN_DARK | COMBAT_TOGGLEABLE | STURDY | WATER_FRIENDLY | MUNDANE | PADDED | ROBOFAC_BACK | SPAWN_ACTIVE | NO_TAKEOFF | TRADER_AVOID,
item,integrated_bio_robofac_xmleg,Hub 01 LEG exoskeleton,dda,dda,missing,,,,data/json/items/armor/robofac_bionics.json,OUTER | CAN_USE_IN_DARK | COMBAT_TOGGLEABLE | STURDY | WATER_FRIENDLY | MUNDANE | PADDED | ROBOFAC_LEG,
item,integrated_bio_robofac_xmleg_on,Hub 01 LEG exoskeleton (on),dda,dda,missing,,,integrated_bio_robofac_xmleg,data/json/items/armor/robofac_bionics.json,OUTER | CAN_USE_IN_DARK | COMBAT_TOGGLEABLE | STURDY | WATER_FRIENDLY | MUNDANE | PADDED | ROBOFAC_LEG | SPAWN_ACTIVE | NO_TAKEOFF | TRADER_AVOID,
item,integrated_carapace,sclerotin carapace,dda,dda,missing,,,,data/json/items/armor/integrated.json,INTEGRATED | ALLOWS_NATURAL_ATTACKS | BLOCK_WHILE_WORN | UNBREAKABLE | OUTER | PADDED | IRRITANT_IMMUNE | ALLOWS_TALONS,
item,integrated_carapace_molted,fresh sclerotin carapace,dda,dda,missing,,,,data/json/items/armor/integrated.json,INTEGRATED | ALLOWS_NATURAL_ATTACKS | BLOCK_WHILE_WORN | UNBREAKABLE | OUTER | ALLOWS_TALONS,
item,integrated_chitin,epicuticle,dda,dda,missing,,,,data/json/items/armor/integrated.json,INTEGRATED | ALLOWS_NATURAL_ATTACKS | UNBREAKABLE | PERSONAL | WATER_FRIENDLY,
item,integrated_chitin2,chitin carapace,dda,dda,missing,,,,data/json/items/armor/integrated.json,INTEGRATED | ALLOWS_NATURAL_ATTACKS | BLOCK_WHILE_WORN | UNBREAKABLE | NORMAL | WATER_FRIENDLY | IRRITANT_IMMUNE | NO_SALVAGE | PADDED | ALLOWS_TALONS,
item,integrated_chitin2_molted,fresh chitin carapace,dda,dda,missing,,,,data/json/items/armor/integrated.json,INTEGRATED | ALLOWS_NATURAL_ATTACKS | BLOCK_WHILE_WORN | UNBREAKABLE | NORMAL | WATER_FRIENDLY | PADDED | ALLOWS_TALONS,
item,integrated_chitin3,sclerotin plate,dda,dda,missing,,,,data/json/items/armor/integrated.json,INTEGRATED | ALLOWS_NATURAL_ATTACKS | BLOCK_WHILE_WORN | UNBREAKABLE | OUTER | PADDED | IRRITANT_IMMUNE | ALLOWS_TALONS,
item,integrated_chitin3_claws,sclerotin claws,dda,dda,missing,,,,data/json/items/armor/integrated.json,INTEGRATED | ALLOWS_NATURAL_ATTACKS | UNBREAKABLE | OUTER | PADDED | ALLOWS_TALONS,
item,integrated_chitin3_molted,fresh sclerotin plate,dda,dda,missing,,,,data/json/items/armor/integrated.json,INTEGRATED | ALLOWS_NATURAL_ATTACKS | BLOCK_WHILE_WORN | UNBREAKABLE | OUTER | PADDED | ALLOWS_TALONS,
item,integrated_claws,claws,dda,dda,missing,,,,data/json/items/armor/integrated.json,INTEGRATED | ALLOWS_NATURAL_ATTACKS | UNBREAKABLE | OUTER | PADDED | NO_SALVAGE,
item,integrated_claws_rat,gnarled claws,dda,dda,missing,,,,data/json/items/armor/integrated.json,INTEGRATED | ALLOWS_NATURAL_ATTACKS | UNBREAKABLE | OUTER | PADDED | NO_SALVAGE,
item,integrated_claws_st,stainless claws,dda,dda,missing,,,,data/json/items/armor/integrated.json,INTEGRATED | ALLOWS_NATURAL_ATTACKS | UNBREAKABLE | OUTER | PADDED | NO_SALVAGE,
item,integrated_electrokit,integrated soldering iron,dda,dda,missing,,,,data/json/items/tool/integrated.json,INTEGRATED | UNBREAKABLE | PERSONAL | WATER_FRIENDLY | SOFT | NO_REPAIR | ALLOWS_NATURAL_ATTACKS | TRADER_AVOID | USES_BIONIC_POWER,
item,integrated_fangs,fangs,dda,dda,missing,,,,data/json/items/armor/integrated.json,INTEGRATED | ALLOWS_NATURAL_ATTACKS | UNBREAKABLE | PERSONAL | PADDED | PROVIDES_TECHNIQUES,
item,integrated_fangs_spider,folding fangs,dda,dda,missing,,,,data/json/items/armor/integrated.json,INTEGRATED | PROVIDES_TECHNIQUES | ALLOWS_NATURAL_ATTACKS | UNBREAKABLE | PERSONAL | WATER_FRIENDLY | PADDED,
item,integrated_feathers,feathers,dda,dda,missing,,,,data/json/items/armor/integrated.json,INTEGRATED | ALLOWS_NATURAL_ATTACKS | UNBREAKABLE | PERSONAL | WATER_FRIENDLY,
item,integrated_feline_fur,sleek fur,dda,dda,missing,,,,data/json/items/armor/integrated.json,INTEGRATED | ALLOWS_NATURAL_ATTACKS | UNBREAKABLE | SKINTIGHT,
item,integrated_fishscales,sleek scales,dda,dda,missing,,,,data/json/items/armor/integrated.json,INTEGRATED | ALLOWS_NATURAL_ATTACKS | UNBREAKABLE | SKINTIGHT | WATER_FRIENDLY | IRRITANT_IMMUNE | TOUGH_FEET | ALLOWS_TALONS,
item,integrated_fur,fur,dda,dda,missing,,,,data/json/items/armor/integrated.json,INTEGRATED | ALLOWS_NATURAL_ATTACKS | UNBREAKABLE | SKINTIGHT | WATER_FRIENDLY,
item,integrated_giant_pincer,sclerotin right pincer,dda,dda,missing,,,,data/json/obsoletion_and_migration_0.I/obsolete_integrated.json,INTEGRATED | ALLOWS_NATURAL_ATTACKS | UNBREAKABLE | OUTER | PADDED | ALLOWS_TALONS,
item,integrated_horns_curled,curled horns,dda,dda,missing,,,,data/json/items/armor/integrated.json,INTEGRATED | ALLOWS_NATURAL_ATTACKS | UNBREAKABLE | SKINTIGHT | PADDED | NO_SALVAGE | PROVIDES_TECHNIQUES,
item,integrated_horns_pointed,pointed horns,dda,dda,missing,,,,data/json/items/armor/integrated.json,INTEGRATED | ALLOWS_NATURAL_ATTACKS | UNBREAKABLE | SKINTIGHT | PADDED | NO_SALVAGE | PROVIDES_TECHNIQUES,
item,integrated_horns_small,horns,dda,dda,missing,,,,data/json/items/armor/integrated.json,INTEGRATED | ALLOWS_NATURAL_ATTACKS | UNBREAKABLE | SKINTIGHT | PADDED | NO_SALVAGE | PROVIDES_TECHNIQUES,
item,integrated_interstice_aura,Penumbral Interstitium,dda,dda,missing,,,,data/json/items/armor/integrated.json,INTEGRATED | ALLOWS_NATURAL_ATTACKS | UNBREAKABLE | PERSONAL | ALLOWS_TALONS | RAD_PROOF | WATERPROOF,
item,integrated_lightfur,light fur,dda,dda,missing,,,,data/json/items/armor/integrated.json,INTEGRATED | ALLOWS_NATURAL_ATTACKS | UNBREAKABLE | PERSONAL | WATER_FRIENDLY,
item,integrated_lupine_fur,gray fur,dda,dda,missing,,,,data/json/items/armor/integrated.json,INTEGRATED | ALLOWS_NATURAL_ATTACKS | UNBREAKABLE | SKINTIGHT | RAINPROOF | IRRITANT_IMMUNE,
item,integrated_lupine_fur_summer,summer coat,dda,dda,missing,,,,data/json/items/armor/integrated.json,INTEGRATED | ALLOWS_NATURAL_ATTACKS | UNBREAKABLE | SKINTIGHT | RAINPROOF | IRRITANT_IMMUNE,
item,integrated_lynx_fur,lynx fur,dda,dda,missing,,,,data/json/items/armor/integrated.json,INTEGRATED | ALLOWS_NATURAL_ATTACKS | UNBREAKABLE | NORMAL | COLLAR,
item,integrated_mandibles,mandibles,dda,dda,missing,,,,data/json/items/armor/integrated.json,INTEGRATED | PROVIDES_TECHNIQUES | ALLOWS_NATURAL_ATTACKS | UNBREAKABLE | SKINTIGHT | PADDED | NO_SALVAGE,
item,integrated_multimeter,integrated multimeter,dda,dda,missing,,,,data/json/items/tool/integrated.json,INTEGRATED | UNBREAKABLE | PERSONAL | WATER_FRIENDLY | SOFT | NO_REPAIR | ALLOWS_NATURAL_ATTACKS | TRADER_AVOID | USES_BIONIC_POWER,
item,integrated_nl_dimensional_anchor,Dimensional Anchor,dda,dda,missing,,,,data/json/items/fake.json,INTEGRATED | UNBREAKABLE | PERSONAL | NO_REPAIR | ALLOWS_NATURAL_ATTACKS | DIMENSIONAL_ANCHOR | SPAWN_ACTIVE,
item,integrated_nl_psyshield,Cranial EMF Shielding,dda,dda,missing,,,,data/json/items/fake.json,INTEGRATED | UNBREAKABLE | PERSONAL | NO_REPAIR | ALLOWS_NATURAL_ATTACKS | PSYSHIELD_PARTIAL,
item,integrated_pat_radio,Infolink: Call Pat,dda,dda,missing,,,,data/json/items/fake.json,INTEGRATED | UNBREAKABLE | PERSONAL | NO_REPAIR | ALLOWS_NATURAL_ATTACKS,
item,integrated_pat_transponder,Infolink: Pat's Transponder (off),dda,dda,missing,,,,data/json/items/fake.json,INTEGRATED | UNBREAKABLE | PERSONAL | NO_REPAIR | ALLOWS_NATURAL_ATTACKS,
item,integrated_pat_transponder_on,Infolink: Pat's Transponder (on),dda,dda,missing,,,integrated_pat_transponder,data/json/items/fake.json,INTEGRATED | UNBREAKABLE | PERSONAL | NO_REPAIR | ALLOWS_NATURAL_ATTACKS | SPAWN_ACTIVE,
item,integrated_patchskin1,jumbled skin,dda,dda,missing,,,,data/json/items/armor/integrated.json,INTEGRATED | ALLOWS_NATURAL_ATTACKS | UNBREAKABLE | SKINTIGHT | WATER_FRIENDLY | SOFT | NO_SALVAGE,
item,integrated_patchskin2,patchwork skin,dda,dda,missing,,,,data/json/items/armor/integrated.json,INTEGRATED | ALLOWS_NATURAL_ATTACKS | UNBREAKABLE | SKINTIGHT | WATER_FRIENDLY | IRRITANT_IMMUNE | SOFT | TOUGH_FEET | NO_SALVAGE,
item,integrated_patchskin3,patchwork armor,dda,dda,missing,,,,data/json/items/armor/integrated.json,INTEGRATED | ALLOWS_NATURAL_ATTACKS | UNBREAKABLE | NORMAL | WATER_FRIENDLY | PADDED | IRRITANT_IMMUNE | NO_SALVAGE,
item,integrated_plantskin,phelloderm,dda,dda,missing,,,,data/json/items/armor/integrated.json,INTEGRATED | ALLOWS_NATURAL_ATTACKS | UNBREAKABLE | PERSONAL | WATER_FRIENDLY | SOFT | ALLOWS_TALONS,
item,integrated_rabbitfur,rabbit fur,dda,dda,missing,,,,data/json/items/armor/integrated.json,INTEGRATED | ALLOWS_NATURAL_ATTACKS | UNBREAKABLE | PERSONAL | WATER_FRIENDLY,
item,integrated_reptilescales,thick scales,dda,dda,missing,,,,data/json/items/armor/integrated.json,INTEGRATED | ALLOWS_NATURAL_ATTACKS | UNBREAKABLE | SKINTIGHT | WATER_FRIENDLY | IRRITANT_IMMUNE | PADDED | TOUGH_FEET | NO_SALVAGE,
item,integrated_saber_teeth,saber teeth,dda,dda,missing,,,,data/json/items/armor/integrated.json,INTEGRATED | ALLOWS_NATURAL_ATTACKS | UNBREAKABLE | PERSONAL | PADDED | PROVIDES_TECHNIQUES,
item,integrated_scales,scales,dda,dda,missing,,,,data/json/items/armor/integrated.json,INTEGRATED | ALLOWS_NATURAL_ATTACKS | UNBREAKABLE | SKINTIGHT | WATER_FRIENDLY | TOUGH_FEET | ALLOWS_TALONS,
item,integrated_shark_teeth,shark teeth,dda,dda,missing,,,,data/json/items/armor/integrated.json,INTEGRATED | ALLOWS_NATURAL_ATTACKS | UNBREAKABLE | PERSONAL | PADDED | PROVIDES_TECHNIQUES,
item,integrated_shell,shell,dda,dda,missing,,,,data/json/items/armor/integrated.json,INTEGRATED | ALLOWS_NATURAL_ATTACKS | UNBREAKABLE | OUTER | BELTED | WATERPROOF | PADDED,
item,integrated_shell2,roomy shell,dda,dda,missing,,,,data/json/items/armor/integrated.json,INTEGRATED | ALLOWS_NATURAL_ATTACKS | UNBREAKABLE | OUTER | BELTED | WATERPROOF | PADDED,
item,integrated_shell3,nacreous shell,dda,dda,missing,,,,data/json/items/armor/integrated.json,INTEGRATED | ALLOWS_NATURAL_ATTACKS | UNBREAKABLE | OUTER | BELTED | WATERPROOF | PADDED,
item,integrated_sparse_scales,sparse scales,dda,dda,missing,,,,data/json/items/armor/integrated.json,INTEGRATED | ALLOWS_NATURAL_ATTACKS | UNBREAKABLE | PERSONAL | WATER_FRIENDLY | ALLOWS_TALONS,
item,integrated_talons,talons,dda,dda,missing,,,,data/json/items/armor/integrated.json,INTEGRATED | ALLOWS_NATURAL_ATTACKS | UNBREAKABLE | OUTER | PADDED | NO_SALVAGE,
item,integrated_toe_talons,talons,dda,dda,missing,,,,data/json/items/armor/integrated.json,INTEGRATED | ALLOWS_NATURAL_ATTACKS | UNBREAKABLE | PADDED | NO_SALVAGE | PROVIDES_TECHNIQUES | SKINTIGHT,
item,integrated_ursine_fur,shaggy fur,dda,dda,missing,,,,data/json/items/armor/integrated.json,INTEGRATED | ALLOWS_NATURAL_ATTACKS | UNBREAKABLE | NORMAL | WATER_FRIENDLY | SOFT,
item,integrated_ursine_fur_summer,scruffy fur,dda,dda,missing,,,,data/json/items/armor/integrated.json,INTEGRATED | ALLOWS_NATURAL_ATTACKS | UNBREAKABLE | NORMAL | WATER_FRIENDLY | SOFT,
item,integrated_vampire_fangs,vampire fangs,dda,dda,missing,,,,data/json/items/armor/integrated.json,INTEGRATED | ALLOWS_NATURAL_ATTACKS | UNBREAKABLE | PERSONAL | PADDED | PROVIDES_TECHNIQUES,
item,integrated_welder,integrated welder,dda,dda,missing,,,,data/json/items/tool/integrated.json,INTEGRATED | UNBREAKABLE | PERSONAL | WATER_FRIENDLY | SOFT | NO_REPAIR | ALLOWS_NATURAL_ATTACKS | TRADER_AVOID | USES_BIONIC_POWER,
item,internal_battery_compartment,internal battery compartment,dda,dda,missing,,,,data/json/items/tool/integrated.json,INTEGRATED | UNBREAKABLE | PERSONAL | NO_REPAIR | ALLOWS_NATURAL_ATTACKS | BIONIC_FUEL_SOURCE,
item,internal_bio_purifier,Air Filtration System,dda,dda,missing,,,,data/json/items/armor/integrated.json,INTEGRATED | UNBREAKABLE | PERSONAL,
item,internal_ethanol_tank,internal ethanol tank,dda,dda,missing,,,,data/json/items/tool/integrated.json,INTEGRATED | UNBREAKABLE | PERSONAL | NO_REPAIR | ALLOWS_NATURAL_ATTACKS | BIONIC_FUEL_SOURCE,
item,internal_gasoline_tank,internal gasoline tank,dda,dda,missing,,,,data/json/items/tool/integrated.json,INTEGRATED | UNBREAKABLE | PERSONAL | NO_REPAIR | ALLOWS_NATURAL_ATTACKS | BIONIC_FUEL_SOURCE,
item,internal_mp3_music,WearMan Music,dda,dda,missing,,,,data/json/items/fake.json,INTEGRATED | UNBREAKABLE | PERSONAL | NO_REPAIR | ALLOWS_NATURAL_ATTACKS,
item,internal_mp3_radio,WearMan Radio,dda,dda,missing,,,,data/json/items/fake.json,INTEGRATED | UNBREAKABLE | PERSONAL | NO_REPAIR | ALLOWS_NATURAL_ATTACKS,
item,internal_oil_tank,internal oil tank,dda,dda,missing,,,,data/json/items/tool/integrated.json,INTEGRATED | UNBREAKABLE | PERSONAL | NO_REPAIR | ALLOWS_NATURAL_ATTACKS | BIONIC_FUEL_SOURCE,
item,iodine_crystal,iodine crystals,dda,dda,missing,,,,data/json/items/chemicals_and_resources.json,,
item,iotv_groin_plate,ballistic groin protector,dda,dda,missing,,,,data/json/items/armor/ballistic_armor.json,STURDY | OUTER | WATER_FRIENDLY | CANT_WEAR,
item,iotv_neck_plate,ballistic collar,dda,dda,missing,,,,data/json/items/armor/ballistic_armor.json,STURDY | OUTER | WATER_FRIENDLY | CANT_WEAR,
item,iotv_shoulder_plate,ballistic shoulder protectors (pair),dda,dda,missing,,,,data/json/items/armor/ballistic_armor.json,STURDY | OUTER | WATER_FRIENDLY | CANT_WEAR,
item,iron_armor_cow,iron cow armor,dda,dda,missing,,,,data/json/items/armor/pets_cow_armor.json,IS_PET_ARMOR,
item,iron_armor_horse,iron horse armor,dda,dda,missing,,,,data/json/items/armor/pets_horse_armor.json,IS_PET_ARMOR,
item,iskender,iskender kebab,dda,dda,missing,,,,data/json/items/comestibles/meat_dishes.json,EATEN_HOT | FREEZERBURN,
item,it_handheld_battery_mount,tool battery mount,dda,dda,missing,,,,data/json/items/vehicle/battery.json,,
item,item_portal_storm_dimension_returner,fragment of reality,dda,dda,missing,,,,data/json/items/armor/integrated.json,INTEGRATED | ALLOWS_NATURAL_ATTACKS | UNBREAKABLE | AURA | PADDED | NO_SALVAGE,
item,ithaca37,4-round hunting shotgun,dda,dda,missing,,,,data/json/items/gun/shot.json,RELOAD_ONE | NO_TURRET | EASY_CLEAN | PUMP_ACTION,
item,jacket_ninja,ninja jacket,dda,dda,missing,,,jacket,data/json/items/armor/coats.json,OUTER | VARSIZE | POCKETS | ALLOWS_GASTROPOD_FOOT | ALLOWS_LEG_TENTACLES,
item,jackstraws,jackstraws set,dda,dda,missing,,,,data/json/items/fluff.json,NO_REPAIR,
item,japanese_knotweed_stem,Japanese knotweed stems,dda,dda,missing,,,,data/json/items/comestibles/raw_veggy.json,FREEZERBURN | RAW | RABBIT | CATTLE,
item,javelin_fletched,iron war dart,dda,dda,missing,,,,data/json/items/ranged/throwing.json,NONCONDUCTIVE | JAVELIN,
item,javelin_fletched_bronze,bronze war dart,dda,dda,missing,,,,data/json/items/ranged/throwing.json,NONCONDUCTIVE | JAVELIN,
item,jerusalem_artichoke,Jerusalem artichoke,dda,dda,missing,,,,data/json/items/comestibles/raw_veggy.json,RAW | RAT,
item,jerusalem_artichoke_boiled,boiled Jerusalem artichoke,dda,dda,missing,,,jerusalem_artichoke_sauteed,data/json/items/comestibles/veggy_dishes.json,RAT | EATEN_HOT | FREEZERBURN | NUTRIENT_OVERRIDE,
item,jerusalem_artichoke_sauteed,sauteed Jerusalem artichoke,dda,dda,missing,,,jerusalem_artichoke,data/json/items/comestibles/veggy_dishes.json,RAT | EATEN_HOT | FREEZERBURN,
item,jigsaw,Jigsaw puzzle,dda,dda,missing,,,,data/json/items/fluff.json,NO_REPAIR,
item,jointer_tool,jointer,dda,dda,missing,,,,data/json/items/fake.json,ZERO_WEIGHT | TRADER_AVOID | DEBUG_ONLY | ALLOWS_REMOTE_USE | PSEUDO,
item,kale,kale,dda,dda,missing,,,,data/json/items/comestibles/raw_veggy.json,FREEZERBURN | CATTLE | RABBIT | RAT | MOUSE,
item,kale_head,kale head,dda,dda,missing,,,,data/json/items/comestibles/raw_veggy.json,FREEZERBURN | CATTLE | RABBIT | RAT | MOUSE,
item,kelp_sugar,sugar kelp,dda,dda,missing,,,,data/json/items/comestibles/raw_veggy.json,FREEZERBURN | CATTLE | RABBIT,
item,ketene_lamp,ketene lamp,dda,dda,missing,,,,data/json/items/tool/science.json,WATER_BREAK,
item,kevlar_armor_cow,Kevlar-lined cow peto,dda,dda,missing,,,,data/json/items/armor/pets_cow_armor.json,IS_PET_ARMOR,
item,kevlar_nape_protector,Kevlar nape protector,dda,dda,missing,,,,data/json/items/armor/head_attachments.json,HELMET_NAPE_PROTECTOR | CANT_WEAR | OUTER,
item,kevlar_patch,Kevlar patch,dda,dda,missing,,,,data/json/items/resources/tailoring.json,,
item,khuunaofaai_ammo_corrosive,Khuunäöfaai corrosive payload,dda,dda,missing,,,khuunaofaai_ammo_firework,data/json/items/ammo/exodii.json,NO_DROP,
item,khuunaofaai_ammo_firework,Khuunäöfaai firework payload,dda,dda,missing,,,,data/json/items/ammo/exodii.json,NO_DROP,
item,khuunaofaai_ammo_foam,Khuunäöfaai foaming payload,dda,dda,missing,,,khuunaofaai_ammo_firework,data/json/items/ammo/exodii.json,NO_DROP,
item,khuunaofaai_ammo_incendiary,Khuunäöfaai incendiary payload,dda,dda,missing,,,,data/json/items/ammo/exodii.json,NO_DROP,
item,kipple_object,strange object,dda,dda,missing,,,,data/json/items/netherum/labyrinth_kipple.json,,
item,kipple_wrapper,paper wrapper,dda,dda,missing,,,,data/json/items/netherum/labyrinth_kipple.json,,
item,kiymali_pide,kiymali pide,dda,dda,missing,,,,data/json/items/comestibles/meat_dishes.json,EATEN_HOT | FREEZERBURN,
item,knight_mage,Knight Mage,dda,dda,missing,,,,data/json/items/fluff.json,NO_REPAIR,
item,knit_scarf_headwrap,knit scarf (headwrap),dda,dda,missing,,,,data/json/items/armor/scarfs.json,OUTER,
item,knuckle_impact,impact knuckles (pair),dda,dda,missing,,,,data/json/items/melee/unarmed_weapons.json,WATER_FRIENDLY | DURABLE_MELEE | OUTER,
item,knuckle_skewer,skewer knuckles (pair),dda,dda,missing,,,,data/json/items/melee/unarmed_weapons.json,WATER_FRIENDLY | DURABLE_MELEE | OUTER,
item,kombu,kombu,dda,dda,missing,,,,data/json/items/comestibles/veggy_dishes.json,INEDIBLE,
item,lahmacun,lahmacun,dda,dda,missing,,,,data/json/items/comestibles/meat_dishes.json,EATEN_HOT | FREEZERBURN,
item,lamellae_ch,hardened steel lamella,dda,dda,missing,,,,data/json/items/ammo.json,NO_SALVAGE,
item,lamellae_lc,mild steel lamella,dda,dda,missing,,,,data/json/items/ammo.json,NO_SALVAGE,
item,large_bone,large bone,dda,dda,missing,,,,data/json/items/resources/bone.json,RAW | INEDIBLE | NO_TEMP | PUNCTURE_VEHICLE_WHEELS,
item,large_bone_fossil,large bone replica,dda,dda,missing,,,,data/json/items/resources/stone.json,,
item,large_bone_plaster,large bone replica,dda,dda,missing,,,,data/json/items/resources/stone.json,,
item,large_damaged_shelter_kit,large damaged shelter,dda,dda,missing,,,,data/json/items/tool/shelters.json,TRADER_AVOID,
item,large_pressure_vessel,large pressure vessel,dda,dda,missing,,,,data/json/items/generic/spares.json,,
item,large_shelter_kit,large shelter kit,dda,dda,missing,,,,data/json/items/tool/shelters.json,,
item,latrunculi,latrunculi set,dda,dda,missing,,,,data/json/items/fluff.json,NO_REPAIR,
item,lazy_lobster_casserole,lazy lobster casserole,dda,dda,missing,,,,data/json/items/comestibles/casseroles.json,EATEN_HOT,
item,lc_aztec_spear,mild steel bladed tepoztopili,dda,dda,missing,,,,data/json/items/melee/spears_and_polearms.json,NONCONDUCTIVE | DURABLE_MELEE | REACH_ATTACK | POLEARM | SHEATH_SPEAR | SPEAR,
item,lc_aztec_sword,mild steel bladed macuahuitl,dda,dda,missing,,,,data/json/items/melee/bludgeons.json,NONCONDUCTIVE | DURABLE_MELEE,
item,lc_brigandine_hands,mild steel brigandine gloves (pair),dda,dda,missing,,,,data/json/items/armor/brigandine.json,STURDY | OUTER | VARSIZE,
item,lc_brigandine_hands_xs,mild steel brigandine gloves (pair),dda,dda,missing,,,lc_brigandine_hands,data/json/items/armor/brigandine.json,STURDY | OUTER | VARSIZE | UNDERSIZE | PREFIX_XS,
item,lc_chainmail_aventail,mild steel chainmail aventail,dda,dda,missing,,,,data/json/items/armor/head_attachments.json,VARSIZE | STURDY | HELMET_AVENTAIL | CANT_WEAR,
item,lc_chainmail_face,mild steel chainmail partial aventail,dda,dda,missing,,,,data/json/items/armor/head_attachments.json,VARSIZE | STURDY | HELMET_AVENTAIL | CANT_WEAR,
item,lc_esbi_plate,mild ESBI plate,dda,dda,missing,,,scrap_esbi_plate,data/json/items/armor/ballistic_armor.json,ABLATIVE_MEDIUM | CANT_WEAR | STURDY | NO_SALVAGE,
item,lc_shoulder_guards,mild steel shoulder guards (pair),dda,dda,missing,,,,data/json/items/armor/brigandine.json,,
item,lc_shoulder_guards_xs,mild steel shoulder guards (pair),dda,dda,missing,,,lc_shoulder_guards,data/json/items/armor/brigandine.json,PREFIX_XS,
item,lc_steel_bar_flat,low steel flat bar stock,dda,dda,missing,,,steel_bar_flat,data/json/items/resources/metal.json,,
item,lc_steel_bar_round,low steel bar stock,dda,dda,missing,,,steel_bar_round,data/json/items/resources/metal.json,,
item,lc_steel_facemask,mild steel armored face mask,dda,dda,missing,,,,data/json/items/armor/head_attachments.json,VARSIZE | STURDY | HELMET_AVENTAIL | CANT_WEAR,
item,le_havre,Le Pourt: The Inland Port,dda,dda,missing,,,,data/json/items/fluff.json,NO_REPAIR,
item,lead_plate_xedra_mark,lead plate,dda,dda,missing,,,,data/json/items/armor/ballistic_armor.json,ABLATIVE_LARGE | CANT_WEAR | STURDY,
item,leather_armor_cow,boiled leather cow barding with caparison,dda,dda,missing,,,,data/json/items/armor/pets_cow_armor.json,IS_PET_ARMOR,
item,leatherbone_armor_cow,boiled leather cow barding with bones,dda,dda,missing,,,,data/json/items/armor/pets_cow_armor.json,IS_PET_ARMOR,
item,leg_zed,tainted limb,dda,dda,missing,,,,data/json/items/comestibles/carnivore.json,TRADER_AVOID | NUTRIENT_OVERRIDE | NO_REPAIR,
item,legguard_metal_sheets_hip,sheet metal skirt,dda,dda,missing,,,,data/json/items/armor/legs_armor.json,OUTER | WATER_FRIENDLY | ALLOWS_TAIL,
item,legrig_wetsuit,diving pouches (pair),dda,dda,missing,,,,data/json/items/armor/storage.json,OVERSIZE | WATER_FRIENDLY | BELTED,
item,lens_crude,crude glass lens,dda,dda,missing,,,,data/json/items/tool/fire.json,FIRESTARTER,
item,liq_bandage,liquid bandage,dda,dda,missing,,,,data/json/items/ammo.json,,
item,lobster,chunk of lobster meat,dda,dda,missing,,,,data/json/items/comestibles/carnivore.json,RAW,
item,lobster_platter,lobster platter,dda,dda,missing,,,,data/json/items/comestibles/meat_dishes.json,EATEN_HOT,
item,long_knit_scarf_headwrap,long knit scarf (headwrap),dda,dda,missing,,,,data/json/items/armor/scarfs.json,OUTER,
item,long_patchwork_scarf_headwrap,long patchwork scarf (headwrap),dda,dda,missing,,,,data/json/items/armor/scarfs.json,OUTER,
item,lotus_rhizome,lotus root,dda,dda,missing,,,,data/json/items/comestibles/raw_veggy.json,FREEZERBURN | RABBIT,
item,lotus_rhizome_boiled,boiled lotus root,dda,dda,missing,,,lotus_rhizome,data/json/items/comestibles/veggy_dishes.json,EATEN_HOT,
item,ls_sd_passcode,holographic shard,dda,dda,missing,,,,data/json/items/netherum/labyrinth_passcode_items.json,,
item,ls_sd_passcode_used,holographic shard (used),dda,dda,missing,,,,data/json/items/netherum/labyrinth_passcode_items.json,,
item,ludo,Ludo,dda,dda,missing,,,,data/json/items/fluff.json,NO_REPAIR,
item,lump_cast_iron,cast iron lump,dda,dda,missing,,,,data/json/items/resources/metal.json,,
item,lux_meter,lux meter,dda,dda,missing,,,,data/json/items/tool/science.json,WATER_BREAK | ELECTRONIC,
item,m1carbine,M1 carbine,dda,bombastic_perks,missing,,,m1carbine,data/mods/BombasticPerks/perkdata/old_guns.json,OLD_GUN,
item,m240semi,M240 select fire trigger,dda,dda,missing,,,,data/json/items/gunmod/mechanism.json,INSTALL_DIFFICULT | CONSUMABLE,
item,m249semi,M249 select fire trigger,dda,dda,missing,,,,data/json/items/gunmod/mechanism.json,INSTALL_DIFFICULT | CONSUMABLE,
item,m26_mass,M26-MASS shotgun,dda,dda,missing,,,,data/json/items/gunmod/underbarrel.json,,
item,m26_mass_mag_3,M26-MASS 3-round magazine,dda,dda,missing,,,,data/json/items/magazine/shot.json,MAG_COMPACT,
item,m26_mass_mag_5,M26-MASS 5-round magazine,dda,dda,missing,,,,data/json/items/magazine/shot.json,MAG_COMPACT,
item,m26_mass_mod,modified M26-MASS,dda,dda,missing,,,m26_mass,data/json/items/gunmod/underbarrel.json,,
item,m26_mass_standalone,M26-MASS standalone shotgun,dda,dda,missing,,,,data/json/items/gun/shot.json,RELOAD_ONE | NO_TURRET | EASY_CLEAN | BOLT_ACTION,
item,m26_mass_stock,MASS compatible stock,dda,dda,missing,,,,data/json/items/gunmod/stock.json,,
item,m_stellatum_berries,starry false Solomon's seal berries,dda,dda,missing,,,,data/json/items/comestibles/raw_fruit.json,EDIBLE_FROZEN,
item,makeshift_checkers,makeshift checkers set,dda,dda,missing,,,,data/json/items/fluff.json,NO_REPAIR,
item,makeshift_crutches,makeshift crutches (pair),dda,dda,missing,,,,data/json/items/melee/bludgeons.json,FRAGILE_MELEE | NONCONDUCTIVE | CRUTCHES,
item,makeshift_dominoes,makeshift dominoes set,dda,dda,missing,,,,data/json/items/fluff.json,NO_REPAIR,
item,makeshift_vacuum_mold,makeshift vacuum mold,dda,dda,missing,,,,data/json/items/tool/workshop.json,ALLOWS_REMOTE_USE,
item,makeshift_welding_blanket,makeshift welding blanket,dda,dda,missing,,,,data/json/items/tool/workshop.json,,
item,malted_grain,malted grain,dda,dda,missing,,,,data/json/items/comestibles/brewing.json,EDIBLE_FROZEN | RAW,
item,malting_grain,malting grain (obsolete),dda,dda,missing,,,malted_grain,data/json/obsoletion_and_migration_0.J/brewing.json,EDIBLE_FROZEN | RAW,
item,malting_grain_active,malting grain,dda,dda,missing,,,malted_grain,data/json/items/comestibles/brewing.json,EDIBLE_FROZEN | RAW | SPAWN_ACTIVE,
item,mannequin,mannequin,dda,dda,missing,,,,data/json/items/generic/toys_and_sports.json,,
item,mansions_of_madness,Crazy Mansions,dda,dda,missing,,,,data/json/items/fluff.json,NO_REPAIR,
item,marlin60,tube fed varmint rifle,dda,dda,missing,,,ruger1022,data/json/items/gun/22.json,RELOAD_ONE,
item,marshmallow_fluff,marshmallow fluff,dda,dda,missing,,,,data/json/items/comestibles/junkfood.json,USE_EAT_VERB,
item,matchhead_30carbine,".30 Carbine FMJ, matchhead powder",dda,dda,missing,,,bp_30carbine,data/json/items/ammo/30carbine.json,,
item,matchhead_30carbine_jsp,".30 Carbine JSP, matchhead powder",dda,dda,missing,,,bp_30carbine,data/json/items/ammo/30carbine.json,,
item,matchhead_38_super_fmj,".38 Super FMJ, matchhead powder",dda,dda,missing,,,bp_30carbine,data/json/items/ammo/38super.json,,
item,matchhead_45colt_cowboy,".45 Colt LFN, matchhead powder",dda,dda,missing,,,bp_45colt_cowboy,data/json/items/ammo/45colt.json,,
item,matchhead_45colt_fmj,".45 Colt FMJ, matchhead powder",dda,dda,missing,,,bp_45colt_fmj,data/json/items/ammo/45colt.json,,
item,matchhead_50ae_fmj,".50 AE FMJ, matchhead powder",dda,dda,missing,,,bp_50ae_fmj,data/json/items/ammo/50ae.json,,
item,material_styrofoam_chunk,chunk of styrofoam,dda,dda,missing,,,,data/json/items/chemicals_and_resources.json,,
item,material_styrofoam_sheet,styrofoam sheet,dda,dda,missing,,,,data/json/items/chemicals_and_resources.json,,
item,mc_aztec_spear,medium steel bladed tepoztopili,dda,dda,missing,,,lc_aztec_spear,data/json/items/melee/spears_and_polearms.json,NONCONDUCTIVE | DURABLE_MELEE | REACH_ATTACK | POLEARM | SHEATH_SPEAR | SPEAR,
item,mc_aztec_sword,medium steel bladed macuahuitl,dda,dda,missing,,,lc_aztec_sword,data/json/items/melee/bludgeons.json,NONCONDUCTIVE | DURABLE_MELEE,
item,mc_brigandine_hands,medium steel brigandine gloves (pair),dda,dda,missing,,,lc_brigandine_hands,data/json/items/armor/brigandine.json,STURDY | OUTER | VARSIZE,
item,mc_brigandine_hands_xs,medium steel brigandine gloves (pair),dda,dda,missing,,,mc_brigandine_hands,data/json/items/armor/brigandine.json,STURDY | OUTER | VARSIZE | UNDERSIZE | PREFIX_XS,
item,mc_chainmail_aventail,medium steel chainmail aventail,dda,dda,missing,,,lc_chainmail_aventail,data/json/items/armor/head_attachments.json,VARSIZE | STURDY | HELMET_AVENTAIL | CANT_WEAR,
item,mc_chainmail_face,medium steel chainmail partial aventail,dda,dda,missing,,,lc_chainmail_face,data/json/items/armor/head_attachments.json,VARSIZE | STURDY | HELMET_AVENTAIL | CANT_WEAR,
item,mc_esbi_plate,medium ESBI plate,dda,dda,missing,,,scrap_esbi_plate,data/json/items/armor/ballistic_armor.json,ABLATIVE_MEDIUM | CANT_WEAR | STURDY | NO_SALVAGE,
item,mc_shoulder_guards,medium steel shoulder guards (pair),dda,dda,missing,,,lc_shoulder_guards,data/json/items/armor/brigandine.json,,
item,mc_shoulder_guards_xs,medium steel shoulder guards (pair),dda,dda,missing,,,mc_shoulder_guards,data/json/items/armor/brigandine.json,PREFIX_XS,
item,mc_steel_bar_flat,medium steel flat bar stock,dda,dda,missing,,,steel_bar_flat,data/json/items/resources/metal.json,,
item,mc_steel_bar_round,medium steel bar stock,dda,dda,missing,,,steel_bar_round,data/json/items/resources/metal.json,,
item,mc_steel_facemask,medium steel armored face mask,dda,dda,missing,,,lc_steel_facemask,data/json/items/armor/head_attachments.json,VARSIZE | STURDY | HELMET_AVENTAIL | CANT_WEAR,
item,melchior_platter,supercomputer platter,dda,dda,missing,,,,data/json/items/electronics.json,,
item,melitzanosalata,Melitzanosalata,dda,dda,missing,,,,data/json/items/comestibles/veggy_dishes.json,FREEZERBURN,
item,melon_chunks,handful of cantaloupe melon chunks,dda,dda,missing,,,,data/json/items/comestibles/raw_fruit.json,EATEN_COLD,
item,menorah,menorah,dda,dda,missing,,,,data/json/items/tool/lighting.json,,
item,mercury,mercury,dda,dda,missing,,,,data/json/items/resources/chemicals.json,,
item,mesh_nape_protector,mesh nape protector,dda,dda,missing,,,,data/json/items/armor/head_attachments.json,HELMET_NAPE_PROTECTOR | CANT_WEAR | OUTER,
item,metaprolol,metaprolol,dda,dda,missing,,,,data/json/items/comestibles/med.json,WATER_DISSOLVE | NO_TEMP,
item,methanol_fuel_cell,methanol fuel cell UPS,dda,dda,missing,,,,data/json/items/tool/electronics.json,IS_UPS,
item,microscope_slide,microscope slide,dda,dda,missing,,,,data/json/items/tool/science.json,,
item,microscope_slide_soil,microscope slide of soil,dda,dda,missing,,,microscope_slide,data/json/items/tool/science.json,,
item,microscope_slide_water_murky,microscope slide of murky water,dda,dda,missing,,,microscope_slide,data/json/items/tool/science.json,,
item,migo_bio_tech,Mi-go Biotech,dda,dda,missing,,,,data/json/items/tool/science.json,,
item,migo_plate_naked,plate of scarred flesh,dda,dda,missing,,,,data/json/items/armor/exotic.json,ABLATIVE_LARGE | CANT_WEAR | TRADER_AVOID | SPAWN_ACTIVE,
item,migo_plate_undergrown,undergrown iridescent carapace plate,dda,dda,missing,,,,data/json/items/armor/exotic.json,ABLATIVE_LARGE | CANT_WEAR | TRADER_AVOID | SPAWN_ACTIVE,
item,migo_sideplate_naked,small plate of scarred flesh,dda,dda,missing,,,migo_plate_naked,data/json/items/armor/exotic.json,CANT_WEAR | TRADER_AVOID | SPAWN_ACTIVE | ABLATIVE_MEDIUM,
item,migo_sideplate_undergrown,undergrown iridescent carapace side plate,dda,dda,missing,,,migo_plate_undergrown,data/json/items/armor/exotic.json,CANT_WEAR | TRADER_AVOID | SPAWN_ACTIVE | ABLATIVE_MEDIUM,
item,military_poncho_liner,military poncho liner,dda,dda,missing,,,,data/json/items/armor/cloaks.json,OVERSIZE | OUTER | SOFT | ALLOWS_GASTROPOD_FOOT | ALLOWS_LEG_TENTACLES | ALLOWS_WING_ARMS | NO_WING_GLIDING,
item,military_vis_aug_system,military visual augmentation system,dda,dda,missing,,,,data/json/items/tool_armor.json,ELECTRONIC | CAN_USE_IN_DARK | BELTED | PADDED | MUNDANE | USE_UPS | NO_UNLOAD,
item,military_vis_aug_system_on,military visual augmentation system (on),dda,dda,missing,,,military_vis_aug_system,data/json/items/tool_armor.json,ELECTRONIC | CAN_USE_IN_DARK | BELTED | PADDED | MUNDANE | USE_UPS | NO_UNLOAD | SPAWN_ACTIVE | ZOOM | THERMOMETER | HYGROMETER | BAROMETER | TWO_WAY_RADIO | WATCH | ALARMCLOCK | SUN_GLASSES,
item,milk_fortified,fortified milk,dda,dda,missing,,,,data/json/items/comestibles/protein.json,EATEN_COLD,
item,mipim,army flashlight-laser module,dda,dda,missing,,,,data/json/items/gunmod/rail.json,LASER_SIGHT,
item,mipim_on,army flashlight-laser module (on),dda,dda,missing,,,mipim,data/json/items/gunmod/rail.json,LASER_SIGHT | CHARGEDIM | TRADER_AVOID | SPAWN_ACTIVE,
item,mitresaw_tool,mitre saw,dda,dda,missing,,,,data/json/items/fake.json,ZERO_WEIGHT | TRADER_AVOID | DEBUG_ONLY | ALLOWS_REMOTE_USE | PSEUDO,
item,mka_1919_10,rifle shotgun 10-round magazine,dda,dda,missing,,,,data/json/items/magazine/shot.json,MAG_BULKY,
item,mka_1919_5,rifle shotgun 5-round magazine,dda,dda,missing,,,mka_1919_10,data/json/items/magazine/shot.json,MAG_COMPACT,
item,modern_handguard,high end hand guard,dda,dda,missing,,,,data/json/items/gunmod/underbarrel.json,,
item,mollusk,fillet of mollusk,dda,dda,missing,,,,data/json/items/comestibles/carnivore.json,RAW,
item,mollusk_cooked,cooked mollusk,dda,dda,missing,,,mollusk,data/json/items/comestibles/carnivore.json,EATEN_HOT,
item,monkey_tool,monkey tool,dda,dda,missing,,,,data/json/items/tool/workshop.json,,
item,monolith_brick,warped brick,dda,dda,missing,,,,data/json/items/relics/monolith_items.json,,
item,monolith_disc,inscribed disc,dda,dda,missing,,,,data/json/items/relics/monolith_items.json,,
item,mortar_m224,light mortar,dda,dda,missing,,,,data/json/items/gun/60mm.json,,
item,mossberg_590m_mag_10,magazine-fed pump shotgun 10-round magazine,dda,dda,missing,,,,data/json/items/magazine/shot.json,MAG_BULKY,
item,mossberg_590m_mag_15,magazine-fed pump shotgun 15-round magazine,dda,dda,missing,,,mossberg_590m_mag_10,data/json/items/magazine/shot.json,MAG_BULKY,
item,mossberg_590m_mag_20,magazine-fed pump shotgun 20-round magazine,dda,dda,missing,,,mossberg_590m_mag_10,data/json/items/magazine/shot.json,MAG_BULKY,
item,mossberg_590m_mag_5,magazine-fed pump shotgun 5-round magazine,dda,dda,missing,,,mossberg_590m_mag_10,data/json/items/magazine/shot.json,MAG_COMPACT,
item,mounted_flashlight,mounted flashlight,dda,dda,missing,,,,data/json/items/gunmod/underbarrel.json,,
item,mounted_flashlight_on,mounted flashlight (on),dda,dda,missing,,,mounted_flashlight,data/json/items/gunmod/underbarrel.json,CHARGEDIM | TRADER_AVOID | SPAWN_ACTIVE,
item,movie_poster,movie poster,dda,dda,missing,,,,data/json/items/newspaper.json,PAPER_SHAPED,
item,mp1522_mag,.22 10-round modern varmint rifle magazine,dda,dda,missing,,,,data/json/items/magazine/22.json,MAG_COMPACT,
item,msu14_password,annotated paper scrap,dda,dda,missing,,,,data/json/items/generic.json,TRADER_AVOID,
item,mushroom_ketchup,mushroom ketchup,dda,dda,missing,,,,data/json/items/comestibles/mushroom.json,NO_AUTO_CONSUME,
item,mut_longpull,Ranged pulling implement,dda,dda,missing,,,,data/json/items/gun/bio.json,PSEUDO | NEVER_JAMS | TRADER_AVOID,
item,mutagen_chelator,mutagen chelator,dda,dda,missing,,,,data/json/items/comestibles/mutagen.json,NUTRIENT_OVERRIDE,
item,muzzle_weight,muzzle weight,dda,dda,missing,,,,data/json/items/gunmod/underbarrel.json,,
item,mws_monster_corpse_weather_data,"alien ""atmospheric"" datasheet",dda,dda,missing,,,,data/json/items/weather_reports.json,,
item,mws_portal_storm_weather_data,strange weather datasheet,dda,dda,missing,,,,data/json/items/weather_reports.json,,
item,mws_weather_data,weather datasheet,dda,dda,missing,,,,data/json/items/weather_reports.json,,
item,mws_weather_data_incomplete,unspooled thermal paper,dda,dda,missing,,,,data/json/items/weather_reports.json,,
item,naginata_machete,machete naginata,dda,dda,missing,,,,data/json/items/melee/spears_and_polearms.json,DURABLE_MELEE | REACH_ATTACK | NONCONDUCTIVE | POLEARM | SHEATH_SPEAR | ALWAYS_TWOHAND,
item,naginata_machete_temp,tempered machete naginata,dda,dda,missing,,,naginata_machete,data/json/items/melee/spears_and_polearms.json,DURABLE_MELEE | REACH_ATTACK | NONCONDUCTIVE | POLEARM | SHEATH_SPEAR | ALWAYS_TWOHAND,
item,nail_header,nail header,dda,dda,missing,,,,data/json/items/tool/workshop.json,,
item,nail_header_bronze,bronze nail header,dda,dda,missing,,,nail_header,data/json/items/tool/workshop.json,,
item,nail_puller,nail puller,dda,dda,missing,,,,data/json/items/farrier.json,BELT_CLIP,
item,nail_puller_bronze,bronze nail puller,dda,dda,missing,,,,data/json/items/tool/workshop.json,,
item,nape_protector,nape protector,dda,dda,missing,,,,data/json/items/armor/head_attachments.json,HELMET_NAPE_PROTECTOR | CANT_WEAR | OUTER,
item,ndn_taco,Indian taco,dda,dda,missing,,,,data/json/items/comestibles/meat_dishes.json,,
item,necklace_teeth,teeth necklace,dda,dda,missing,,,,data/json/items/armor/jewelry.json,NO_WEAR_EFFECT | BELTED,
item,nemo,Nemo's Sea,dda,dda,missing,,,,data/json/items/fluff.json,NO_REPAIR,
item,nether_grub,alien grub,dda,dda,missing,,,,data/json/items/comestibles/carnivore.json,,
item,nether_huntsman_arm,huntsman appendage,dda,dda,missing,,,,data/json/monster_special_attacks/monster_gun.json,PRIMITIVE_RANGED_WEAPON | PSEUDO | NEVER_JAMS | NONCONDUCTIVE | NO_REPAIR | WATERPROOF_GUN | NO_SALVAGE | NO_TURRET | RELOAD_AND_SHOOT,
item,nether_huntsman_armorpiece_big,alien armor plate,dda,dda,missing,,,,data/json/items/resources/alien.json,NO_SALVAGE | NO_REPAIR,
item,nether_huntsman_armorpiece_small,alien armor fragment,dda,dda,missing,,,,data/json/items/resources/alien.json,NO_SALVAGE | NO_REPAIR,
item,nether_huntsman_javelin,huntsman outgrowth,dda,dda,missing,,,javelin_fletched,data/json/items/ranged/throwing.json,NONCONDUCTIVE | JAVELIN | NPC_THROWN,
item,nether_huntsman_organ,reverberating organ,dda,dda,missing,,,,data/json/items/comestibles/carnivore.json,STRICT_HUMANITARIANISM,
item,nether_huntsman_spike,undergrown alien spike,dda,dda,missing,,,,data/json/items/resources/alien.json,NO_SALVAGE | NO_REPAIR,
item,nether_huntsman_statuette,strange statuette,dda,dda,missing,,,,data/json/items/resources/alien.json,NO_SALVAGE | NO_REPAIR,
item,nic_pouch,nicotine pouch,dda,dda,missing,,,,data/json/items/comestibles/med.json,NO_INGEST | IRREPLACEABLE_CONSUMABLE | NO_TEMP,
item,niqab,niqab,dda,dda,missing,,,hijab,data/json/items/armor/hats.json,VARSIZE | SKINTIGHT,
item,nitrogen,nitrogen,dda,dda,missing,,,,data/json/items/ammo.json,TRADER_AVOID | NO_DROP,
item,nitrogen_generator,makeshift nitrogen generator,dda,dda,missing,,,,data/json/items/tool/science.json,ALLOWS_REMOTE_USE | WATER_BREAK | ELECTRONIC,
item,nitrogen_membrane_filter,nitrogen membrane filter,dda,dda,missing,,,,data/json/items/generic/spares.json,,
item,nl_chem_thrower_ammo,chem charge,dda,dda,missing,,,,data/json/items/gun/netherum.json,IRREPLACEABLE_CONSUMABLE,
item,nl_chem_thrower_mag,odd charge pack,dda,dda,missing,,,,data/json/items/gun/netherum.json,MAG_COMPACT | NO_UNLOAD,
item,nl_grav_aware_jig,otherworldly clamp-set,dda,dda,missing,,,,data/json/items/netherum/labyrinth_tools.json,,
item,nl_kipple_scrap_alu,odd aluminum device,dda,dda,missing,,,,data/json/items/netherum/labyrinth_kipple.json,,
item,nl_kipple_scrap_copper,odd copper device,dda,dda,missing,,,,data/json/items/netherum/labyrinth_kipple.json,,
item,nl_kipple_scrap_nanotubes,odd metallic device,dda,dda,missing,,,,data/json/items/netherum/labyrinth_kipple.json,,
item,nl_kipple_scrap_plastic,odd plastic device,dda,dda,missing,,,,data/json/items/netherum/labyrinth_kipple.json,,
item,nl_kipple_scrap_steel,odd steel device,dda,dda,missing,,,,data/json/items/netherum/labyrinth_kipple.json,,
item,nl_kipple_scrap_unob,strange metal device,dda,dda,missing,,,,data/json/items/netherum/labyrinth_kipple.json,,
item,nl_laser_mass_indexer,laser-guided measurement device,dda,dda,missing,,,,data/json/items/netherum/labyrinth_tools.json,,
item,nl_robo_surg_app,mass of robotic arms,dda,dda,missing,,,,data/json/items/netherum/labyrinth_tools.json,,
item,nl_safehouse_boiler,disconnected otherworldly boiler,dda,dda,missing,,,,data/json/items/netherum/labyrinth_furniture_appliances.json,NO_UNLOAD | NO_RELOAD,
item,nl_safehouse_boiler_plans,graven slab,dda,dda,missing,,,,data/json/items/netherum/labyrinth_items_books.json,,
item,nl_shrub_glowberries,bunch of glowberries,dda,dda,missing,,,,data/json/items/comestibles/netherum.json,EDIBLE_FROZEN,
item,nm_teeth,monster teeth,dda,dda,missing,,,,data/json/items/tool/misc.json,HURT_WHEN_WIELDED | TRADER_AVOID | SINGLE_USE | FRAGILE_MELEE | ALLOWS_BODY_BLOCK,
item,noise_emitter_super,super noise emitter (off),dda,dda,missing,,,,data/json/items/tool/electronics.json,RADIO_MODABLE | RADIO_INVOKE_PROC | WATER_BREAK,
item,noise_emitter_super_on,super noise emitter (on),dda,dda,missing,,,noise_emitter_super,data/json/items/tool/electronics.json,RADIO_MODABLE | RADIO_INVOKE_PROC | TRADER_AVOID | WATER_BREAK | POWERED | SPAWN_ACTIVE,
item,nose_plate,nose plate,dda,dda,missing,,,,data/json/items/vehicle/cargo.json,,
item,notch,notch,dda,dda,missing,,,,data/json/items/ammo.json,TRADER_AVOID | NO_DROP,
item,number4_mki,updated Enfield rifle,dda,bombastic_perks,missing,,,number4_mki,data/mods/BombasticPerks/perkdata/old_guns.json,RELOAD_ONE | NO_TURRET | EASY_CLEAN | BOLT_ACTION | OLD_GUN,
item,oat_stalks,oat stalks,dda,dda,missing,,,wheat_stalks,data/json/items/comestibles/raw_grain.json,FRESH_GRAIN | INEDIBLE | CATTLE,
item,offset_grip,offset grip,dda,dda,missing,,,,data/json/items/gunmod/rail.json,,
item,oil_press_manual,manual oil press,dda,dda,missing,,,,data/json/items/tool/cooking.json,,
item,oil_press_primitive,oil-powered manual oil press,dda,dda,missing,,,oil_press_manual,data/json/items/tool/cooking.json,,
item,onion_sauteed,sauteed onions,dda,dda,missing,,,,data/json/items/comestibles/veggy_dishes.json,EATEN_HOT | EDIBLE_FROZEN | FREEZERBURN,
item,openfire,War Tanks,dda,dda,missing,,,,data/json/items/fluff.json,NO_REPAIR,
item,othello,Reversi set,dda,dda,missing,,,,data/json/items/fluff.json,NO_REPAIR,
item,ouija,Ouija board,dda,dda,missing,,,,data/json/items/fluff.json,NO_REPAIR,
item,outsert_breach,breach outsert lens,dda,dda,missing,,,outsert_clear,data/json/items/armor/head_attachments.json,PANORAMIC_OUTSERT | CANT_WEAR | OUTER | SUN_GLASSES | FLASH_PROTECTION,
item,outsert_clear,clear outsert lens,dda,dda,missing,,,,data/json/items/armor/head_attachments.json,PANORAMIC_OUTSERT | CANT_WEAR | OUTER,
item,outsert_sunlight,sunlight outsert lens,dda,dda,missing,,,outsert_clear,data/json/items/armor/head_attachments.json,PANORAMIC_OUTSERT | CANT_WEAR | OUTER | SUN_GLASSES | FLASH_PROTECTION,
item,oven_broiler_pan,broiler pan,dda,dda,missing,,,,data/json/items/resources/appliance_parts.json,,
item,oven_cabinet,stripped oven cabinet,dda,dda,missing,,,,data/json/items/resources/appliance_parts.json,,
item,oven_controls,oven control panel,dda,dda,missing,,,,data/json/items/resources/appliance_parts.json,,
item,oven_door,oven door,dda,dda,missing,,,,data/json/items/resources/appliance_parts.json,,
item,oven_tool,oven,dda,dda,missing,,,,data/json/items/fake.json,ZERO_WEIGHT | TRADER_AVOID | DEBUG_ONLY | ALLOWS_REMOTE_USE | PSEUDO,
item,paella_valenciana,Valencian paella,dda,dda,missing,,,,data/json/items/comestibles/meat_dishes.json,EATEN_HOT | FREEZERBURN,
item,panoramic_eyepiece,panoramic lens,dda,dda,missing,,,,data/json/items/resources/plastic.json,NO_SALVAGE,
item,parkour_practice,basecamp parkour gym,dda,dda,missing,,,,data/json/items/basecamp.json,ZERO_WEIGHT | TRADER_AVOID | DEBUG_ONLY,
item,pasta_carbonara,pasta carbonara,dda,dda,missing,,,,data/json/items/comestibles/junkfood.json,EDIBLE_FROZEN,
item,paste_nut,nut paste,dda,dda,missing,,,,data/json/items/comestibles/other.json,NUTRIENT_OVERRIDE,
item,paste_seed,seed paste,dda,dda,missing,,,,data/json/items/comestibles/other.json,,
item,pat_earpiece,transponder earpiece (off),dda,dda,missing,,,,data/json/items/tool/radio_tools.json,ELECTRONIC | OVERSIZE | POWERARMOR_COMPATIBLE | SKINTIGHT | TRADER_AVOID | SOFT,
item,pat_earpiece_on,transponder earpiece (on),dda,dda,missing,,,pat_earpiece,data/json/items/tool/radio_tools.json,ELECTRONIC | OVERSIZE | POWERARMOR_COMPATIBLE | SKINTIGHT | TRADER_AVOID | SOFT | SPAWN_ACTIVE,
item,patchwork_scarf_headwrap,simple patchwork scarf (headwrap),dda,dda,missing,,,,data/json/items/armor/scarfs.json,OUTER,
item,pea,pea,dda,dda,missing,,,,data/json/items/comestibles/raw_veggy.json,FREEZERBURN | CATTLE | RABBIT | RAT | MOUSE,
item,pea_pods,pea pods,dda,dda,missing,,,,data/json/items/comestibles/raw_veggy.json,FREEZERBURN | CATTLE | RABBIT | RAT | MOUSE,
item,pedal_extenders,pedal extenders,dda,dda,missing,,,,data/json/items/vehicle/controls.json,,
item,pedal_extenders_makeshift,makeshift pedal extenders,dda,dda,missing,,,,data/json/items/vehicle/controls.json,,
item,pedal_grindstone,pedal powered grindstone,dda,dda,missing,,,,data/json/items/tool/metalworking.json,,
item,pekmez,pekmez,dda,dda,missing,,,,data/json/items/comestibles/drink_other.json,FREEZERBURN | EATEN_COLD,
item,phase_immersion_cca,phase immersion CCA,dda,dda,missing,,,,data/json/items/armor/phase_immersion_suit.json,CANT_WEAR | ELECTRONIC | WATERPROOF | USE_UPS | NO_UNLOAD,
item,phase_immersion_cca_on,phase immersion CCA (on),dda,dda,missing,,,phase_immersion_cca,data/json/items/armor/phase_immersion_suit.json,CANT_WEAR | ELECTRONIC | WATERPROOF | USE_UPS | NO_UNLOAD | GNV_EFFECT | SPAWN_ACTIVE | HYGROMETER | THERMOMETER | WATCH | ALARMCLOCK | PARTIAL_DEAF | TWO_WAY_RADIO,
item,phase_immersion_helmet,phase immersion helmet,dda,dda,missing,,,,data/json/items/armor/phase_immersion_suit.json,RAD_PROOF | STURDY | WATERPROOF | RAINPROOF | SWIM_GOGGLES | SUN_GLASSES | PADDED | UNBREAKABLE_MELEE | PSYSHIELD_PARTIAL | SCBA,
item,phase_immersion_helmet_raised,phase immersion helmet (raised),dda,dda,missing,,,,data/json/items/armor/phase_immersion_suit.json,RAD_PROOF | STURDY | WATERPROOF | RAINPROOF | PADDED | PSYSHIELD_PARTIAL,
item,phase_immersion_helmet_scba_on,phase immersion helmet (SCBA),dda,dda,missing,,,phase_immersion_helmet,data/json/items/armor/phase_immersion_suit.json,RAD_PROOF | STURDY | WATERPROOF | RAINPROOF | SWIM_GOGGLES | SUN_GLASSES | PADDED | UNBREAKABLE_MELEE | PSYSHIELD_PARTIAL | SPAWN_ACTIVE | SCBA_ON,
item,piano,piano,dda,dda,missing,,,,data/json/items/furniture/decorative.json,,
item,piano_wire,piano wire,dda,dda,missing,,,,data/json/items/generic.json,,
item,pickles_ferment_active,fermenting pickle jar,dda,dda,missing,,,,data/json/items/tool/cooking.json,SPAWN_ACTIVE,
item,pin_badge,pin,dda,dda,partial,pin_badge_var_pin_pride,msx_small.png,,data/json/items/armor/jewelry.json,ALLOWS_NATURAL_ATTACKS | BELTED | OVERSIZE | WATER_FRIENDLY,pin_badge
item,pineapple_chunks,handful of pineapple chunks,dda,dda,missing,,,,data/json/items/comestibles/raw_fruit.json,,
item,planer_tool,planer,dda,dda,missing,,,,data/json/items/fake.json,ZERO_WEIGHT | TRADER_AVOID | DEBUG_ONLY | ALLOWS_REMOTE_USE | PSEUDO,
item,plantain,cooking banana,dda,dda,missing,,,,data/json/items/comestibles/raw_veggy.json,RAW | CATTLE | RAT,
item,plantain_cooked,roasted cooking banana,dda,dda,missing,,,,data/json/items/comestibles/veggy_dishes.json,,
item,plastic_chin_guard,plastic chin guard,dda,dda,missing,,,,data/json/items/armor/head_attachments.json,HELMET_MANDIBLE_GUARD_STRAPPED | CANT_WEAR,
item,plastic_mandible_guard,plastic mandible guard,dda,dda,missing,,,,data/json/items/armor/head_attachments.json,HELMET_MANDIBLE_GUARD_STRAPPED | CANT_WEAR,
item,pointed_hat,pointed hat,dda,dda,missing,,,,data/json/items/armor/hats.json,VARSIZE,
item,pointed_rebar,pointed rebar,dda,dda,missing,,,,data/json/items/melee/spears_and_polearms.json,FRAGILE_MELEE,
item,pointy_stick_long,long pointy stick,dda,xedra_evolved,missing,,,pointy_stick_long,data/mods/Xedra_Evolved/items/weapon_copy_extensions.json,SPEAR | REACH_ATTACK | NPC_THROWN | SHEATH_SPEAR | WOODEN_WEAPON,
item,polycarbonate_chunk,polycarbonate chunk,dda,dda,missing,,,,data/json/items/resources/plastic.json,NO_SALVAGE,
item,poncho_makeshift,makeshift poncho,dda,dda,missing,,,,data/json/items/armor/cloaks.json,RAINPROOF | OVERSIZE | HOOD | BELTED | ALLOWS_WING_ARMS,
item,portable_hard_drive,portable hard drive,dda,dda,missing,,,,data/json/items/tool/electronics.json,,
item,poultry_cooked,cooked poultry,dda,dda,missing,,,,data/json/items/comestibles/carnivore.json,EATEN_HOT | NUTRIENT_OVERRIDE,
item,poutine,poutine,dda,dda,missing,,,,data/json/items/comestibles/junkfood.json,EATEN_HOT,
item,power_cord,power cord,dda,dda,missing,,,,data/json/items/tool/cables.json,CABLE_SPOOL | NO_DROP | SINGLE_USE,
item,power_hammer_tool,power hammer,dda,dda,missing,,,,data/json/items/fake.json,ZERO_WEIGHT | TRADER_AVOID | DEBUG_ONLY | ALLOWS_REMOTE_USE | PSEUDO | ALLOWS_REMOTE_USE,
item,powered_earplugs,shooter's ear plugs,dda,dda,missing,,,,data/json/items/tool_armor.json,DEAF | OVERSIZE | USE_UPS | NO_UNLOAD | NO_RELOAD | WATER_BREAK | ELECTRONIC,
item,powered_earplugs_on,shooter's ear plugs (on),dda,dda,missing,,,powered_earplugs,data/json/items/tool_armor.json,OVERSIZE | PARTIAL_DEAF | USE_UPS | NO_UNLOAD | NO_RELOAD | SPAWN_ACTIVE,
item,press_cake,press cake,dda,dda,missing,,,,data/json/items/comestibles/other.json,,
item,pressure_gauge,pressure gauge,dda,dda,missing,,,,data/json/items/generic/spares.json,,
item,pressurized_canister,pressurized canister,dda,dda,missing,,,,data/json/items/containers/containers.json,COLLAPSE_CONTENTS | NO_SALVAGE,
item,priest_collar,clerical collar,dda,dda,missing,,,,data/json/items/armor/jewelry.json,NO_WEAR_EFFECT,
item,primitive_bow_silencer,primitive bow dampening kit,dda,dda,missing,,,,data/json/items/gunmod/accessories.json,,
item,pritchel,pritchel,dda,dda,missing,,,,data/json/items/farrier.json,,
item,propane_torch,propane torch,dda,dda,missing,,,,data/json/items/tool/workshop.json,ALLOWS_REMOTE_USE | FIRESTARTER,
item,protein_smoothie,protein smoothie,dda,dda,missing,,,milk_fortified,data/json/items/comestibles/protein.json,EATEN_COLD,
item,pseudo_app_hd_compressor_unit,high pressure compressor unit,dda,dda,missing,,,fake_crafting_tool,data/json/items/fake.json,ZERO_WEIGHT | TRADER_AVOID | DEBUG_ONLY | ALLOWS_REMOTE_USE | PSEUDO,
item,pseudo_app_oxygen_concentrator,oxygen concentrator,dda,dda,missing,,,fake_crafting_tool,data/json/items/fake.json,ZERO_WEIGHT | TRADER_AVOID | DEBUG_ONLY | ALLOWS_REMOTE_USE | PSEUDO,
item,pseudo_archery_target_bale,bale archery target,dda,dda,missing,,,fake_crafting_tool,data/json/items/fake.json,ZERO_WEIGHT | TRADER_AVOID | DEBUG_ONLY | ALLOWS_REMOTE_USE | PSEUDO,
item,pseudo_archery_target_box,box archery target,dda,dda,missing,,,fake_crafting_tool,data/json/items/fake.json,ZERO_WEIGHT | TRADER_AVOID | DEBUG_ONLY | ALLOWS_REMOTE_USE | PSEUDO,
item,pseudo_ergometer_mechanical,mechanical ergometer,dda,dda,missing,,,fake_crafting_tool,data/json/items/fake.json,ZERO_WEIGHT | TRADER_AVOID | DEBUG_ONLY | ALLOWS_REMOTE_USE | PSEUDO,
item,pseudo_exercise_machine,exercise machine,dda,dda,missing,,,fake_crafting_tool,data/json/items/fake.json,ZERO_WEIGHT | TRADER_AVOID | DEBUG_ONLY | ALLOWS_REMOTE_USE | PSEUDO,
item,pseudo_magazine,pseudo magazine,dda,dda,missing,,,,data/json/items/fake.json,PSEUDO | ZERO_WEIGHT | NO_SALVAGE | NO_UNLOAD | NO_RELOAD | DEBUG_ONLY,
item,pseudo_magazine_mod,pseudo magazine mod,dda,dda,missing,,,,data/json/items/toolmod.json,PSEUDO | DEBUG_ONLY,
item,pseudo_punching_bag,heavy punching bag,dda,dda,missing,,,fake_crafting_tool,data/json/items/fake.json,ZERO_WEIGHT | TRADER_AVOID | DEBUG_ONLY | ALLOWS_REMOTE_USE | PSEUDO,
item,pseudo_training_dummy_heavy,armored training dummy,dda,dda,missing,,,fake_crafting_tool,data/json/items/fake.json,ZERO_WEIGHT | TRADER_AVOID | DEBUG_ONLY | ALLOWS_REMOTE_USE | PSEUDO,
item,pseudo_training_dummy_light,training dummy,dda,dda,missing,,,fake_crafting_tool,data/json/items/fake.json,ZERO_WEIGHT | TRADER_AVOID | DEBUG_ONLY | ALLOWS_REMOTE_USE | PSEUDO,
item,pseudo_treadmill_mechanical,gravity treadmill,dda,dda,missing,,,fake_crafting_tool,data/json/items/fake.json,ZERO_WEIGHT | TRADER_AVOID | DEBUG_ONLY | ALLOWS_REMOTE_USE | PSEUDO,
item,pyrometer,pyrometer,dda,dda,missing,,,,data/json/items/generic/spares.json,,
item,qt_aztec_spear,tempered steel bladed tepoztopili,dda,dda,missing,,,lc_aztec_spear,data/json/items/melee/spears_and_polearms.json,NONCONDUCTIVE | DURABLE_MELEE | REACH_ATTACK | POLEARM | SHEATH_SPEAR | SPEAR,
item,qt_aztec_sword,tempered steel bladed macuahuitl,dda,dda,missing,,,lc_aztec_sword,data/json/items/melee/bludgeons.json,NONCONDUCTIVE | DURABLE_MELEE,
item,qt_brigandine_hands,tempered brigandine gloves (pair),dda,dda,missing,,,lc_brigandine_hands,data/json/items/armor/brigandine.json,STURDY | OUTER | VARSIZE,
item,qt_brigandine_hands_xs,tempered brigandine gloves (pair),dda,dda,missing,,,qt_brigandine_hands,data/json/items/armor/brigandine.json,STURDY | OUTER | VARSIZE | UNDERSIZE | PREFIX_XS,
item,qt_chainmail_aventail,tempered steel chainmail aventail,dda,dda,missing,,,lc_chainmail_aventail,data/json/items/armor/head_attachments.json,VARSIZE | STURDY | HELMET_AVENTAIL | CANT_WEAR,
item,qt_chainmail_face,tempered steel chainmail partial aventail,dda,dda,missing,,,lc_chainmail_face,data/json/items/armor/head_attachments.json,VARSIZE | STURDY | HELMET_AVENTAIL | CANT_WEAR,
item,qt_esbi_plate,tempered ESBI plate,dda,dda,missing,,,scrap_esbi_plate,data/json/items/armor/ballistic_armor.json,ABLATIVE_MEDIUM | CANT_WEAR | STURDY | NO_SALVAGE,
item,qt_shoulder_guards,tempered shoulder guards (pair),dda,dda,missing,,,lc_shoulder_guards,data/json/items/armor/brigandine.json,,
item,qt_shoulder_guards_xs,tempered shoulder guards (pair),dda,dda,missing,,,qt_shoulder_guards,data/json/items/armor/brigandine.json,PREFIX_XS,
item,qt_steel_facemask,tempered steel armored face mask,dda,dda,missing,,,ch_steel_facemask,data/json/items/armor/head_attachments.json,VARSIZE | STURDY | HELMET_AVENTAIL | CANT_WEAR,
item,rail_bayonet_lug,rail bayonet mount,dda,dda,missing,,,,data/json/items/gunmod/mount.json,,
item,railroad_track_item,length of railroad track,dda,dda,missing,,,,data/json/items/resources/metal.json,,
item,railroad_track_item_half,half-meter length of railroad track,dda,dda,missing,,,,data/json/items/resources/metal.json,,
item,ranger,Patrol Leader,dda,dda,missing,,,,data/json/items/fluff.json,NO_REPAIR,
item,raw_artichoke,raw artichoke,dda,dda,missing,,,,data/json/items/comestibles/raw_veggy.json,RAW | CATTLE | RABBIT | RAT | MOUSE | FREEZERBURN,
item,raw_asparagus,raw asparagus,dda,dda,missing,,,,data/json/items/comestibles/raw_veggy.json,RAW | CATTLE | RABBIT | RAT | MOUSE | FREEZERBURN,
item,rebreather_cartridge_air,"rebreather scrubber cartridge, air tank",dda,dda,missing,,,,data/json/items/magazine/filter.json,NO_SALVAGE | NO_RELOAD | REBREATHER_CART,
item,rebreather_cartridge_o2,"rebreather scrubber cartridge, oxygen tank",dda,dda,missing,,,,data/json/items/magazine/filter.json,NO_SALVAGE | NO_RELOAD | REBREATHER_CART,
item,rebreather_filler_ko2,rebreather oxygen regenerator filler,dda,dda,missing,,,,data/json/items/ammo.json,WATER_DISSOLVE,
item,rebreather_filler_soda_lime,rebreather scrubbing filler,dda,dda,missing,,,,data/json/items/ammo.json,,
item,rebreather_xs,rebreather mask,dda,dda,missing,,,,data/json/items/tool_armor.json,WATER_FRIENDLY | UNDERSIZE | PREFIX_XS,
item,rebreather_xs_on,rebreather mask (on),dda,dda,missing,,,rebreather_xs,data/json/items/tool_armor.json,WATER_FRIENDLY | REBREATHER | UNDERSIZE | PREFIX_XS | TRADER_AVOID | SPAWN_ACTIVE,
item,recon_mech_laser_single,salvaged RMES marksman laser,dda,mindovermatter,missing,,,recon_mech_laser_single,data/mods/MindOverMatter/items/laser_overrides.json,NO_UNLOAD | NEVER_JAMS | NON_FOULING | NEEDS_NO_LUBE | USE_UPS | OVERHEATS | MOUNTED_GUN,
item,red_phosphorous_small,scrapings of red phosphorous powder,dda,dda,missing,,,,data/json/items/chemicals_and_resources.json,,
item,red_winter_wheat_stalks,red winter wheat stalks,dda,dda,missing,,,wheat_stalks,data/json/items/comestibles/raw_grain.json,FRESH_GRAIN | INEDIBLE | CATTLE,
item,ree_33_tripod,heavy-duty tripod,dda,dda,missing,,,,data/json/items/gunmod/underbarrel.json,BIPOD | SLOW_WIELD,
item,ref_lighter_butane,refillable butane lighter,dda,dda,missing,,,,data/json/items/tool/fire.json,FIRESTARTER,
item,rehydrated_chili,rehydrated chili pepper,dda,dda,missing,,,,data/json/items/comestibles/veggy_dishes.json,EDIBLE_FROZEN,
item,rehydrated_eggs,rehydrated egg,dda,dda,missing,,,powder_egg,data/json/items/comestibles/egg.json,,
item,rehydrated_garlic,rehydrated garlic clove,dda,dda,missing,,,,data/json/items/comestibles/veggy_dishes.json,EDIBLE_FROZEN,
item,rehydrated_mollusk,rehydrated mollusk,dda,dda,missing,,,mollusk_cooked,data/json/items/comestibles/meat_dishes.json,EATEN_HOT,
item,rehydrated_poultry,rehydrated chicken,dda,dda,missing,,,poultry_cooked,data/json/items/comestibles/meat_dishes.json,EATEN_HOT | NUTRIENT_OVERRIDE,
item,religieuse_au_chocolat,religieuse au chocolat,dda,dda,missing,,,,data/json/items/comestibles/baked.json,,
item,reloaded_270win_fmj,".270 Winchester FMJ, reloaded",dda,dda,missing,,,,data/json/items/ammo/270win.json,,
item,reloaded_3030,".30-30 Winchester SP, reloaded",dda,dda,missing,,,3030,data/json/items/ammo/3030.json,,
item,reloaded_3030_bp,".30-30 Winchester SP, black powder",dda,dda,missing,,,3030,data/json/items/ammo/3030.json,,
item,reloaded_3030_fmj,".30-30 Winchester FMJ, reloaded",dda,dda,missing,,,,data/json/items/ammo/3030.json,,
item,reloaded_3030_fmj_bp,".30-30 Winchester FMJ, black powder",dda,dda,missing,,,reloaded_3030_fmj,data/json/items/ammo/3030.json,,
item,reloaded_303fmj,".303 British FMJ, reloaded",dda,dda,missing,,,303_fmjbt,data/json/items/ammo/303.json,,
item,reloaded_303sp,".303 British JSP, reloaded",dda,dda,missing,,,303_sp,data/json/items/ammo/303.json,,
item,reloaded_30carbine,".30 Carbine FMJ, reloaded",dda,dda,missing,,,30carbine,data/json/items/ammo/30carbine.json,IRREPLACEABLE_CONSUMABLE,
item,reloaded_30carbine_jsp,".30 Carbine JSP, reloaded",dda,dda,missing,,,30carbine_jsp,data/json/items/ammo/30carbine.json,IRREPLACEABLE_CONSUMABLE,
item,reloaded_410shot_bird,".410 birdshot, reloaded",dda,dda,missing,,,410shot_bird,data/json/items/ammo/410shot.json,,
item,reloaded_410shot_slug,".410 slug, reloaded",dda,dda,missing,,,410shot_slug,data/json/items/ammo/410shot.json,,
item,reloaded_450_ftx,".450 Bushmaster FTX, reloaded",dda,dda,missing,,,450_ftx,data/json/items/ammo/450bushmaster.json,,
item,reloaded_450_penetrator,".450 Bushmaster Xtreme Hunter, reloaded",dda,dda,missing,,,450_penetrator,data/json/items/ammo/450bushmaster.json,,
item,reloaded_458wm,".458 Winchester Magnum JSP, reloaded",dda,dda,missing,,,458wm,data/json/items/ammo/458wm.json,,
item,reloaded_45colt_cowboy,".45 Colt LFN, reloaded",dda,dda,missing,,,45colt_cowboy,data/json/items/ammo/45colt.json,,
item,reloaded_45colt_fmj,".45 Colt +P FMJ, reloaded",dda,dda,missing,,,,data/json/items/ammo/45colt.json,,
item,reloaded_460sw,".460 S&W Magnum FTX, reloaded",dda,dda,missing,,,460sw,data/json/items/ammo/460sw.json,,
item,reloaded_460sw_jhp,".460 S&W Magnum JHP, reloaded",dda,dda,missing,,,460sw_jhp,data/json/items/ammo/460sw.json,,
item,reloaded_50ae_fmj,".50 AE FMJ, reloaded",dda,dda,missing,,,50ae_fmj,data/json/items/ammo/50ae.json,,
item,reloaded_77mm_arisaka_jsp,"7.7x58mm Arisaka JSP, reloaded",dda,dda,missing,,,77mm_arisaka_jsp,data/json/items/ammo/77mm_arisaka.json,,
item,resonance_measurement_device,Otherworldly measuring device,dda,dda,missing,,,,data/json/items/tool/electronics.json,WATER_BREAK,
item,retool_ar15_22,.22 upper receiver,dda,dda,missing,,,,data/json/items/gunmod/conversions.json,,
item,retool_ar15_223rem,mid-length .223 upper receiver,dda,dda,missing,,,,data/json/items/gunmod/conversions.json,,
item,retool_ar15_223rem_extended,rifle .223 upper receiver,dda,dda,missing,,,retool_ar15_223rem,data/json/items/gunmod/conversions.json,,
item,retool_ar15_223rem_medium,carbine .223 upper receiver,dda,dda,missing,,,retool_ar15_223rem,data/json/items/gunmod/conversions.json,,
item,retool_ar15_223rem_pistol,pistol .223 upper receiver,dda,dda,missing,,,retool_ar15_223rem,data/json/items/gunmod/conversions.json,,
item,retool_ar15_223rem_short,CQB .223 upper receiver,dda,dda,missing,,,retool_ar15_223rem,data/json/items/gunmod/conversions.json,,
item,retool_ar15_450,rifle .450 upper receiver,dda,dda,missing,,,,data/json/items/gunmod/conversions.json,,
item,retool_ar15_450_medium,CQB .450 upper receiver,dda,dda,missing,,,retool_ar15_450,data/json/items/gunmod/conversions.json,,
item,retool_ar15_450_short,SBR .450 upper receiver,dda,dda,missing,,,retool_ar15_450,data/json/items/gunmod/conversions.json,,
item,retool_ar15_50beowulf,rifle 12.7x42mm upper receiver,dda,dda,missing,,,,data/json/items/gunmod/conversions.json,,
item,retool_ar15_50beowulf_medium,mid-length 12.7x42mm upper receiver,dda,dda,missing,,,retool_ar15_50beowulf,data/json/items/gunmod/conversions.json,,
item,retool_ar15_50beowulf_short,SBR 12.7x42mm upper receiver,dda,dda,missing,,,retool_ar15_50beowulf,data/json/items/gunmod/conversions.json,,
item,retool_ar15_762,7.62x39mm upper receiver,dda,dda,missing,,,,data/json/items/gunmod/conversions.json,,
item,retool_axmc_300win,AXMC .300 barrel-assembly,dda,dda,missing,,,,data/json/items/gunmod/conversions.json,,
item,retool_axmc_308win,AXMC .308 barrel-assembly,dda,dda,missing,,,,data/json/items/gunmod/conversions.json,,
item,retool_axmc_338lapua,AXMC .338 barrel-assembly,dda,dda,missing,,,,data/json/items/gunmod/conversions.json,,
item,retool_cz600_223rem,CZ .223 barrel-assembly,dda,dda,missing,,,,data/json/obsoletion_and_migration_0.J/guns.json,,
item,retool_cz600_762,CZ 7.62x39mm barrel-assembly,dda,dda,missing,,,,data/json/obsoletion_and_migration_0.J/guns.json,,
item,retool_deagle_357,Desert Eagle .357 conversion kit,dda,dda,missing,,,,data/json/items/gunmod/conversions.json,,
item,retool_deagle_44,Desert Eagle .44 conversion kit,dda,dda,missing,,,,data/json/items/gunmod/conversions.json,,
item,retool_deagle_50,Desert Eagle .50 conversion kit,dda,dda,missing,,,,data/json/items/gunmod/conversions.json,,
item,retool_mdrx_223rem,MDRX .223 extended-assembly,dda,dda,missing,,,,data/json/items/gunmod/conversions.json,,
item,retool_mdrx_223rem_medium,MDRX .223 standard-assembly,dda,dda,missing,,,retool_mdrx_223rem,data/json/items/gunmod/conversions.json,,
item,retool_mdrx_223rem_short,MDRX .223 MICRON assembly,dda,dda,missing,,,retool_mdrx_223rem,data/json/items/gunmod/conversions.json,,
item,retool_mdrx_300blk,MDRX .300BLK standard-assembly,dda,dda,missing,,,,data/json/items/gunmod/conversions.json,,
item,retool_mdrx_308win,MDRX .308 extended-assembly,dda,dda,missing,,,,data/json/items/gunmod/conversions.json,,
item,retool_mdrx_308win_medium,MDRX .308 standard-assembly,dda,dda,missing,,,retool_mdrx_308win,data/json/items/gunmod/conversions.json,,
item,retool_ump_40,UMP .40 S&W conversion kit,dda,dda,missing,,,,data/json/items/gunmod/conversions.json,,
item,retool_ump_45,UMP .45 ACP conversion kit,dda,dda,missing,,,,data/json/items/gunmod/conversions.json,,
item,retool_ump_9,UMP 9x19mm conversion kit,dda,dda,missing,,,,data/json/items/gunmod/conversions.json,,
item,riding_crop,riding crop,dda,dda,missing,,,,data/json/items/tool/misc.json,REACH_ATTACK,
item,rivets,rivet,dda,dda,missing,,,,data/json/items/ammo/nail.json,,
item,robofac40,HWP 40-round 5.56 magazine,dda,dda,missing,,,,data/json/items/gun/robofac_gun.json,MAG_COMPACT,
item,robofac60,HWP 60-round 9mm helical magazine,dda,dda,missing,,,,data/json/items/gun/robofac_gun.json,MAG_COMPACT,
item,robofac_armor_anchor,Hub 01 modular defense anchor,dda,mindovermatter,missing,,,robofac_armor_anchor,data/mods/MindOverMatter/items/armor/overrides.json,STURDY | OUTER | WATERPROOF | VARSIZE | RAINPROOF | HOOD | SOFT | MUNDANE,
item,robofac_armor_anchor_on,Hub 01 modular defense anchor (on),dda,mindovermatter,missing,,,robofac_armor_anchor_on,data/mods/MindOverMatter/items/armor/overrides.json,DIMENSIONAL_ANCHOR | PORTAL_PROOF | STURDY | OUTER | WATERPROOF | VARSIZE | RAINPROOF | HOOD | SOFT | SPAWN_ACTIVE | MUNDANE,
item,robofac_basic_helmet,Hub 01 prototype helmet,dda,dda,missing,,,,data/json/items/armor/robofac_armor.json,ABLATIVE_HELMET | CANT_WEAR | OUTER,
item,robofac_basic_mantle,Hub 01 prototype mantle,dda,dda,missing,,,,data/json/items/armor/robofac_armor.json,ABLATIVE_MANTLE | CANT_WEAR | OUTER,
item,robofac_basic_skirt,Hub 01 prototype skirt,dda,dda,missing,,,,data/json/items/armor/robofac_armor.json,ABLATIVE_SKIRT | CANT_WEAR | OUTER,
item,robofac_gun_40mm_10rd,FSP 10-round 40x46 magazine,dda,dda,missing,,,,data/json/items/gun/robofac_gun.json,MAG_BULKY,
item,robofac_gun_40mm_3rd,FSP 3-round 40x46 magazine,dda,dda,missing,,,,data/json/items/gun/robofac_gun.json,MAG_BULKY,
item,robofac_gun_40mm_5rd,FSP 5-round 40x46 magazine,dda,dda,missing,,,,data/json/items/gun/robofac_gun.json,MAG_BULKY,
item,robofac_gun_kit,Hub 01 HWP maintenance kit,dda,dda,missing,,,,data/json/items/tool/workshop.json,,
item,robofac_kevlar_helmet,Hub 01 ballistic helmet,dda,dda,missing,,,,data/json/items/armor/robofac_armor.json,ABLATIVE_HELMET | CANT_WEAR | OUTER,
item,robofac_kevlar_mantle,Hub 01 ballistic mantle,dda,dda,missing,,,,data/json/items/armor/robofac_armor.json,ABLATIVE_MANTLE | CANT_WEAR | OUTER,
item,robofac_kevlar_skirt,Hub 01 ballistic skirt,dda,dda,missing,,,,data/json/items/armor/robofac_armor.json,ABLATIVE_SKIRT | CANT_WEAR | OUTER,
item,robofac_military_helmet,Hub 01 soldier helmet,dda,dda,missing,,,,data/json/items/armor/robofac_armor.json,ABLATIVE_HELMET | CANT_WEAR | OUTER | STURDY,
item,robofac_military_mantle,Hub 01 soldier mantle,dda,dda,missing,,,,data/json/items/armor/robofac_armor.json,ABLATIVE_MANTLE | CANT_WEAR | OUTER | STURDY,
item,robofac_military_skirt,Hub 01 soldier skirt,dda,dda,missing,,,,data/json/items/armor/robofac_armor.json,ABLATIVE_SKIRT | CANT_WEAR | OUTER | STURDY,
item,robofac_nomex_helmet,Hub 01 turnout helmet,dda,dda,missing,,,,data/json/items/armor/robofac_armor.json,ABLATIVE_HELMET | CANT_WEAR | OUTER,
item,robofac_nomex_mantle,Hub 01 turnout mantle,dda,dda,missing,,,,data/json/items/armor/robofac_armor.json,ABLATIVE_MANTLE | CANT_WEAR | OUTER,
item,robofac_nomex_skirt,Hub 01 turnout skirt,dda,dda,missing,,,,data/json/items/armor/robofac_armor.json,ABLATIVE_SKIRT | CANT_WEAR | OUTER,
item,robofac_poncho_liner,Hub 01 MPET poncho liner,dda,dda,missing,,,,data/json/items/armor/robofac_armor.json,OVERSIZE | BELTED,
item,robofac_rubber_helmet,Hub 01 kinetic helmet,dda,dda,missing,,,,data/json/items/armor/robofac_armor.json,ABLATIVE_HELMET | CANT_WEAR | OUTER,
item,robofac_rubber_mantle,Hub 01 kinetic mantle,dda,dda,missing,,,,data/json/items/armor/robofac_armor.json,ABLATIVE_MANTLE | CANT_WEAR | OUTER,
item,robofac_rubber_skirt,Hub 01 kinetic skirt,dda,dda,missing,,,,data/json/items/armor/robofac_armor.json,ABLATIVE_SKIRT | CANT_WEAR | OUTER,
item,robofacmultimag,HWP 50-round 5.7 magazine,dda,dda,missing,,,,data/json/items/gun/robofac_gun.json,MAG_COMPACT,
item,rock_wool_bat,fiber insulation batt,dda,dda,missing,,,,data/json/items/resources/stone.json,,
item,rose_hips_cut,cut rose hips,dda,dda,missing,,,,data/json/items/comestibles/raw_fruit.json,RAW | EDIBLE_FROZEN,
item,router_tool,router,dda,dda,missing,,,,data/json/items/fake.json,ZERO_WEIGHT | TRADER_AVOID | DEBUG_ONLY | ALLOWS_REMOTE_USE | PSEUDO,
item,rubber_armor_cow,cow rain sheet,dda,dda,missing,,,,data/json/items/armor/pets_cow_armor.json,IS_PET_ARMOR,
item,rubik_farthing,shiny farthing,dda,dda,missing,,,,data/json/npcs/exodii/exodii_merchant_talk.json,COIN_SHAPED,
item,ruger_arr_mag,Ruger American Rifle 3-round magazine,dda,dda,missing,,,,data/json/items/magazine/450bushmaster.json,MAG_COMPACT,
item,ruler,ruler,dda,dda,missing,,,,data/json/items/fluff.json,,
item,rummy,Rummy-o set,dda,dda,missing,,,,data/json/items/fluff.json,NO_REPAIR,
item,salca,salca,dda,dda,missing,,,,data/json/items/comestibles/drink_other.json,FREEZERBURN,
item,salsa,salsa,dda,dda,missing,,,,data/json/items/comestibles/veggy_dishes.json,FREEZERBURN,
item,salted_mollusk,salted mollusk,dda,dda,missing,,,mollusk,data/json/items/comestibles/carnivore.json,,
item,sandwich_egg_salad,egg salad sandwich,dda,dda,missing,,,,data/json/items/comestibles/sandwich.json,,
item,sandwich_jam_cheese,jam and cheese sandwich,dda,dda,missing,,,,data/json/items/comestibles/sandwich.json,,
item,sandwich_pbf,fluffernutter sandwich,dda,dda,missing,,,,data/json/items/comestibles/sandwich.json,,
item,sandwich_reuben,reuben sandwich,dda,dda,missing,,,,data/json/items/comestibles/sandwich.json,,
item,sandwich_veggy_cheese,vegetable sandwich with cheese,dda,dda,missing,,,,data/json/items/comestibles/sandwich.json,EATEN_COLD,
item,sarma,sarma,dda,dda,missing,,,,data/json/items/comestibles/meat_dishes.json,EATEN_HOT | FREEZERBURN,
item,sassafras_root,sassafras root,dda,dda,missing,,,,data/json/items/generic.json,,
item,sauerkraut_ferment_active,fermenting sauerkraut jar,dda,dda,missing,,,,data/json/items/tool/cooking.json,SPAWN_ACTIVE,
item,savage_220_magazine,2-round 20 gauge magazine,dda,dda,missing,,,,data/json/items/magazine/shot.json,MAG_COMPACT,
item,savage_model_220,"bolt-action shotgun, 20 gauge",dda,dda,missing,,,,data/json/items/gun/20shot.json,RELOAD_ONE | NO_TURRET | EASY_CLEAN | BOLT_ACTION,
item,scarf_faux_fur,faux fur scarf,dda,dda,missing,,,,data/json/items/armor/scarfs.json,OUTER,
item,scarf_faux_fur_headwrap,faux fur scarf (headwrap),dda,dda,missing,,,,data/json/items/armor/scarfs.json,OUTER,
item,scarf_faux_fur_long,long faux fur scarf,dda,dda,missing,,,,data/json/items/armor/scarfs.json,OVERSIZE | POCKETS | OUTER,
item,scarf_faux_fur_long_headwrap,long faux fur scarf (headwrap),dda,dda,missing,,,,data/json/items/armor/scarfs.json,OUTER,
item,scarf_faux_fur_long_loose,long faux fur scarf (loose),dda,dda,missing,,,,data/json/items/armor/scarfs.json,OVERSIZE | POCKETS | OUTER | ALLOWS_NATURAL_ATTACKS,
item,scarf_faux_fur_loose,faux fur scarf (loose),dda,dda,missing,,,,data/json/items/armor/scarfs.json,OUTER | ALLOWS_NATURAL_ATTACKS,
item,scarf_fur_headwrap,fur scarf (headwrap),dda,dda,missing,,,,data/json/items/armor/scarfs.json,OUTER,
item,scarf_fur_long_headwrap,long fur scarf (headwrap),dda,dda,missing,,,,data/json/items/armor/scarfs.json,OUTER,
item,scarf_headwrap,wool scarf (headwrap),dda,dda,missing,,,,data/json/items/armor/scarfs.json,OUTER,
item,scarf_long_headwrap,long wool scarf (headwrap),dda,dda,missing,,,,data/json/items/armor/scarfs.json,OUTER,
item,scout_bipod,integral polymer bipod,dda,dda,missing,,,,data/json/items/gunmod/underbarrel.json,IRREMOVABLE | ZERO_WEIGHT,
item,scout_bipod_deployed,"integral polymer bipod, deployed",dda,dda,missing,,,scout_bipod,data/json/items/gunmod/underbarrel.json,BIPOD | SLOW_WIELD | ZERO_WEIGHT,
item,scout_stock,hollow polymer stock,dda,dda,missing,,,,data/json/items/gunmod/stock.json,,
item,scrabble,Scrabble Letters set,dda,dda,missing,,,,data/json/items/fluff.json,NO_REPAIR,
item,scrap_canvas,canvas scraps,dda,dda,missing,,,,data/json/items/resources/tailoring.json,NO_SALVAGE | TRADER_AVOID,
item,scrap_carpet,scraps of carpet,dda,dda,missing,,,,data/json/items/resources/tailoring.json,NO_SALVAGE | TRADER_AVOID,
item,scrap_cast_iron,scrap cast iron,dda,dda,missing,,,,data/json/items/resources/metal.json,PUNCTURE_VEHICLE_WHEELS,
item,scrap_denim,denim scraps,dda,dda,missing,,,,data/json/items/resources/tailoring.json,NO_SALVAGE | TRADER_AVOID,
item,scrap_esbi_plate,scrap ESBI plate,dda,dda,missing,,,,data/json/items/armor/ballistic_armor.json,ABLATIVE_MEDIUM | CANT_WEAR,
item,scraper_steel,steel scraper,dda,dda,missing,,,,data/json/items/tool/metalworking.json,DURABLE_MELEE,
item,screw_press,screw press,dda,dda,missing,,,,data/json/items/tool/cooking.json,,
item,screw_press_tool,screw press,dda,dda,missing,,,,data/json/items/tool/deployable.json,,
item,scuba_regulator,SCUBA regulator,dda,dda,missing,,,,data/json/items/tool_armor.json,WATER_FRIENDLY | PADDED | NORMAL | SKINTIGHT | SCBA,
item,scuba_regulator_scba_on,SCUBA regulator (on),dda,dda,missing,,,,data/json/items/tool_armor.json,WATER_FRIENDLY | PADDED | NORMAL | SKINTIGHT | SCBA_ON | SPAWN_ACTIVE,
item,sculpture_clay,clay sculpture,dda,dda,missing,,,,data/json/items/fluff.json,,
item,sculpture_rock,stone sculpture,dda,dda,missing,,,,data/json/items/fluff.json,,
item,scutcheritem,stationary scutcher,dda,dda,missing,,,,data/json/items/fake.json,ZERO_WEIGHT | TRADER_AVOID | DEBUG_ONLY,
item,scythe_game,Steam Gears,dda,dda,missing,,,,data/json/items/fluff.json,NO_REPAIR,
item,sea_lettuce,sea lettuce,dda,dda,missing,,,,data/json/items/comestibles/raw_veggy.json,FREEZERBURN | CATTLE | RABBIT,
item,seat_bench,bench seat,dda,dda,missing,,,,data/json/items/vehicle/seating.json,,
item,seaweed,seaweed,dda,dda,missing,,,,data/json/items/comestibles/raw_veggy.json,INEDIBLE,
item,seaweed_pile,pile of seaweed,dda,dda,missing,,,,data/json/items/comestibles/raw_veggy.json,INEDIBLE,
item,seed_lotus_boiled,boiled lotus seeds,dda,dda,missing,,,lotus_rhizome,data/json/items/comestibles/seed.json,EATEN_HOT,
item,seed_melon,cantaloupe melon seeds,dda,dda,missing,,,,data/json/items/comestibles/seed.json,PLANTABLE_SEED | NUTRIENT_OVERRIDE | INEDIBLE,
item,seed_pea,pea seeds,dda,dda,missing,,,pea,data/json/items/comestibles/seed.json,FREEZERBURN | CATTLE | RABBIT | RAT | MOUSE | PLANTABLE_SEED | NUTRIENT_OVERRIDE,
item,senet,senet set,dda,dda,missing,,,,data/json/items/fluff.json,NO_REPAIR,
item,serum_learning,"76x-""Lore""",dda,dda,missing,,,,data/json/items/comestibles/serums.json,,
item,serum_night_operations,"09x-""Anaximander""",dda,dda,missing,,,,data/json/items/comestibles/serums.json,,
item,serum_regen,"48x-""Locutus""",dda,dda,missing,,,,data/json/items/comestibles/serums.json,,
item,serum_resilience,"16x-""Armus""",dda,dda,missing,,,,data/json/items/comestibles/serums.json,,
item,serum_speed,"51x-""Landru""",dda,dda,missing,,,,data/json/items/comestibles/serums.json,,
item,serum_super_soldier,"29x-""Noonien""",dda,dda,missing,,,,data/json/items/comestibles/serums.json,,
item,service_medal,service medal,dda,dda,missing,,,,data/json/items/armor/jewelry.json,NO_WEAR_EFFECT,
item,sextant,sextant,dda,dda,missing,,,,data/json/items/tool/science.json,,
item,sharp_rebar,sharpened rebar,dda,dda,missing,,,,data/json/items/melee/spears_and_polearms.json,SPEAR | FRAGILE_MELEE,
item,sharpener,pencil sharpener,dda,dda,missing,,,,data/json/items/fluff.json,,
item,shed_snakeskin,shed snakeskin,dda,dda,missing,,,,data/json/items/biosignatures.json,TRADER_AVOID | INEDIBLE,
item,shed_snakeskin_big,big shed snakeskin,dda,dda,missing,,,shed_snakeskin,data/json/items/biosignatures.json,TRADER_AVOID | INEDIBLE,
item,shed_snakeskin_giant,gigantic shed snakeskin,dda,dda,missing,,,shed_snakeskin,data/json/items/biosignatures.json,TRADER_AVOID | INEDIBLE,
item,shed_snakeskin_little,shed snakeskin,dda,dda,missing,,,shed_snakeskin,data/json/items/biosignatures.json,TRADER_AVOID | INEDIBLE,
item,shed_snakeskin_scales,gigantic snake scales,dda,dda,missing,,,,data/json/items/biosignatures.json,TRADER_AVOID | INEDIBLE,
item,sheet_aluminum,aluminum sheet,dda,dda,missing,,,,data/json/items/resources/metal.json,,
item,sheet_canvas_patchwork,patchwork canvas sheet,dda,dda,missing,,,,data/json/items/resources/tailoring.json,,
item,sheet_denim,denim sheet,dda,dda,missing,,,,data/json/items/resources/tailoring.json,,
item,sheet_denim_patchwork,patchwork denim sheet,dda,dda,missing,,,,data/json/items/resources/tailoring.json,,
item,sheet_fur_patchwork,patchwork fur sheet,dda,dda,missing,,,,data/json/items/resources/tailoring.json,,
item,shield_visor,shield visor,dda,dda,missing,,,,data/json/items/armor/head_attachments.json,HELMET_FACE_SHIELD | CANT_WEAR,
item,shoulder_strap_simple,two point sling,dda,dda,missing,,,,data/json/items/gunmod/sling.json,IS_ARMOR | BELTED | OVERSIZE | WATER_FRIENDLY,
item,sieve_steel_makeshift,makeshift sieve,dda,dda,missing,,,,data/json/items/tool/cooking.json,,
item,silicone,silicone caulk,dda,dda,missing,,,,data/json/items/chemicals_and_resources.json,UNRECOVERABLE,
item,silver_anklet,silver anklet,dda,dda,missing,,,,data/json/items/armor/jewelry.json,NO_WEAR_EFFECT | BELTED | OVERSIZE,
item,silver_lip_ring_loop,silver lip ring loop,dda,dda,missing,,,,data/json/items/armor/jewelry.json,NO_WEAR_EFFECT,
item,silver_lip_ring_stud,silver lip ring stud,dda,dda,missing,,,,data/json/items/armor/jewelry.json,NO_WEAR_EFFECT,
item,silver_nose_ring_loop,silver nose ring loop,dda,dda,missing,,,,data/json/items/armor/jewelry.json,NO_WEAR_EFFECT,
item,silver_nose_ring_stud,silver nose ring stud,dda,dda,missing,,,,data/json/items/armor/jewelry.json,NO_WEAR_EFFECT,
item,silver_toe_ring,silver toe ring,dda,dda,missing,,,,data/json/items/armor/jewelry.json,NO_WEAR_EFFECT | SKINTIGHT,
item,simple_crank,simple crank mechanism,dda,dda,missing,,,,data/json/items/generic/spares.json,,
item,skull_skunk,skunk skull,dda,dda,missing,,,,data/json/items/resources/bone.json,TRADER_AVOID | RAW | INEDIBLE | NO_TEMP | LUPINE,
item,skunk_spray_neutralizing_solution,skunk spray neutralizing solution,dda,dda,missing,,,,data/json/items/comestibles/med.json,NO_INGEST | WATER_DISSOLVE,
item,slag,slag,dda,dda,missing,,,,data/json/items/resources/metal.json,,
item,small_aluminum_bar_flat,aluminum flat bar stock,dda,dda,missing,,,,data/json/items/resources/metal.json,,
item,small_aluminum_bar_round,small aluminum bar stock,dda,dda,missing,,,,data/json/items/resources/metal.json,,
item,small_checkboard,compact checkerboard,dda,dda,missing,,,,data/json/items/fluff.json,NO_REPAIR,
item,small_checkers,compact checkers set,dda,dda,missing,,,,data/json/items/fluff.json,NO_REPAIR,
item,small_chess,compact chess set,dda,dda,missing,,,,data/json/items/fluff.json,NO_REPAIR,
item,small_hc_steel_bar_flat,small high steel flat bar stock,dda,dda,missing,,,small_steel_bar_flat,data/json/items/resources/metal.json,,
item,small_hc_steel_bar_round,small high steel bar stock,dda,dda,missing,,,small_steel_bar_round,data/json/items/resources/metal.json,,
item,small_lc_steel_bar_flat,small low steel flat bar stock,dda,dda,missing,,,small_steel_bar_flat,data/json/items/resources/metal.json,,
item,small_lc_steel_bar_round,small low steel bar stock,dda,dda,missing,,,small_steel_bar_round,data/json/items/resources/metal.json,,
item,small_mc_steel_bar_flat,small medium steel flat bar stock,dda,dda,missing,,,small_steel_bar_flat,data/json/items/resources/metal.json,,
item,small_mc_steel_bar_round,small medium steel bar stock,dda,dda,missing,,,small_steel_bar_round,data/json/items/resources/metal.json,,
item,small_plant,small plant,dda,dda,missing,,,,data/json/items/comestibles/other.json,TRADER_AVOID,
item,small_pressure_vessel,small pressure vessel,dda,dda,missing,,,,data/json/items/generic/spares.json,,
item,small_squeeze_tube,small glue squeeze tube,dda,dda,missing,,,,data/json/items/containers/containers.json,NO_RELOAD | NO_UNLOAD,
item,small_steel_bar_flat,steel flat bar stock,dda,dda,missing,,,,data/json/items/resources/metal.json,,
item,small_steel_bar_round,small steel bar stock,dda,dda,missing,,,,data/json/items/resources/metal.json,,
item,smle_mk3,Enfield battle rifle,dda,bombastic_perks,missing,,,smle_mk3,data/mods/BombasticPerks/perkdata/old_guns.json,RELOAD_ONE | NO_TURRET | EASY_CLEAN | BOLT_ACTION | OLD_GUN,
item,snakesnladders,Snakes and Ladders,dda,dda,missing,,,,data/json/items/fluff.json,NO_REPAIR,
item,snow_machine_home,home snow machine,dda,dda,missing,,,,data/json/items/tool/cooking.json,NONCONDUCTIVE | FRAGILE_MELEE | NO_UNLOAD | NO_RELOAD | WATER_BREAK | ELECTRONIC,
item,snowcone,snow cone,dda,dda,missing,,,,data/json/items/comestibles/frozen.json,MELTS,
item,snowcone_alcoholic,snow cone,dda,dda,missing,,,,data/json/items/comestibles/frozen.json,MELTS | NO_AUTO_CONSUME | ALCOHOL_WEAK,
item,soaked_dandelion,soaked dandelion,dda,dda,missing,,,dandelion,data/json/items/comestibles/brewing.json,EDIBLE_FROZEN | RAW,
item,soaking_dandelion,soaking dandelion (obsolete),dda,dda,missing,,,dandelion,data/json/obsoletion_and_migration_0.J/brewing.json,EDIBLE_FROZEN | RAW,
item,soaking_dandelion_active,soaking dandelion,dda,dda,missing,,,dandelion,data/json/items/comestibles/brewing.json,EDIBLE_FROZEN | RAW | SPAWN_ACTIVE,
item,soaking_long_pole,soaking long pole,dda,dda,missing,,,,data/json/items/resources/wood.json,POLEARM | SPEAR | REACH_ATTACK | REACH3 | NONCONDUCTIVE | ALWAYS_TWOHAND,
item,soft_adobe_brick_active,soft adobe brick,dda,dda,missing,,,,data/json/items/generic.json,SPAWN_ACTIVE,
item,software_archived_data,archive data,dda,dda,missing,,,abstract_software,data/json/items/software.json,ZERO_WEIGHT | NO_DROP | IRREMOVABLE | E_STORABLE_EXCLUSIVE,
item,software_encryption_codes,encryption codes,dda,dda,missing,,,abstract_software,data/json/items/software.json,ZERO_WEIGHT | NO_DROP | IRREMOVABLE | E_STORABLE_EXCLUSIVE,
item,soggy_hardtack,soggy hardtack,dda,dda,missing,,,,data/json/items/comestibles/bread.json,EDIBLE_FROZEN,
item,solar_cooker,parabolic solar cooker,dda,dda,missing,,,,data/json/items/tool/deployable.json,,
item,sourdough_split_uncovered,freshly fed sourdough starter (obsolete),dda,dda,missing,,,,data/json/obsoletion_and_migration_0.J/bread.json,SOFT,
item,sourdough_split_uncovered_active,freshly fed sourdough starter,dda,dda,missing,,,,data/json/items/comestibles/bread.json,SOFT,
item,sourdough_starter_uncovered,sourdough starter,dda,dda,missing,,,,data/json/items/comestibles/bread.json,SOFT,
item,sourdough_young_uncovered,juvenile sourdough starter (obsolete),dda,dda,missing,,,,data/json/obsoletion_and_migration_0.J/bread.json,SOFT,
item,sourdough_young_uncovered_active,juvenile sourdough starter,dda,dda,missing,,,,data/json/items/comestibles/bread.json,SOFT | SPAWN_ACTIVE,
item,soy_sauce_unstrained,unstrained soy sauce,dda,dda,missing,,,,data/json/items/comestibles/brewing.json,NUTRIENT_OVERRIDE,
item,soyang,Soyang Farmers,dda,dda,missing,,,,data/json/items/fluff.json,NO_REPAIR,
item,spear_knife_proper,knife spear,dda,xedra_evolved,missing,,,spear_knife_proper,data/mods/Xedra_Evolved/items/weapon_copy_extensions.json,DURABLE_MELEE | SPEAR | REACH_ATTACK | NONCONDUCTIVE | SHEATH_SPEAR | WOODEN_WEAPON,
item,spear_steel_crude,crude steel spear,dda,xedra_evolved,missing,,,spear_steel_crude,data/mods/Xedra_Evolved/items/weapon_copy_extensions.json,DURABLE_MELEE | SPEAR | REACH_ATTACK | NONCONDUCTIVE | SHEATH_SPEAR | WOODEN_WEAPON,
item,spear_stone_simple,simple stone spear,dda,xedra_evolved,missing,,,spear_stone_simple,data/mods/Xedra_Evolved/items/weapon_copy_extensions.json,SPEAR | REACH_ATTACK | SHEATH_SPEAR | WOODEN_WEAPON,
item,spear_wood_simple,wooden spear,dda,xedra_evolved,missing,,,spear_wood_simple,data/mods/Xedra_Evolved/items/weapon_copy_extensions.json,SPEAR | REACH_ATTACK | NPC_THROWN | SHEATH_SPEAR | WOODEN_WEAPON,
item,spent_lgpistol_primer,spent large pistol primer,dda,dda,missing,,,,data/json/items/ammo.json,,
item,spent_lgrifle_primer,spent large rifle primer,dda,dda,missing,,,,data/json/items/ammo.json,,
item,spent_shotgun_primer,spent shotgun primer,dda,dda,missing,,,,data/json/items/ammo.json,,
item,spent_smpistol_primer,spent small pistol primer,dda,dda,missing,,,,data/json/items/ammo.json,,
item,spent_smrifle_primer,spent small rifle primer,dda,dda,missing,,,,data/json/items/ammo.json,,
item,spicebush_berries_smoked,dry spicebush berries,dda,dda,missing,,,,data/json/items/comestibles/spice.json,NUTRIENT_OVERRIDE | INEDIBLE | WATER_DISSOLVE,
item,spinwheelitem,spinning wheel,dda,dda,missing,,,,data/json/items/fake.json,ZERO_WEIGHT | TRADER_AVOID | DEBUG_ONLY,
item,spirit_island,Deity Island,dda,dda,missing,,,,data/json/items/fluff.json,NO_REPAIR,
item,spring_medium,medium spring,dda,dda,missing,,,,data/json/items/generic.json,,
item,spring_small,small spring,dda,dda,missing,,,,data/json/items/generic.json,,
item,srm_1216_mag_16,16-round rotary shotgun magazine,dda,dda,missing,,,,data/json/items/magazine/shot.json,MAG_BULKY,
item,staff_sling_grenade_cradle,grenade cradle for staff sling,dda,dda,missing,,,,data/json/items/gunmod/conversions.json,,
item,stanag30ranger,STANAG 30-round magazine with ranger plate,dda,dda,missing,,,,data/json/items/magazine/223.json,MAG_COMPACT | BELT_CLIP,
item,stanag30ranger_beowulf,retooled STANAG 30-round magazine with ranger plate,dda,dda,missing,,,stanag30ranger,data/json/items/magazine/50beowulf.json,MAG_COMPACT | BELT_CLIP,
item,steel_armor_cow,steel cow armor,dda,dda,missing,,,,data/json/items/armor/pets_cow_armor.json,IS_PET_ARMOR,
item,steel_armor_horse,steel horse armor,dda,dda,missing,,,,data/json/items/armor/pets_horse_armor.json,IS_PET_ARMOR,
item,steel_bar_flat,steel flat bar stock,dda,dda,missing,,,,data/json/items/resources/metal.json,,
item,steel_bar_round,steel bar stock,dda,dda,missing,,,,data/json/items/resources/metal.json,,
item,steel_kiln,disconnected tempering kiln,dda,dda,missing,,,f_kiln,data/json/items/appliances.json,,
item,steel_kiln_tool,tempering kiln,dda,dda,missing,,,,data/json/items/fake.json,ZERO_WEIGHT | TRADER_AVOID | DEBUG_ONLY | ALLOWS_REMOTE_USE | PSEUDO,
item,steroid_eyedrops,steroid eyedrops,dda,dda,missing,,,,data/json/items/comestibles/med.json,NO_INGEST | NPC_SAFE,
item,stock_none,sawn-off stock,dda,dda,missing,,,,data/json/items/gunmod/stock.json,REMOVED_STOCK | IRREMOVABLE,
item,stone_polishing,polishing stone,dda,dda,missing,,,,data/json/items/tool/metalworking.json,DURABLE_MELEE,
item,stool_log,log stool,dda,dda,missing,,,,data/json/items/furniture/seating.json,NO_SALVAGE,
item,strap_cotton,fabric strap,dda,dda,missing,,,,data/json/items/resources/tailoring.json,,
item,string_dimension_biocoif,gold-latticed biocoif,dda,dda,missing,,,,data/json/items/armor/masks.json,VARSIZE | WATERPROOF | RAINPROOF | STURDY | NO_REPAIR | SKINTIGHT | SOFT | PSYSHIELD_PARTIAL,
item,string_dimension_biosuit,gold-latticed biosuit,dda,dda,missing,,,,data/json/items/armor/suits_protection.json,VARSIZE | WATERPROOF | RAINPROOF | STURDY | NO_REPAIR | SKINTIGHT | MUNDANE | SOFT,
item,string_dimension_computer,otherworldly box,dda,dda,missing,,,,data/json/items/resources/alien.json,,
item,string_dimension_hypercube,transparent hypercube,dda,dda,missing,,,,data/json/items/relics/extradimensional_artifacts.json,ZERO_WEIGHT | TARDIS,
item,string_dimension_partigiana_ixwa,partigiana-ixwa,dda,dda,missing,,,,data/json/items/melee/spears_and_polearms.json,SPEAR | CONDUCTIVE | DURABLE_MELEE | SHEATH_SPEAR,
item,string_dimension_phase_immersion_suit,KÁ expedition harness,dda,dda,missing,,,,data/json/items/tool_armor.json,RAD_PROOF | ELECTRIC_IMMUNE | STURDY | WATERPROOF | GAS_PROOF | RAINPROOF | PADDED | COMBAT_TOGGLEABLE | UNBREAKABLE_MELEE,
item,sub2000_folding_mechanism,integral folding mechanism,dda,dda,missing,,,,data/json/items/gunmod/stock.json,,
item,sub2000_folding_mechanism_folded,integral folding mechanism (folded)),dda,dda,missing,,,,data/json/items/gunmod/stock.json,,
item,succotash,succotash,dda,dda,missing,,,,data/json/items/comestibles/veggy_dishes.json,EATEN_HOT | FREEZERBURN,
item,succotash_deluxe,succotash deluxe,dda,dda,missing,,,,data/json/items/comestibles/veggy_dishes.json,EATEN_HOT | FREEZERBURN,
item,sun_shield,sun shield,dda,dda,missing,,,,data/json/items/armor/head_attachments.json,CANT_WEAR,
item,sw617,high capacity revolver,dda,dda,missing,,,,data/json/items/gun/22.json,ALLOWS_BODY_BLOCK | RELOAD_ONE | NO_TURRET | EASY_CLEAN | RELOAD_EJECT,
item,sweet_milk_fortified,sweetened fortified milk,dda,dda,missing,,,milk_fortified,data/json/items/comestibles/drink.json,EATEN_COLD,
item,tablesaw_tool,table saw,dda,dda,missing,,,,data/json/items/fake.json,ZERO_WEIGHT | TRADER_AVOID | DEBUG_ONLY | ALLOWS_REMOTE_USE | PSEUDO,
item,tacoma_drink_token,Tacoma drink token,dda,dda,missing,,,,data/json/items/generic/currency.json,,
item,tainted_kevlar,tainted kevlar,dda,dda,missing,,,,data/json/items/resources/tailoring.json,,
item,tainted_nomex,tainted nomex,dda,dda,missing,,,,data/json/items/resources/tailoring.json,,
item,tallit_gadol,tallit gadol,dda,dda,missing,,,,data/json/items/armor/scarfs.json,OUTER | OVERSIZE | ALLOWS_NATURAL_ATTACKS,
item,tangram,tangram set,dda,dda,missing,,,,data/json/items/fluff.json,NO_REPAIR,
item,tanning_hide_active,tanning leather hide,dda,dda,missing,,,,data/json/items/tool/tailoring.json,NO_SALVAGE | SPAWN_ACTIVE,
item,tanning_pelt_active,tanning fur pelt,dda,dda,missing,,,,data/json/items/tool/tailoring.json,NO_SALVAGE | SPAWN_ACTIVE,
item,tape_measure,tape measure,dda,dda,missing,,,,data/json/items/tool/misc.json,,
item,target_spinner,spinner target,dda,dda,missing,,,,data/json/items/tool/deployable.json,SINGLE_USE,
item,teargas_spray,tear gas spray,dda,dda,missing,,,,data/json/items/ammo.json,,
item,teeth_macuahuitl,teeth-bladed macuahuitl,dda,dda,missing,,,,data/json/items/melee/bludgeons.json,NONCONDUCTIVE | FRAGILE_MELEE,
item,tefillin_hand_l,tefillin (left arm),dda,dda,missing,,,,data/json/items/armor/misc.json,OVERSIZE | RESTRICT_HANDS | ALLOWS_NATURAL_ATTACKS,
item,tefillin_hand_r,tefillin (right arm),dda,dda,missing,,,,data/json/items/armor/misc.json,OVERSIZE | RESTRICT_HANDS | ALLOWS_NATURAL_ATTACKS,
item,tefillin_head,tefillin (head),dda,dda,missing,,,,data/json/items/armor/misc.json,,
item,temper_block,tempering block set,dda,dda,missing,,,,data/json/items/tool/metalworking.json,,
item,terraforming_mercury,Terraforming - Mercury,dda,dda,missing,,,,data/json/items/fluff.json,NO_REPAIR,
item,thermo_resin_chunk,thermoplastic resin chunk,dda,dda,missing,,,,data/json/items/resources/plastic.json,NO_SALVAGE,
item,thread_cutting_set,thread cutting set,dda,dda,missing,,,,data/json/items/tool/workshop.json,,
item,threshed_barley,threshed barley,dda,dda,missing,,,threshed_wheat,data/json/items/comestibles/raw_grain.json,INEDIBLE | CATTLE | BIRD | RAT | MOUSE | NUTRIENT_OVERRIDE,
item,threshed_buckwheat,threshed buckwheat,dda,dda,missing,,,,data/json/items/comestibles/raw_grain.json,INEDIBLE | CATTLE | BIRD | RAT | MOUSE | NUTRIENT_OVERRIDE,
item,threshed_canola,threshed canola,dda,dda,missing,,,threshed_wheat,data/json/items/comestibles/raw_grain.json,INEDIBLE | CATTLE | BIRD | RAT | MOUSE | NUTRIENT_OVERRIDE,
item,threshed_lentils,threshed lentils,dda,dda,missing,,,threshed_wheat,data/json/items/comestibles/raw_grain.json,INEDIBLE | CATTLE | BIRD | RAT | MOUSE | NUTRIENT_OVERRIDE,
item,threshed_oats,threshed oats,dda,dda,missing,,,threshed_wheat,data/json/items/comestibles/raw_grain.json,INEDIBLE | CATTLE | BIRD | RAT | MOUSE | NUTRIENT_OVERRIDE,
item,threshed_wheat,threshed wheat,dda,dda,missing,,,,data/json/items/comestibles/raw_grain.json,INEDIBLE | CATTLE | BIRD | RAT | MOUSE | NUTRIENT_OVERRIDE,
item,threshed_winter_wheat,threshed winter wheat,dda,dda,missing,,,threshed_wheat,data/json/items/comestibles/raw_grain.json,INEDIBLE | CATTLE | BIRD | RAT | MOUSE | NUTRIENT_OVERRIDE,
item,throat_guard_canvas,canvas throat guard,dda,dda,missing,,,throat_guard_nylon,data/json/items/armor/scarfs.json,,
item,throat_guard_cut_resistant,cut-resistant throat guard,dda,dda,missing,,,throat_guard_nylon,data/json/items/armor/scarfs.json,WATER_FRIENDLY,
item,throat_guard_mercenary,mercenary throat guard,dda,dda,missing,,,iotv_neck_plate,data/json/items/armor/scarfs.json,STURDY | OUTER | NORMAL | WATER_FRIENDLY,
item,throat_guard_nylon,nylon throat guard,dda,dda,missing,,,iotv_neck_plate,data/json/items/armor/scarfs.json,,
item,throat_guard_plastic,plastic throat guard,dda,dda,missing,,,iotv_neck_plate,data/json/items/armor/scarfs.json,WATERPROOF | STURDY | OUTER,
item,tic_tac,tic-tac-toe set,dda,dda,missing,,,,data/json/items/fluff.json,NO_REPAIR,
item,tiramisu,tiramisù,dda,dda,missing,,,,data/json/items/comestibles/dairy.json,EDIBLE_FROZEN,
item,tire_repair_kit,tire repair kit,dda,dda,missing,,,,data/json/items/generic/spares.json,,
item,toilet_travel,travel toilet,dda,dda,missing,,,,data/json/items/tool/misc.json,,
item,toilet_travel_folded,folded travel toilet,dda,dda,missing,,,,data/json/items/tool/misc.json,,
item,toy_figurine,figurine,dda,dda,partial,toy_figurine_var_toy_figure_swordsman,msx_small.png,,data/json/items/toy.json,,toy_figurine
item,toy_figurine_large,large figurine,dda,dda,partial,toy_figurine_large_var_toy_figure_anime,msx_tiles.png,,data/json/items/toy.json,,toy_figurine_large
item,train_data,laboratory shipping records,dda,dda,missing,,,abstract_software,data/json/items/software.json,ZERO_WEIGHT | NO_DROP | IRREMOVABLE | E_STORABLE_EXCLUSIVE,
item,tube_welding_rod,welding rod tube,dda,dda,missing,,,,data/json/items/containers/containers.json,,
item,tuna_noodle_casserole,piece of fish noodle casserole,dda,dda,missing,,,,data/json/items/comestibles/casseroles.json,EATEN_HOT,
item,tuning_pegs,tuning peg,dda,dda,missing,,,,data/json/items/resources/wood.json,FIREWOOD,
item,type99,7.7mm battle rifle,dda,bombastic_perks,missing,,,type99,data/mods/BombasticPerks/perkdata/old_guns.json,RELOAD_ONE | NO_TURRET | EASY_CLEAN | BOLT_ACTION | OLD_GUN,
item,type99_sniper,7.7mm sniper rifle,dda,bombastic_perks,missing,,,type99_sniper,data/mods/BombasticPerks/perkdata/old_guns.json,RELOAD_ONE | NO_TURRET | EASY_CLEAN | BOLT_ACTION | OLD_GUN,
item,under_folding_stock,under folding stock,dda,dda,missing,,,,data/json/items/gunmod/stock.json,,
item,under_folding_stock_folded,under-folding stock (folded),dda,dda,missing,,,under_folding_stock,data/json/items/gunmod/stock.json,FOLDED_STOCK,
item,unprimed_20shot_hull,primerless 20 gauge hull,dda,dda,missing,,,unprimed_shot_hull,data/json/items/generic/casing.json,,
item,unprimed_shot_hull,primerless 12 gauge hull,dda,dda,missing,,,,data/json/items/generic/casing.json,,
item,unstable_rift,unstable rift,dda,dda,missing,,,escape_stone,data/json/items/nether.json,SINGLE_USE,
item,uranium,chunk of uranium,dda,dda,missing,,,,data/json/items/chemicals_and_resources.json,TRADER_AVOID | LEAK_ALWAYS | RADIOACTIVE,
item,vegan_butter,vegan butter,dda,dda,missing,,,,data/json/items/comestibles/nuts.json,NO_AUTO_CONSUME,
item,veh_tools_workshop,workshop station,dda,dda,missing,,,welding_rig,data/json/vehicleparts/modular_tools.json,,
item,vitc_fragment,vitamin C supplement fragment,dda,dda,missing,,,,data/json/items/comestibles/med.json,IRREPLACEABLE_CONSUMABLE | NO_TEMP,
item,viticulture,Vigneto,dda,dda,missing,,,,data/json/items/fluff.json,NO_REPAIR,
item,void_spider_test_item,void weaver effigy,dda,dda,missing,,,,data/json/monster_special_attacks/void_spider_mechanics.json,,
item,warehouse_rebooter,Exodii comm rebooter,dda,dda,missing,,,,data/json/items/id_cards.json,TRADER_AVOID,
item,waste_electrolyte_slurry,Electrolyte Slurry,dda,dda,missing,,,,data/json/items/fluff.json,,
item,water_clean_scarlet,acrid water,dda,dda,missing,,,,data/json/items/comestibles/drink.json,DECAYS_IN_AIR,
item,water_filter_sand,slow-sand water filter,dda,dda,missing,,,,data/json/items/tool/cooking.json,,
item,weather_glass,weather glass,dda,dda,missing,,,,data/json/items/tool/science.json,BAROMETER,
item,weighted_dart,weighted dart,dda,dda,missing,,,,data/json/items/ranged/throwing.json,,
item,welding_blanket,welding blanket,dda,dda,missing,,,,data/json/items/tool/workshop.json,,
item,welding_kit,high-temperature welding kit,dda,dda,missing,,,,data/json/items/tool/workshop.json,ALLOWS_REMOTE_USE | WATER_BREAK,
item,weldkit,vehicle high-temperature welding kit,dda,dda,missing,,,,data/json/items/vehicle/rigs.json,,
item,wheat_stalks,wheat stalks,dda,dda,missing,,,,data/json/items/comestibles/raw_grain.json,FRESH_GRAIN | INEDIBLE | CATTLE,
item,wheel_rim_medium,medium steel rim,dda,dda,missing,,,,data/json/items/vehicle/wheel.json,,
item,wheel_rim_motorbike,steel motorbike rim,dda,dda,missing,,,,data/json/items/vehicle/wheel.json,,
item,white_phosphorous,white phosphorous powder,dda,dda,missing,,,,data/json/items/chemicals_and_resources.json,,
item,wild_rice_cooked,cooked wild rice,dda,dda,missing,,,dry_wild_rice,data/json/items/comestibles/veggy_dishes.json,EATEN_HOT | FREEZERBURN | NUTRIENT_OVERRIDE,
item,wild_rice_stalks,wild rice stalks,dda,dda,missing,,,buckwheat_stalks,data/json/items/comestibles/raw_grain.json,FRESH_GRAIN | INEDIBLE | CATTLE,
item,wild_sarsaparilla_root,wild sarsaparilla root,dda,dda,missing,,,,data/json/items/comestibles/raw_veggy.json,RAW | RAT,
item,winter_wheat,winter wheat,dda,dda,missing,,,,data/json/items/comestibles/raw_grain.json,EDIBLE_FROZEN | RAW | INEDIBLE | CATTLE | PLANTABLE_SEED | CUT_HARVEST | BIRD | RAT | MOUSE | NUTRIENT_OVERRIDE,
item,wintergreen_berry,wintergreen berries,dda,dda,missing,,,,data/json/items/comestibles/raw_fruit.json,EDIBLE_FROZEN,
item,wintergreen_leaves,pile of wintergreen leaves,dda,dda,missing,,,,data/json/items/comestibles/raw_veggy.json,EDIBLE_FROZEN | RAW,
item,wintergreen_oil,wintergreen oil,dda,dda,missing,,,,data/json/items/comestibles/med.json,NO_INGEST | WATER_DISSOLVE | ALLOWS_REMOTE_USE,
item,wire_draw_machine,wire draw machine,dda,dda,missing,,,,data/json/items/tool/workshop.json,,
item,world_nations,World Nations,dda,dda,missing,,,,data/json/items/fluff.json,NO_REPAIR,
item,woven_anklet,woven anklet,dda,dda,missing,,,,data/json/items/armor/jewelry.json,NO_WEAR_EFFECT | BELTED | OVERSIZE,
item,xedra40,prototype 40-round 5.56 magazine,dda,dda,missing,,,robofac40,data/json/items/gun/robofac_gun.json,MAG_COMPACT,
item,xedra_field_notes_used,field notebook (used),dda,dda,missing,,,,data/json/items/book/maps.json,,
item,xedra_genset,prototype multifuel genset,dda,dda,missing,,,,data/json/items/vehicle/engine.json,,
item,xl_ch_brigandine_hands,hardened brigandine gloves (pair),dda,dda,missing,,,ch_brigandine_hands,data/json/items/armor/brigandine.json,STURDY | OUTER | VARSIZE | OVERSIZE | PREFIX_XL,
item,xl_ch_chainmail_aventail,hardened steel chainmail aventail,dda,dda,missing,,,ch_chainmail_aventail,data/json/items/armor/head_attachments.json,VARSIZE | STURDY | HELMET_AVENTAIL | CANT_WEAR | OVERSIZE | PREFIX_XL,
item,xl_ch_chainmail_face,hardened steel chainmail partial aventail,dda,dda,missing,,,ch_chainmail_face,data/json/items/armor/head_attachments.json,VARSIZE | STURDY | HELMET_AVENTAIL | CANT_WEAR | OVERSIZE | PREFIX_XL,
item,xl_ch_shoulder_guards,hardened shoulder guards (pair),dda,dda,missing,,,ch_shoulder_guards,data/json/items/armor/brigandine.json,PREFIX_XL,
item,xl_ch_steel_facemask,hardened steel armored face mask,dda,dda,missing,,,ch_steel_facemask,data/json/items/armor/head_attachments.json,VARSIZE | STURDY | HELMET_AVENTAIL | CANT_WEAR | OVERSIZE | PREFIX_XL,
item,xl_hc_brigandine_hands,high steel brigandine gloves (pair),dda,dda,missing,,,hc_brigandine_hands,data/json/items/armor/brigandine.json,STURDY | OUTER | VARSIZE | OVERSIZE | PREFIX_XL,
item,xl_hc_chainmail_aventail,high steel chainmail aventail,dda,dda,missing,,,hc_chainmail_aventail,data/json/items/armor/head_attachments.json,VARSIZE | STURDY | HELMET_AVENTAIL | CANT_WEAR | OVERSIZE | PREFIX_XL,
item,xl_hc_chainmail_face,high steel chainmail partial aventail,dda,dda,missing,,,hc_chainmail_face,data/json/items/armor/head_attachments.json,VARSIZE | STURDY | HELMET_AVENTAIL | CANT_WEAR | OVERSIZE | PREFIX_XL,
item,xl_hc_shoulder_guards,high steel shoulder guards (pair),dda,dda,missing,,,hc_shoulder_guards,data/json/items/armor/brigandine.json,PREFIX_XL,
item,xl_hc_steel_facemask,high steel armored face mask,dda,dda,missing,,,hc_steel_facemask,data/json/items/armor/head_attachments.json,VARSIZE | STURDY | HELMET_AVENTAIL | CANT_WEAR | OVERSIZE | PREFIX_XL,
item,xl_knuckle_impact,impact knuckles (pair),dda,dda,missing,,,knuckle_impact,data/json/items/melee/unarmed_weapons.json,WATER_FRIENDLY | DURABLE_MELEE | OUTER | OVERSIZE | PREFIX_XL,
item,xl_knuckle_skewer,skewer knuckles (pair),dda,dda,missing,,,knuckle_skewer,data/json/items/melee/unarmed_weapons.json,WATER_FRIENDLY | DURABLE_MELEE | OUTER | OVERSIZE | PREFIX_XL,
item,xl_lc_brigandine_hands,mild steel brigandine gloves (pair),dda,dda,missing,,,lc_brigandine_hands,data/json/items/armor/brigandine.json,STURDY | OUTER | VARSIZE | OVERSIZE | PREFIX_XL,
item,xl_lc_chainmail_aventail,mild steel chainmail aventail,dda,dda,missing,,,lc_chainmail_aventail,data/json/items/armor/head_attachments.json,VARSIZE | STURDY | HELMET_AVENTAIL | CANT_WEAR | OVERSIZE | PREFIX_XL,
item,xl_lc_chainmail_face,mild steel chainmail partial aventail,dda,dda,missing,,,lc_chainmail_face,data/json/items/armor/head_attachments.json,VARSIZE | STURDY | HELMET_AVENTAIL | CANT_WEAR | OVERSIZE | PREFIX_XL,
item,xl_lc_shoulder_guards,mild steel shoulder guards (pair),dda,dda,missing,,,lc_shoulder_guards,data/json/items/armor/brigandine.json,PREFIX_XL,
item,xl_lc_steel_facemask,mild steel armored face mask,dda,dda,missing,,,lc_steel_facemask,data/json/items/armor/head_attachments.json,VARSIZE | STURDY | HELMET_AVENTAIL | CANT_WEAR | OVERSIZE | PREFIX_XL,
item,xl_mc_brigandine_hands,medium steel brigandine gloves (pair),dda,dda,missing,,,mc_brigandine_hands,data/json/items/armor/brigandine.json,STURDY | OUTER | VARSIZE | OVERSIZE | PREFIX_XL,
item,xl_mc_chainmail_aventail,medium steel chainmail aventail,dda,dda,missing,,,mc_chainmail_aventail,data/json/items/armor/head_attachments.json,VARSIZE | STURDY | HELMET_AVENTAIL | CANT_WEAR | OVERSIZE | PREFIX_XL,
item,xl_mc_chainmail_face,medium steel chainmail partial aventail,dda,dda,missing,,,mc_chainmail_face,data/json/items/armor/head_attachments.json,VARSIZE | STURDY | HELMET_AVENTAIL | CANT_WEAR | OVERSIZE | PREFIX_XL,
item,xl_mc_shoulder_guards,medium steel shoulder guards (pair),dda,dda,missing,,,mc_shoulder_guards,data/json/items/armor/brigandine.json,PREFIX_XL,
item,xl_mc_steel_facemask,medium steel armored face mask,dda,dda,missing,,,mc_steel_facemask,data/json/items/armor/head_attachments.json,VARSIZE | STURDY | HELMET_AVENTAIL | CANT_WEAR | OVERSIZE | PREFIX_XL,
item,xl_qt_brigandine_hands,tempered brigandine gloves (pair),dda,dda,missing,,,qt_brigandine_hands,data/json/items/armor/brigandine.json,STURDY | OUTER | VARSIZE | OVERSIZE | PREFIX_XL,
item,xl_qt_chainmail_aventail,tempered steel chainmail aventail,dda,dda,missing,,,qt_chainmail_aventail,data/json/items/armor/head_attachments.json,VARSIZE | STURDY | HELMET_AVENTAIL | CANT_WEAR | OVERSIZE | PREFIX_XL,
item,xl_qt_chainmail_face,tempered steel chainmail partial aventail,dda,dda,missing,,,qt_chainmail_face,data/json/items/armor/head_attachments.json,VARSIZE | STURDY | HELMET_AVENTAIL | CANT_WEAR | OVERSIZE | PREFIX_XL,
item,xl_qt_shoulder_guards,tempered shoulder guards (pair),dda,dda,missing,,,qt_shoulder_guards,data/json/items/armor/brigandine.json,PREFIX_XL,
item,xl_qt_steel_facemask,tempered steel armored face mask,dda,dda,missing,,,qt_steel_facemask,data/json/items/armor/head_attachments.json,VARSIZE | STURDY | HELMET_AVENTAIL | CANT_WEAR | OVERSIZE | PREFIX_XL,
item,xs_ch_chainmail_aventail,hardened steel chainmail aventail,dda,dda,missing,,,ch_chainmail_aventail,data/json/items/armor/head_attachments.json,VARSIZE | STURDY | HELMET_AVENTAIL | CANT_WEAR | UNDERSIZE | PREFIX_XS,
item,xs_ch_chainmail_face,hardened steel chainmail partial aventail,dda,dda,missing,,,ch_chainmail_face,data/json/items/armor/head_attachments.json,VARSIZE | STURDY | HELMET_AVENTAIL | CANT_WEAR | UNDERSIZE | PREFIX_XS,
item,xs_ch_steel_facemask,hardened steel armored face mask,dda,dda,missing,,,ch_steel_facemask,data/json/items/armor/head_attachments.json,VARSIZE | STURDY | HELMET_AVENTAIL | CANT_WEAR | UNDERSIZE | PREFIX_XS,
item,xs_hc_chainmail_aventail,high steel chainmail aventail,dda,dda,missing,,,hc_chainmail_aventail,data/json/items/armor/head_attachments.json,VARSIZE | STURDY | HELMET_AVENTAIL | CANT_WEAR | UNDERSIZE | PREFIX_XS,
item,xs_hc_chainmail_face,high steel chainmail partial aventail,dda,dda,missing,,,hc_chainmail_face,data/json/items/armor/head_attachments.json,VARSIZE | STURDY | HELMET_AVENTAIL | CANT_WEAR | UNDERSIZE | PREFIX_XS,
item,xs_hc_steel_facemask,high steel armored face mask,dda,dda,missing,,,hc_steel_facemask,data/json/items/armor/head_attachments.json,VARSIZE | STURDY | HELMET_AVENTAIL | CANT_WEAR | UNDERSIZE | PREFIX_XS,
item,xs_knuckle_impact,impact knuckles (pair),dda,dda,missing,,,knuckle_impact,data/json/items/melee/unarmed_weapons.json,WATER_FRIENDLY | DURABLE_MELEE | OUTER | UNDERSIZE | PREFIX_XS,
item,xs_knuckle_skewer,skewer knuckles (pair),dda,dda,missing,,,knuckle_skewer,data/json/items/melee/unarmed_weapons.json,WATER_FRIENDLY | DURABLE_MELEE | OUTER | UNDERSIZE | PREFIX_XS,
item,xs_lc_chainmail_aventail,mild steel chainmail aventail,dda,dda,missing,,,lc_chainmail_aventail,data/json/items/armor/head_attachments.json,VARSIZE | STURDY | HELMET_AVENTAIL | CANT_WEAR | UNDERSIZE | PREFIX_XS,
item,xs_lc_chainmail_face,mild steel chainmail partial aventail,dda,dda,missing,,,lc_chainmail_face,data/json/items/armor/head_attachments.json,VARSIZE | STURDY | HELMET_AVENTAIL | CANT_WEAR | UNDERSIZE | PREFIX_XS,
item,xs_lc_steel_facemask,mild steel armored face mask,dda,dda,missing,,,lc_steel_facemask,data/json/items/armor/head_attachments.json,VARSIZE | STURDY | HELMET_AVENTAIL | CANT_WEAR | UNDERSIZE | PREFIX_XS,
item,xs_mc_chainmail_aventail,medium steel chainmail aventail,dda,dda,missing,,,mc_chainmail_aventail,data/json/items/armor/head_attachments.json,VARSIZE | STURDY | HELMET_AVENTAIL | CANT_WEAR | UNDERSIZE | PREFIX_XS,
item,xs_mc_chainmail_face,medium steel chainmail partial aventail,dda,dda,missing,,,mc_chainmail_face,data/json/items/armor/head_attachments.json,VARSIZE | STURDY | HELMET_AVENTAIL | CANT_WEAR | UNDERSIZE | PREFIX_XS,
item,xs_mc_steel_facemask,medium steel armored face mask,dda,dda,missing,,,mc_steel_facemask,data/json/items/armor/head_attachments.json,VARSIZE | STURDY | HELMET_AVENTAIL | CANT_WEAR | UNDERSIZE | PREFIX_XS,
item,xs_qt_chainmail_aventail,tempered steel chainmail aventail,dda,dda,missing,,,qt_chainmail_aventail,data/json/items/armor/head_attachments.json,VARSIZE | STURDY | HELMET_AVENTAIL | CANT_WEAR | UNDERSIZE | PREFIX_XS,
item,xs_qt_chainmail_face,tempered steel chainmail partial aventail,dda,dda,missing,,,qt_chainmail_face,data/json/items/armor/head_attachments.json,VARSIZE | STURDY | HELMET_AVENTAIL | CANT_WEAR | UNDERSIZE | PREFIX_XS,
item,xs_qt_steel_facemask,tempered steel armored face mask,dda,dda,missing,,,qt_steel_facemask,data/json/items/armor/head_attachments.json,VARSIZE | STURDY | HELMET_AVENTAIL | CANT_WEAR | UNDERSIZE | PREFIX_XS,
item,yogurt_starter_culture,yogurt starter culture,dda,dda,missing,,,,data/json/items/comestibles/other.json,EDIBLE_FROZEN,
item,yoyo,yoyo,dda,dda,missing,,,,data/json/items/toy.json,,
item,yrax_computer,monolithic machine,dda,dda,missing,,,,data/json/items/resources/alien.json,,
item,yrax_electronics,woven metallics,dda,dda,missing,,,,data/json/items/resources/alien.json,,
item,yrax_metal,alien metal plating,dda,dda,missing,,,,data/json/items/resources/alien.json,,
item,yrax_robotics,robotic innards,dda,dda,missing,,,,data/json/items/resources/alien.json,,
item,yrax_scrap,alien metal scrap,dda,dda,missing,,,,data/json/items/resources/alien.json,,
item,yrax_sensor,sensor assembly,dda,dda,missing,,,,data/json/items/resources/alien.json,,
item,yrax_trinket,tiny golden plate,dda,dda,missing,,,,data/json/items/resources/alien.json,,
item,acid_res_aura,acid resistance aura,magiclysm,magiclysm,missing,,,,data/mods/Magiclysm/migration_and_obsoletion/items.json,AURA | SEMITANGIBLE | OVERSIZE | TRADER_AVOID | NO_TAKEOFF | NONCONDUCTIVE | UNBREAKABLE | ALLOWS_NATURAL_ATTACKS,
item,acid_res_aura_greater,greater acid resistance aura,magiclysm,magiclysm,missing,,,,data/mods/Magiclysm/migration_and_obsoletion/items.json,AURA | SEMITANGIBLE | OVERSIZE | TRADER_AVOID | NO_TAKEOFF | NONCONDUCTIVE | UNBREAKABLE | ALLOWS_NATURAL_ATTACKS,
item,alchemist_bomb,mana bomb,magiclysm,magiclysm,missing,,,,data/mods/Magiclysm/items/alchemy_items.json,BOMB | GRENADE,
item,alchemist_bomb_act,mana bomb (lit),magiclysm,magiclysm,missing,,,,data/mods/Magiclysm/items/alchemy_items.json,TRADER_AVOID,
item,alchemist_mine,alchemical mine,magiclysm,magiclysm,missing,,,,data/mods/Magiclysm/items/alchemy_items.json,TRADER_AVOID,
item,alchemist_pocket,ethereal pocket,magiclysm,magiclysm,missing,,,,data/mods/Magiclysm/items/ethereal_items.json,INTEGRATED | ALLOWS_NATURAL_ATTACKS | UNBREAKABLE | BELTED | WATERPROOF | PADDED | TARDIS,
item,armor_frost,frost armor,magiclysm,magiclysm,missing,,,,data/mods/Magiclysm/items/ethereal_items.json,SEMITANGIBLE | OVERSIZE | TRADER_AVOID | PERSONAL | STURDY | NO_TAKEOFF | NONCONDUCTIVE | PADDED | UNRESTRICTED,
item,aura_auroral_guard,auroral shell,magiclysm,magiclysm,missing,,,,data/mods/Magiclysm/items/ethereal_items.json,OVERSIZE | PERSONAL | STURDY | PADDED,
item,aura_bearmantle,bearmantle,magiclysm,magiclysm,missing,,,,data/mods/Magiclysm/items/ethereal_items.json,PERSONAL | SEMITANGIBLE | OVERSIZE | TRADER_AVOID | ZERO_WEIGHT | NO_TAKEOFF | INTEGRATED | NONCONDUCTIVE,
item,aura_caustic,acid aura,magiclysm,magiclysm,missing,,,,data/mods/Magiclysm/migration_and_obsoletion/items.json,AURA | TRADER_AVOID | NO_TAKEOFF | NONCONDUCTIVE | OVERSIZE | UNBREAKABLE | ALLOWS_NATURAL_ATTACKS,
item,aura_cold_energy,Ice Orbit,magiclysm,magiclysm,missing,,,,data/mods/Magiclysm/Spells/attunements/Permafrost_Mage.json,AURA | TRADER_AVOID | NO_TAKEOFF | NONCONDUCTIVE | OVERSIZE | UNBREAKABLE | ALLOWS_NATURAL_ATTACKS,
item,aura_druid_breathing_water,Aquatic Mantle,magiclysm,magiclysm,missing,,,,data/mods/Magiclysm/items/ethereal_items.json,AURA | OVERSIZE | PADDED | INTEGRATED | ALLOWS_NATURAL_ATTACKS | TRADER_AVOID | REBREATHER | WATER_FRIENDLY | NO_REPAIR | NO_TAKEOFF | ZERO_WEIGHT | NONCONDUCTIVE | WATERPROOF | SWIM_GOGGLES,
item,aura_druid_waterwalk,Waterstrider's Walk,magiclysm,magiclysm,missing,,,,data/mods/Magiclysm/migration_and_obsoletion/items.json,AURA | SEMITANGIBLE | PADDED | INTEGRATED | ALLOWS_NATURAL_ATTACKS | TRADER_AVOID | WATER_FRIENDLY | NO_REPAIR | NO_TAKEOFF | ZERO_WEIGHT | NONCONDUCTIVE | FLOTATION,
item,aura_feral,feral aura,magiclysm,magiclysm,missing,,,,data/mods/Magiclysm/items/ethereal_items.json,PERSONAL | SEMITANGIBLE | OVERSIZE | TRADER_AVOID | NO_TAKEOFF | NONCONDUCTIVE,
item,aura_feral_plus,enhanced feral aura,magiclysm,magiclysm,missing,,,,data/mods/Magiclysm/items/ethereal_items.json,PERSONAL | SEMITANGIBLE | OVERSIZE | TRADER_AVOID | NO_TAKEOFF | NONCONDUCTIVE,
item,aura_werewolf,werewolf aura,magiclysm,magiclysm,missing,,,,data/mods/Magiclysm/items/ethereal_items.json,PERSONAL | SEMITANGIBLE | OVERSIZE | TRADER_AVOID | NO_TAKEOFF | NONCONDUCTIVE,
item,bio_ley_energy_blaster,Levinbolt Projector CBM,magiclysm,magiclysm,missing,,,,data/mods/Magiclysm/items/bionics.json,CBM | FRAGILE_MELEE,
item,bio_mana_to_bionic_power,Corporeal Ley Tap CBM,magiclysm,magiclysm,missing,,,,data/mods/Magiclysm/items/bionics.json,CBM | FRAGILE_MELEE,
item,bio_see_wizards_eyes,Witchfinder Eyes CBM,magiclysm,magiclysm,missing,,,,data/mods/Magiclysm/items/bionics.json,CBM | FRAGILE_MELEE,
item,biomancer_booster_1,biomancer's bone syringe,magiclysm,magiclysm,missing,,,,data/mods/Magiclysm/items/caster_level_boosters.json,SHEATH_KNIFE | FRAGILE_MELEE | ALLOWS_BODY_BLOCK,
item,biomancer_booster_2,biomancer's syringe,magiclysm,magiclysm,missing,,,,data/mods/Magiclysm/items/caster_level_boosters.json,,
item,biomancer_booster_sludge,biomancer booster sludge,magiclysm,magiclysm,missing,,,,data/mods/Magiclysm/items/caster_level_boosters.json,NO_INGEST,
item,boots_demonchitin,demonous chitin scale foot covers (pair),magiclysm,magiclysm,missing,,,,data/mods/Magiclysm/items/armor.json,OUTER,
item,bracken_eye,brackenwight eye,magiclysm,magiclysm,missing,,,,data/mods/Magiclysm/items/nature_spirit_items.json,TRADER_AVOID,
item,broken_eshaper_golem,broken stone golem,magiclysm,magiclysm,missing,,,,data/mods/Magiclysm/items/constructs.json,TRADER_AVOID | NO_REPAIR,
item,broken_eshaper_golem_feral_earthshaper,broken stone golem,magiclysm,magiclysm,missing,,,,data/mods/Magiclysm/items/constructs.json,TRADER_AVOID | NO_REPAIR,
item,crimsonite_ingot,crimsonite ingot,magiclysm,magiclysm,missing,,,,data/mods/Magiclysm/items/metals.json,,
item,crystallized_mana_raw,raw mana crystal,magiclysm,magiclysm,missing,,,,data/mods/Magiclysm/items/alchemy_items.json,,
item,demon_chitin_flux,flux of demon chitin,magiclysm,magiclysm,missing,,,,data/mods/Magiclysm/items/alchemy_items.json,TRADER_AVOID,
item,demon_possession_aura,Ixythyug the Destroyer's soul,magiclysm,magiclysm,missing,,,,data/mods/Magiclysm/Spells/attunements/Blood_Mage.json,PERSONAL | SEMITANGIBLE | OVERSIZE | TRADER_AVOID | NO_TAKEOFF | NONCONDUCTIVE,
item,demonchitin_armor_horse,demon chitin horse armor,magiclysm,magiclysm,missing,,,,data/mods/Magiclysm/items/armor.json,IS_PET_ARMOR,
item,disorientation_bracelet,disorientation bracelet,magiclysm,magiclysm,missing,,,,data/mods/Magiclysm/items/enchanted_bracelet.json,BELTED | STURDY | ONE_PER_LAYER | WATER_FRIENDLY | ALLOWS_NATURAL_ATTACKS | OVERSIZE | NO_UNLOAD | NO_RELOAD,
item,dragon_nail,dragonail,magiclysm,magiclysm,missing,,,egg,data/mods/Magiclysm/items/herbs_and_flowers.json,NO_AUTO_CONSUME | NONCONDUCTIVE,
item,druid_chair_item,gnarled chair,magiclysm,magiclysm,missing,,,,data/mods/Magiclysm/items/furniture.json,NO_SALVAGE | FRAGILE_MELEE,
item,druid_fertilizer,seed of growth,magiclysm,magiclysm,missing,,,,data/mods/Magiclysm/migration_and_obsoletion/items.json,TRADER_AVOID | FERTILIZER,
item,druid_thorn_skin_item,Thornskin,magiclysm,magiclysm,missing,,,,data/mods/Magiclysm/items/ethereal_items.json,PERSONAL | OVERSIZE | PADDED | INTEGRATED | ALLOWS_NATURAL_ATTACKS | TRADER_AVOID | NO_REPAIR | NO_TAKEOFF | NONCONDUCTIVE,
item,elastic_potential_energy,elastic potential energy,magiclysm,magiclysm,missing,,,,data/mods/Magiclysm/items/ethereal_items.json,TRADER_AVOID | ZERO_WEIGHT,
item,enchanted_jar,0.5 L enchanted glass jar,magiclysm,magiclysm,missing,,,,data/mods/Magiclysm/items/alchemy_items.json,COLLAPSE_CONTENTS,
item,enchanted_wood,enchanted wood,magiclysm,magiclysm,missing,,,,data/mods/Magiclysm/items/alchemy_items.json,FIREWOOD,
item,everburning_sconce,everburning sconce,magiclysm,magiclysm,missing,,,,data/mods/Magiclysm/items/furniture.json,,
item,everburning_torch_candelabra,everburning torch candelabra,magiclysm,magiclysm,missing,,,,data/mods/Magiclysm/items/furniture.json,NO_SALVAGE | FRAGILE_MELEE,
item,fading_embers_active,fading embers,magiclysm,magiclysm,missing,,,,data/mods/Magiclysm/items/alchemy_items.json,ZERO_WEIGHT | TRADER_AVOID | SPAWN_ACTIVE,
item,fern_flower,fern flower,magiclysm,magiclysm,missing,,,platonic_flower,data/mods/Magiclysm/items/herbs_and_flowers.json,NO_AUTO_CONSUME | NONCONDUCTIVE,
item,fireproof_mortar,fireproof mortar,magiclysm,magiclysm,missing,,,,data/mods/Magiclysm/items/tools.json,,
item,flarewhip,flarewhip,magiclysm,magiclysm,missing,,,,data/mods/Magiclysm/items/ethereal_items.json,REACH_ATTACK | REACH3 | WHIP | STURDY | TRADER_AVOID | UNBREAKABLE_MELEE | NO_REPAIR | NO_SALVAGE | MAGIC_FOCUS | FIRESTARTER | FLAMING | FIRE | RELIC_PINK,
item,flask_ethereal_rebreather,air bubble,magiclysm,magiclysm,missing,,,,data/mods/Magiclysm/items/ethereal_items.json,WATER_FRIENDLY | SEMITANGIBLE | OVERSIZE | AURA | ZERO_WEIGHT | NO_TAKEOFF | NONCONDUCTIVE | TRADER_AVOID | REBREATHER | UNBREAKABLE | ALLOWS_NATURAL_ATTACKS,
item,force_magical_armor,Force Shield,magiclysm,magiclysm,missing,,,,data/mods/Magiclysm/Spells/attunements/Force_Mage.json,WATERPROOF | TRADER_AVOID | SEMITANGIBLE | OVERSIZE | AURA | UNBREAKABLE | ALLOWS_NATURAL_ATTACKS,
item,fridge_holding_1,supergravity preservation box,magiclysm,magiclysm,missing,,,,data/mods/Magiclysm/items/containers.json,TARDIS,
item,funnelcap_chunk,funnelcap chunk,magiclysm,magiclysm,missing,,,platonic_flower,data/mods/Magiclysm/items/herbs_and_flowers.json,NO_AUTO_CONSUME | NONCONDUCTIVE,
item,goldbrew,goldbrew,magiclysm,magiclysm,missing,,,,data/mods/Magiclysm/recipes/alcohol.json,EATEN_COLD | NO_AUTO_CONSUME,
item,golemcore,golem core,magiclysm,magiclysm,missing,,,,data/mods/Magiclysm/items/constructs.json,NO_REPAIR | FRAGILE_MELEE,
item,gorgon_bracelet,petrification bracelet,magiclysm,magiclysm,missing,,,,data/mods/Magiclysm/items/enchanted_bracelet.json,BELTED | STURDY | ONE_PER_LAYER | WATER_FRIENDLY | ALLOWS_NATURAL_ATTACKS | OVERSIZE | NO_UNLOAD | NO_RELOAD,
item,holy_shield,Holy Shield,magiclysm,magiclysm,missing,,,,data/mods/Magiclysm/Spells/attunements/Crusader.json,OVERSIZE | BELTED | RESTRICT_HANDS | BLOCK_WHILE_WORN | UNBREAKABLE_MELEE | NONCONDUCTIVE | NO_REPAIR | NO_SALVAGE | TRADER_AVOID,
item,integrated_black_dragonscale,Black dragon scales,magiclysm,magiclysm,missing,,,,data/mods/Magiclysm/items/integrated.json,INTEGRATED | ALLOWS_NATURAL_ATTACKS | UNBREAKABLE | SKINTIGHT | WATER_FRIENDLY | IRRITANT_IMMUNE | PADDED | TOUGH_FEET | ALLOWS_TALONS | NO_SALVAGE,
item,integrated_blood_bank,internal blood bank,magiclysm,magiclysm,missing,,,,data/mods/Magiclysm/bionics.json,INTEGRATED | UNBREAKABLE | PERSONAL | NO_REPAIR | ALLOWS_NATURAL_ATTACKS | BIONIC_FUEL_SOURCE,
item,integrated_demon_claws,talons,magiclysm,magiclysm,missing,,,,data/mods/Magiclysm/items/integrated.json,INTEGRATED | ALLOWS_NATURAL_ATTACKS | UNBREAKABLE | OUTER | PADDED | NO_SALVAGE,
item,integrated_dragon_talons_black,talons,magiclysm,magiclysm,missing,,,,data/mods/Magiclysm/items/integrated.json,INTEGRATED | ALLOWS_NATURAL_ATTACKS | UNBREAKABLE | OUTER | PADDED | NO_SALVAGE,
item,integrated_goblin_teeth,goblin teeth,magiclysm,magiclysm,missing,,,integrated_fangs,data/mods/Magiclysm/items/integrated.json,INTEGRATED | ALLOWS_NATURAL_ATTACKS | UNBREAKABLE | PERSONAL | PADDED | PROVIDES_TECHNIQUES,
item,integrated_lizardfolk_teeth,lizardfolk teeth,magiclysm,magiclysm,missing,,,integrated_fangs,data/mods/Magiclysm/items/integrated.json,INTEGRATED | ALLOWS_NATURAL_ATTACKS | UNBREAKABLE | PERSONAL | PADDED | PROVIDES_TECHNIQUES,
item,integrated_raven_feathers,feathers,magiclysm,magiclysm,missing,,,integrated_feathers,data/mods/Magiclysm/items/integrated.json,INTEGRATED | ALLOWS_NATURAL_ATTACKS | UNBREAKABLE | PERSONAL | WATER_FRIENDLY,
item,integrated_scaled_hands,talons,magiclysm,magiclysm,missing,,,,data/mods/Magiclysm/items/integrated.json,INTEGRATED | ALLOWS_NATURAL_ATTACKS | UNBREAKABLE | OUTER | PADDED | NO_SALVAGE,
item,item_biomancer_scalpel_fingers,flensing fingers,magiclysm,magiclysm,missing,,,,data/mods/Magiclysm/items/ethereal_items.json,INTEGRATED | ALLOWS_NATURAL_ATTACKS | ZERO_WEIGHT | UNBREAKABLE | PERSONAL | PADDED,
item,item_druid_disinfectant,druid antiseptic,magiclysm,magiclysm,missing,,,,data/mods/Magiclysm/items/ethereal_items.json,NO_INGEST | EDIBLE_FROZEN | ZERO_WEIGHT | TRADER_AVOID | SINGLE_USE,
item,item_druid_goodberry,handful of goodberries,magiclysm,magiclysm,missing,,,,data/mods/Magiclysm/items/ethereal_items.json,EDIBLE_FROZEN | TRADER_AVOID | RELIC_PINK,
item,item_kelvinist_frozen_heart,Rime-Frozen Heart,magiclysm,magiclysm,missing,,,,data/mods/Magiclysm/migration_and_obsoletion/items.json,PERSONAL | SEMITANGIBLE | ZERO_WEIGHT | OVERSIZE | TRADER_AVOID | NO_TAKEOFF | NONCONDUCTIVE | PADDED | INTEGRATED,
item,kampuch,kampuch,magiclysm,magiclysm,missing,,,,data/mods/Magiclysm/items/herbs_and_flowers.json,,
item,knife_butcher_plus_one,butcher knife +1,magiclysm,magiclysm,missing,,,knife_huge,data/mods/Magiclysm/items/enchanted_tools.json,SHEATH_KNIFE | ALLOWS_BODY_BLOCK,
item,knife_butcher_plus_two,butcher knife +2,magiclysm,magiclysm,missing,,,knife_huge,data/mods/Magiclysm/items/enchanted_tools.json,SHEATH_KNIFE | ALLOWS_BODY_BLOCK,
item,knife_carving_plus_one,carving knife +1,magiclysm,magiclysm,missing,,,knife_large,data/mods/Magiclysm/items/enchanted_tools.json,SHEATH_KNIFE | ALLOWS_BODY_BLOCK,
item,knife_carving_plus_two,carving knife +2,magiclysm,magiclysm,missing,,,knife_large,data/mods/Magiclysm/items/enchanted_tools.json,SHEATH_KNIFE | ALLOWS_BODY_BLOCK,
item,knife_hybrasil_khanjar,Hy-Brasilian khanjar,magiclysm,magiclysm,missing,,,,data/mods/Magiclysm/items/enchanted_melee.json,SHEATH_KNIFE | ALLOWS_BODY_BLOCK | CONDUCTIVE | DURABLE_MELEE,
item,knife_meat_cleaver_plus_one,meat cleaver +1,magiclysm,magiclysm,missing,,,knife_cleaver,data/mods/Magiclysm/items/enchanted_tools.json,SHEATH_KNIFE | ALLOWS_BODY_BLOCK,
item,knife_meat_cleaver_plus_two,meat cleaver +2,magiclysm,magiclysm,missing,,,knife_cleaver,data/mods/Magiclysm/items/enchanted_tools.json,SHEATH_KNIFE | ALLOWS_BODY_BLOCK,
item,lizardfolk_javelin_gun,barbed javelin,magiclysm,magiclysm,missing,,,,data/mods/Magiclysm/items/weapons.json,NEVER_JAMS | NONCONDUCTIVE | NO_REPAIR | WATERPROOF_GUN | NO_SALVAGE | NO_UNLOAD | NO_TURRET,
item,mag_adult_weaver,adult wildwood weaver,magiclysm,magiclysm,missing,,,mag_immature_weaver,data/mods/Magiclysm/items/druid_items.json,AURA | STURDY | ONE_PER_LAYER | WATER_FRIENDLY | ALLOWS_NATURAL_ATTACKS | OVERSIZE | ALLOWS_REMOTE_USE | PADDED | SPAWN_ACTIVE,
item,mag_awakened_water,glowing awakened water,magiclysm,magiclysm,missing,,,,data/mods/Magiclysm/items/druid_items.json,,
item,mag_awoken_weaver,awoken wildwood weaver,magiclysm,magiclysm,missing,,,mag_adult_weaver,data/mods/Magiclysm/items/druid_items.json,AURA | STURDY | ONE_PER_LAYER | WATER_FRIENDLY | ALLOWS_NATURAL_ATTACKS | OVERSIZE | ALLOWS_REMOTE_USE | PADDED | SPAWN_ACTIVE,
item,mag_brokeweaver,small damaged weaver,magiclysm,magiclysm,missing,,,,data/mods/Magiclysm/items/druid_items.json,TRADER_AVOID,
item,mag_immature_weaver,immature wildwood weaver,magiclysm,magiclysm,missing,,,,data/mods/Magiclysm/items/druid_items.json,AURA | STURDY | ONE_PER_LAYER | WATER_FRIENDLY | ALLOWS_NATURAL_ATTACKS | OVERSIZE | ALLOWS_REMOTE_USE | PADDED,
item,mag_large_wildwood_beetle_ball,wildwood stag beetle ball,magiclysm,magiclysm,missing,,,,data/mods/Magiclysm/items/druid_items.json,SPAWN_ACTIVE,
item,mag_pseudo_weaver,Wildwood Weaver,magiclysm,magiclysm,missing,,,,data/mods/Magiclysm/items/druid_items.json,ZERO_WEIGHT | TRADER_AVOID | DEBUG_ONLY,
item,mag_sealed_glowing_gourd,sealed glowing gourd,magiclysm,magiclysm,missing,,,,data/mods/Magiclysm/items/druid_items.json,BELTED | OVERSIZE | WATER_FRIENDLY | TRADER_AVOID,
item,mag_wildwood_beetle_ball,small wildwood stag beetle ball,magiclysm,magiclysm,missing,,,,data/mods/Magiclysm/items/druid_items.json,,
item,magic_circle_rank_1,Magic Circle Rank 1,magiclysm,magiclysm,missing,,,,data/mods/Magiclysm/items/tools.json,ZERO_WEIGHT,
item,magic_circle_rank_2,Magic Circle Rank 2,magiclysm,magiclysm,missing,,,,data/mods/Magiclysm/items/tools.json,ZERO_WEIGHT,
item,mana_dust,mana dust,magiclysm,magiclysm,missing,,,,data/mods/Magiclysm/items/alchemy_items.json,ZERO_WEIGHT,
item,mana_infused_blood,mana infused blood,magiclysm,magiclysm,missing,,,,data/mods/Magiclysm/items/fuel.json,NO_INGEST,
item,mana_leech_shackle,mana-leech shackle,magiclysm,magiclysm,missing,,,mana_leech_shackle_unlocked,data/mods/Magiclysm/items/enchanted_bracelet.json,MORPHIC | NO_TAKEOFF | STURDY | ONE_PER_LAYER | WATER_FRIENDLY | TRADER_AVOID | ALLOWS_NATURAL_ATTACKS,
item,mana_leech_shackle_unlocked,inert mana-leech shackle,magiclysm,magiclysm,missing,,,,data/mods/Magiclysm/items/enchanted_bracelet.json,STURDY | ONE_PER_LAYER | WATER_FRIENDLY | TRADER_AVOID | ALLOWS_NATURAL_ATTACKS,
item,mana_pearl,mana pearl,magiclysm,magiclysm,missing,,,,data/mods/Magiclysm/items/alchemy_items.json,,
item,mana_wheel,mana wheel,magiclysm,magiclysm,missing,,,,data/mods/Magiclysm/vehicles/summoned_vehicles.json,,
item,manatouched_mutagen,mana mutagen,magiclysm,magiclysm,missing,,,,data/mods/Magiclysm/items/mutagen.json,NO_INGEST | NUTRIENT_OVERRIDE,
item,mcandle_everburning,everburning candle,magiclysm,magiclysm,missing,,,,data/mods/Magiclysm/items/enchanted_misc.json,,
item,mcandle_everburning_lit,everburning candle,magiclysm,magiclysm,missing,,,mcandle_everburning,data/mods/Magiclysm/items/enchanted_misc.json,FIRE | FLAMING | TRADER_AVOID | WATER_EXTINGUISH | WIND_EXTINGUISH | SPAWN_ACTIVE,
item,missile_volley_bracelet,missile volley bracelet,magiclysm,magiclysm,missing,,,,data/mods/Magiclysm/items/enchanted_bracelet.json,BELTED | STURDY | ONE_PER_LAYER | WATER_FRIENDLY | ALLOWS_NATURAL_ATTACKS | OVERSIZE | NO_UNLOAD | NO_RELOAD,
item,moly_tuber,moly tuber,magiclysm,magiclysm,missing,,,platonic_flower,data/mods/Magiclysm/items/herbs_and_flowers.json,NO_AUTO_CONSUME | NONCONDUCTIVE,
item,moonflowers,moonflowers,magiclysm,magiclysm,missing,,,platonic_flower,data/mods/Magiclysm/items/herbs_and_flowers.json,NO_AUTO_CONSUME | NONCONDUCTIVE,
item,obfuscating_aura,obfuscating aura,magiclysm,magiclysm,missing,,,,data/mods/Magiclysm/migration_and_obsoletion/items.json,AURA | SEMITANGIBLE | OVERSIZE | TRADER_AVOID | NO_TAKEOFF | NONCONDUCTIVE | UNBREAKABLE | ALLOWS_NATURAL_ATTACKS,
item,orrery_item,orrery,magiclysm,magiclysm,missing,,,,data/mods/Magiclysm/items/furniture.json,,
item,overcharge_burn_scar,overcharge burn,magiclysm,magiclysm,missing,,,,data/mods/Magiclysm/items/ethereal_items.json,NO_TAKEOFF | TRADER_AVOID | BLIND,
item,parabolan_felt_patch,parabolan felt patch,magiclysm,magiclysm,missing,,,,data/mods/Magiclysm/items/generic.json,NO_SALVAGE,
item,parabolan_wool_staple,parabolan wool staple,magiclysm,magiclysm,missing,,,,data/mods/Magiclysm/items/tools.json,NO_SALVAGE,
item,periapt_health,periapt of health,magiclysm,magiclysm,missing,,,,data/mods/Magiclysm/items/enchanted_necklaces.json,WATER_FRIENDLY | ALLOWS_NATURAL_ATTACKS | ONE_PER_LAYER | BELTED | UNRESTRICTED,
item,periapt_proof_against_poison,periapt of proof against poison,magiclysm,magiclysm,missing,,,,data/mods/Magiclysm/items/enchanted_necklaces.json,WATER_FRIENDLY | ALLOWS_NATURAL_ATTACKS | ONE_PER_LAYER | BELTED | UNRESTRICTED,
item,periapt_wound_closure,periapt of wound closure,magiclysm,magiclysm,missing,,,,data/mods/Magiclysm/items/enchanted_necklaces.json,WATER_FRIENDLY | ALLOWS_NATURAL_ATTACKS | ONE_PER_LAYER | BELTED | UNRESTRICTED,
item,platonic_flower,philosopher's flower,magiclysm,magiclysm,missing,,,,data/mods/Magiclysm/items/herbs_and_flowers.json,NO_AUTO_CONSUME | NONCONDUCTIVE,
item,pocket_sun,Pocket Sun,magiclysm,magiclysm,missing,,,,data/mods/Magiclysm/items/ethereal_items.json,FIRE | TRADER_AVOID,
item,pocket_sun_cover,Covered Pocket Sun,magiclysm,magiclysm,missing,,,,data/mods/Magiclysm/items/ethereal_items.json,TRADER_AVOID,
item,potion_fruit_m_stellatum_berries,potion fruit (starry false Solomon's seal berries),magiclysm,magiclysm,missing,,,m_stellatum_berries,data/mods/Magiclysm/items/potion_fruits.json,EDIBLE_FROZEN | NO_AUTO_CONSUME,
item,potion_fruit_wintergreen,handful of potion fruits (wintergreen berries),magiclysm,magiclysm,missing,,,wintergreen_berry,data/mods/Magiclysm/items/potion_fruits.json,EDIBLE_FROZEN | NO_AUTO_CONSUME,
item,protect_env,aura of protection,magiclysm,magiclysm,missing,,,,data/mods/Magiclysm/items/ethereal_items.json,AURA | SEMITANGIBLE | OVERSIZE | TRADER_AVOID | NO_TAKEOFF | NONCONDUCTIVE | UNBREAKABLE | ALLOWS_NATURAL_ATTACKS,
item,rune_animist_weapon_adept,Animist life-athame,magiclysm,magiclysm,missing,,,,data/mods/Magiclysm/items/enchanted_melee.json,SHEATH_KNIFE | MAGIC_FOCUS | SPELLCASTING_AID | TRADER_AVOID,
item,rune_biomancer_gun_adept_trans,Bone Launcher,magiclysm,magiclysm,missing,,,,data/mods/Magiclysm/items/enchanted_ranged.json,PRIMITIVE_RANGED_WEAPON | NEVER_JAMS | NONCONDUCTIVE | WATERPROOF_GUN | NO_UNLOAD | RELOAD_AND_SHOOT | MAGIC_FOCUS | NON_FOULING | TRADER_AVOID,
item,rune_stormshaper_weapon_adept,Stormshaper hammer-axe,magiclysm,magiclysm,missing,,,,data/mods/Magiclysm/items/enchanted_melee.json,DURABLE_MELEE | NO_UNLOAD | NO_RELOAD | SHEATH_AXE | TRADER_AVOID | MAGIC_FOCUS | SPELLCASTING_AID | HYGROMETER | BAROMETER,
item,rune_wildwood,wildwood rune,magiclysm,magiclysm,missing,,,,data/mods/Magiclysm/items/druid_items.json,,
item,sealed_fading_embers,fading embers (sealed),magiclysm,magiclysm,missing,,,,data/mods/Magiclysm/items/alchemy_items.json,TRADER_AVOID,
item,sharped_bone,sharpened bone,magiclysm,magiclysm,missing,,,,data/mods/Magiclysm/items/enchanted_ranged.json,TRADER_AVOID,
item,silver_circlet,silver circlet,magiclysm,magiclysm,missing,,,,data/mods/Magiclysm/items/alchemy_items.json,BELTED | PADDED,
item,sojourners_flower,sojourner's flower,magiclysm,magiclysm,missing,,,platonic_flower,data/mods/Magiclysm/items/herbs_and_flowers.json,NO_AUTO_CONSUME | NONCONDUCTIVE,
item,subzero_talons,subzero talons,magiclysm,magiclysm,missing,,,,data/mods/Magiclysm/items/ethereal_items.json,UNBREAKABLE_MELEE | NONCONDUCTIVE | NO_UNWIELD | MAGIC_FOCUS | TRADER_AVOID | NO_REPAIR | NO_SALVAGE | UNRESTRICTED,
item,super_hot_bracelet,propulsion bracelet,magiclysm,magiclysm,missing,,,,data/mods/Magiclysm/items/enchanted_bracelet.json,BELTED | STURDY | ONE_PER_LAYER | WATER_FRIENDLY | ALLOWS_NATURAL_ATTACKS | OVERSIZE | NO_UNLOAD | NO_RELOAD,
item,technomancer_booster_1,technomancer's clay tablet,magiclysm,magiclysm,missing,,,,data/mods/Magiclysm/items/caster_level_boosters.json,,
item,technomancer_booster_2,technomancer's doodad (off),magiclysm,magiclysm,missing,,,,data/mods/Magiclysm/items/caster_level_boosters.json,WATER_BREAK | ELECTRONIC,
item,technomancer_booster_2_active,technomancer's doodad,magiclysm,magiclysm,missing,,,,data/mods/Magiclysm/items/caster_level_boosters.json,WATER_BREAK | ELECTRONIC | SPAWN_ACTIVE,
item,technomancer_summoned_radio,aetherspeaker (speaking),magiclysm,magiclysm,missing,,,,data/mods/Magiclysm/items/ethereal_items.json,TWO_WAY_RADIO | TRADER_AVOID | NO_DROP,
item,technomancer_summoned_radio_on,aetherspeaker (scanning),magiclysm,magiclysm,missing,,,technomancer_summoned_radio,data/mods/Magiclysm/items/ethereal_items.json,TRADER_AVOID | NO_DROP,
item,technomancer_welder,voltaic touch,magiclysm,magiclysm,missing,,,,data/mods/Magiclysm/items/ethereal_items.json,UNBREAKABLE | ZERO_WEIGHT | ALLOWS_NATURAL_ATTACKS | INTEGRATED | PADDED | PERSONAL | SEMITANGIBLE | NO_DROP,
item,thorns_electric,aura of repelling arc,magiclysm,magiclysm,missing,,,,data/mods/Magiclysm/migration_and_obsoletion/items.json,AURA | TRADER_AVOID | NO_TAKEOFF | NONCONDUCTIVE | OVERSIZE | UNBREAKABLE | ALLOWS_NATURAL_ATTACKS,
item,thought_shield_item,thought shields,magiclysm,mindovermatter,missing,,,thought_shield_item,data/mods/MindOverMatter/mod_interactions/magiclysm/item_overrides.json,WATER_FRIENDLY | SEMITANGIBLE | OVERSIZE | AURA | ZERO_WEIGHT | NO_TAKEOFF | NONCONDUCTIVE | TRADER_AVOID | PSYSHIELD_PARTIAL | UNBREAKABLE | ALLOWS_NATURAL_ATTACKS | MAGICAL_MIND_PROTECTION,
item,thought_shield_plus_item,thought suit,magiclysm,mindovermatter,missing,,,thought_shield_plus_item,data/mods/MindOverMatter/mod_interactions/magiclysm/item_overrides.json,WATER_FRIENDLY | SEMITANGIBLE | OVERSIZE | AURA | ZERO_WEIGHT | NO_TAKEOFF | NONCONDUCTIVE | TRADER_AVOID | PSYSHIELD_PARTIAL | PORTAL_PROOF | UNBREAKABLE | ALLOWS_NATURAL_ATTACKS | MAGICAL_MIND_PROTECTION,
item,triffid_spellbook,chunk of plant matter,magiclysm,magiclysm,missing,,,,data/mods/Magiclysm/items/generic.json,TRADER_AVOID,
item,v2_combustion_magic,magic v-twin combustion engine,magiclysm,magiclysm,missing,,,,data/mods/Magiclysm/items/vehicle/vehicle_parts.json,,
item,whiskflower,whiskflower,magiclysm,magiclysm,missing,,,platonic_flower,data/mods/Magiclysm/items/herbs_and_flowers.json,NO_AUTO_CONSUME | NONCONDUCTIVE,
item,wood_barnacle,wood barnacle,magiclysm,magiclysm,missing,,,egg,data/mods/Magiclysm/items/herbs_and_flowers.json,NO_AUTO_CONSUME | NONCONDUCTIVE,
item,xl_boots_demonchitin,pair of demon chitin boots,magiclysm,magiclysm,missing,,,boots_demonchitin,data/mods/Magiclysm/items/armor.json,OUTER | OVERSIZE | PREFIX_XL,
item,abjuration_stone,inverted barrier,mindovermatter,mindovermatter,missing,,,,data/mods/MindOverMatter/items/tools/nether_items.json,SINGLE_USE,
item,alien_tree_1_fruit,alien fruit,mindovermatter,mindovermatter,missing,,,,data/mods/MindOverMatter/items/comestibles.json,,
item,bio_cameleoflage_fifth_sun,Tapayaxitilmàtli CBM,mindovermatter,mindovermatter,missing,,,,data/mods/MindOverMatter/items/bionics.json,CBM | FRAGILE_MELEE,
item,bio_dangersight_eyes_non_fifth_sun,Strange Eye CBM,mindovermatter,mindovermatter,missing,,,,data/mods/MindOverMatter/items/bionics.json,CBM | FRAGILE_MELEE,
item,bio_dangersight_eyes_standard,Ohuicatlachiyaliztimeh CBM,mindovermatter,mindovermatter,missing,,,,data/mods/MindOverMatter/items/bionics.json,CBM | FRAGILE_MELEE,
item,bio_metabolics_fifth_sun,Tlacuallichicahualiztli Transformer CBM,mindovermatter,mindovermatter,missing,,,,data/mods/MindOverMatter/items/bionics.json,CBM | FRAGILE_MELEE,
item,bio_physical_buffs_fifth_sun,Teōchicāhualiztli Booster CBM,mindovermatter,mindovermatter,missing,,,,data/mods/MindOverMatter/items/bionics.json,CBM | FRAGILE_MELEE,
item,bio_power_storage_fifth_sun,Ikpitikayotecontli System CBM,mindovermatter,mindovermatter,missing,,,,data/mods/MindOverMatter/items/bionics.json,CBM | FRAGILE_MELEE,
item,bio_psi_range_increaser,Noetic Range Booster CBM,mindovermatter,mindovermatter,missing,,,,data/mods/MindOverMatter/mod_interactions/xedra_evolved/bionics.json,CBM | FRAGILE_MELEE,
item,biokin_hammerhand_item,[Ψ]hammerhand,mindovermatter,mindovermatter,missing,,,,data/mods/MindOverMatter/items/psions_summon_items.json,UNBREAKABLE | ZERO_WEIGHT | ALLOWS_NATURAL_ATTACKS | INTEGRATED | PADDED | OUTER | SEMITANGIBLE | WATER_FRIENDLY | NO_DROP,
item,black_nether_crystal_pseudo_tool,nether crystal outcropping,mindovermatter,mindovermatter,missing,,,,data/mods/MindOverMatter/items/tools/pseudo.json,ZERO_WEIGHT,
item,black_nether_water,black liquid,mindovermatter,mindovermatter,missing,,,,data/mods/MindOverMatter/items/comestibles.json,NUTRIENT_OVERRIDE | TRADER_AVOID,
item,cards_zener,deck of Zener cards,mindovermatter,mindovermatter,missing,,,,data/mods/MindOverMatter/items/misc.json,NO_REPAIR,
item,cascade_stone,energy locus,mindovermatter,mindovermatter,missing,,,,data/mods/MindOverMatter/items/tools/nether_items.json,SINGLE_USE,
item,chaos_stone,compressed chaos,mindovermatter,mindovermatter,missing,,,,data/mods/MindOverMatter/items/tools/nether_items.json,SINGLE_USE,
item,clair_sense_rad_item,[Ψ]radiation sense,mindovermatter,mindovermatter,missing,,,,data/mods/MindOverMatter/items/psions_summon_items.json,RAD_DETECT | PERSONAL | ZERO_WEIGHT,
item,egg_pigeon_passenger,feral pigeon egg,mindovermatter,mindovermatter,missing,,,egg_pigeon,data/mods/MindOverMatter/items/comestibles.json,FREEZERBURN | RAW,
item,feral_clair_thrown_rock,hurled rubble,mindovermatter,mindovermatter,missing,,,,data/mods/MindOverMatter/monsters/monster_special_attacks.json,PRIMITIVE_RANGED_WEAPON | NEVER_JAMS | NONCONDUCTIVE | NO_REPAIR | WATERPROOF_GUN | NO_SALVAGE | NO_UNLOAD | NO_TURRET,
item,force_field_generator,device labeled OS647-P,mindovermatter,mindovermatter,missing,,,,data/mods/MindOverMatter/items/misc.json,,
item,force_field_generator_broken,device labeled OS647-P,mindovermatter,mindovermatter,missing,,,,data/mods/MindOverMatter/items/misc.json,,
item,grenade_inferno,inferno grenade,mindovermatter,mindovermatter,missing,,,,data/mods/MindOverMatter/items/weapons.json,BOMB | ACT_IN_FIRE | GRENADE,
item,grenade_inferno_act,active inferno grenade,mindovermatter,mindovermatter,missing,,,,data/mods/MindOverMatter/items/weapons.json,ACT_IN_FIRE | BOMB | TRADER_AVOID | DANGEROUS | SPAWN_ACTIVE,
item,grenade_inferno_makeshift,makeshift inferno grenade,mindovermatter,mindovermatter,missing,,,,data/mods/MindOverMatter/items/weapons.json,BOMB | ACT_IN_FIRE | GRENADE,
item,grenade_inferno_makeshift_act,active makeshift inferno grenade,mindovermatter,mindovermatter,missing,,,,data/mods/MindOverMatter/items/weapons.json,ACT_IN_FIRE | BOMB | TRADER_AVOID | DANGEROUS | SPAWN_ACTIVE,
item,holy_symbol_fifth_sun,Imperial Church holy symbol,mindovermatter,mindovermatter,missing,,,holy_symbol_fifth_sun,data/mods/MindOverMatter/mod_interactions/xedra_evolved/items.json,NO_WEAR_EFFECT | FIFTH_SUN_TECHNOLOGY | ANTI_EVIL_EYE_GEAR | EVIL_EYE_IMMUNE,
item,id_science_visitor_phavian,visitor's pass,mindovermatter,mindovermatter,missing,,,,data/mods/MindOverMatter/items/files_and_post_it.json,CREDIT_CARD_SHAPED | SCIENCE_CARD_VISITOR | PRESERVE_SPAWN_LOC | LOCATION_PRECISE_CLOSEST_CITY,
item,integrated_photo_eyes,photon regulation,mindovermatter,mindovermatter,missing,,,,data/mods/MindOverMatter/items/psions_summon_items.json,INTEGRATED | UNBREAKABLE | SOFT | WATER_FRIENDLY | SUN_GLASSES | NO_REPAIR | NO_SALVAGE | PERSONAL | SEMITANGIBLE,
item,item_clair_astral_projection_cord,[Ψ]silver cord,mindovermatter,mindovermatter,missing,,,,data/mods/MindOverMatter/items/psions_summon_items.json,PERSONAL | UNBREAKABLE | ZERO_WEIGHT | ALLOWS_NATURAL_ATTACKS | INTEGRATED | PADDED | SEMITANGIBLE | WATER_FRIENDLY | NO_DROP,
item,item_photokinetic_radio,[Ψ]radio sense (speaking),mindovermatter,mindovermatter,missing,,,,data/mods/MindOverMatter/items/psions_summon_items.json,TWO_WAY_RADIO | UNBREAKABLE | PERSONAL | TRADER_AVOID | ZERO_WEIGHT | SEMITANGIBLE | NO_DROP | INTEGRATED | PADDED,
item,item_photokinetic_radio_on,[Ψ]radio sense (scanning),mindovermatter,mindovermatter,missing,,,item_photokinetic_radio,data/mods/MindOverMatter/items/psions_summon_items.json,TRADER_AVOID | UNBREAKABLE | PERSONAL | SEMITANGIBLE | ZERO_WEIGHT | NO_DROP | INTEGRATED | PADDED,
item,itzcuauhtli_wrist_computer,māchīuhpōhualhuaztli,mindovermatter,mindovermatter,missing,,,,data/mods/MindOverMatter/items/teleporter_start_items.json,WATCH | WATER_FRIENDLY | ALARMCLOCK | BELTED | CALORIES_INTAKE | NO_UNLOAD | NO_RELOAD | ALLOWS_NATURAL_ATTACKS | OVERSIZE | NO_REPAIR | FIFTH_SUN_TECHNOLOGY,
item,matrix_aligning_tool,crystalline focusing assembly,mindovermatter,mindovermatter,missing,,,,data/mods/MindOverMatter/items/tools/crafting_tools.json,,
item,matrix_channeling_tool,matrix channeling array,mindovermatter,mindovermatter,missing,,,,data/mods/MindOverMatter/items/tools/crafting_tools.json,,
item,matrix_crystal_biokin_dust_potion,pink crystalline elixir,mindovermatter,mindovermatter,missing,,,,data/mods/MindOverMatter/items/comestibles.json,EATEN_COLD | NUTRIENT_OVERRIDE | NO_AUTO_CONSUME,
item,matrix_crystal_clair_dust_potion,gray crystalline elixir,mindovermatter,mindovermatter,missing,,,,data/mods/MindOverMatter/items/comestibles.json,EATEN_COLD | NUTRIENT_OVERRIDE | NO_AUTO_CONSUME,
item,matrix_crystal_electrokin_dust_potion,cyan crystalline elixir,mindovermatter,mindovermatter,missing,,,,data/mods/MindOverMatter/items/comestibles.json,EATEN_COLD | NUTRIENT_OVERRIDE | NO_AUTO_CONSUME,
item,matrix_crystal_photokin_dust_potion,golden crystalline elixir,mindovermatter,mindovermatter,missing,,,,data/mods/MindOverMatter/items/comestibles.json,EATEN_COLD | NUTRIENT_OVERRIDE | NO_AUTO_CONSUME,
item,matrix_crystal_pyrokin_dust_potion,red crystalline elixir,mindovermatter,mindovermatter,missing,,,,data/mods/MindOverMatter/items/comestibles.json,EATEN_COLD | NUTRIENT_OVERRIDE | NO_AUTO_CONSUME,
item,matrix_crystal_telekin_dust_potion,yellow crystalline elixir,mindovermatter,mindovermatter,missing,,,,data/mods/MindOverMatter/items/comestibles.json,EATEN_COLD | NUTRIENT_OVERRIDE | NO_AUTO_CONSUME,
item,matrix_crystal_telepath_dust_potion,white crystalline elixir,mindovermatter,mindovermatter,missing,,,,data/mods/MindOverMatter/items/comestibles.json,EATEN_COLD | NUTRIENT_OVERRIDE | NO_AUTO_CONSUME,
item,matrix_crystal_teleport_dust_potion,blue crystalline elixir,mindovermatter,mindovermatter,missing,,,,data/mods/MindOverMatter/items/comestibles.json,EATEN_COLD | NUTRIENT_OVERRIDE | NO_AUTO_CONSUME,
item,matrix_crystal_vitakin_dust_potion,green crystalline elixir,mindovermatter,mindovermatter,missing,,,,data/mods/MindOverMatter/items/comestibles.json,EATEN_COLD | NUTRIENT_OVERRIDE | NO_AUTO_CONSUME,
item,mom_fifth_sun_stungun_ammo,M12 power cartridge,mindovermatter,mindovermatter,missing,,,,data/mods/MindOverMatter/items/teleporter_start_items.json,IRREPLACEABLE_CONSUMABLE,
item,mom_fifth_sun_stungun_mag,M12 power pack,mindovermatter,mindovermatter,missing,,,,data/mods/MindOverMatter/items/teleporter_start_items.json,,
item,mom_fusion_ammo,Ch47 power cartridge,mindovermatter,mindovermatter,missing,,,,data/mods/MindOverMatter/items/teleporter_start_items.json,IRREPLACEABLE_CONSUMABLE,
item,mom_fusion_mag,Ch47 power pack,mindovermatter,mindovermatter,missing,,,,data/mods/MindOverMatter/items/teleporter_start_items.json,,
item,mom_lightning_rifle_ammo,G-Tz77 power cartridge,mindovermatter,mindovermatter,missing,,,,data/mods/MindOverMatter/items/teleporter_start_items.json,IRREPLACEABLE_CONSUMABLE,
item,mom_lightning_rifle_mag,G-Tz77 power pack,mindovermatter,mindovermatter,missing,,,,data/mods/MindOverMatter/items/teleporter_start_items.json,MAG_COMPACT,
item,mom_pulse_rifle_ammo,LV429 pulse shot,mindovermatter,mindovermatter,missing,,,,data/mods/MindOverMatter/items/ammo.json,,
item,noetic_charge_power,noetic energy,mindovermatter,mindovermatter,missing,,,psionic_charge_power,data/mods/MindOverMatter/items/ammo.json,TRADER_AVOID | ZERO_WEIGHT,
item,pattern_screamer_thrown_rock,hurled rubble,mindovermatter,mindovermatter,missing,,,,data/mods/MindOverMatter/monsters/monster_special_attacks.json,PRIMITIVE_RANGED_WEAPON | NEVER_JAMS | NONCONDUCTIVE | NO_REPAIR | WATERPROOF_GUN | NO_SALVAGE | NO_UNLOAD | NO_TURRET,
item,psi_noetic_resilience_treatment,noetic resilience treatment,mindovermatter,mindovermatter,missing,,,,data/mods/MindOverMatter/items/medical.json,NO_INGEST,
item,psi_noetic_resonance_detector,noetic resonance detector,mindovermatter,mindovermatter,missing,,,,data/mods/MindOverMatter/items/medical.json,ELECTRONIC | WATER_BREAK,
item,psi_noetic_resonance_detector_tool,active noetic resonance detector,mindovermatter,mindovermatter,missing,,,,data/mods/MindOverMatter/items/tools/pseudo.json,ZERO_WEIGHT,
item,psi_usb_rad_recipes,USB drive (Phavian),mindovermatter,mindovermatter,missing,,,,data/mods/MindOverMatter/items/schematics.json,,
item,psionic_charge_power,matrix charge,mindovermatter,mindovermatter,missing,,,,data/mods/MindOverMatter/items/ammo.json,TRADER_AVOID | ZERO_WEIGHT,
item,psionic_instability_remover,morphic reinforcement serum,mindovermatter,mindovermatter,missing,,,,data/mods/MindOverMatter/items/medical.json,NO_INGEST,
item,psionic_purifier_vita,morphic reversion serum,mindovermatter,mindovermatter,missing,,,,data/mods/MindOverMatter/items/medical.json,SINGLE_USE | NO_INGEST,
item,psionic_serum_base,psychoreactive catalyst,mindovermatter,mindovermatter,missing,,,,data/mods/MindOverMatter/items/chemicals.json,TRADER_AVOID,
item,psionic_transporter_beacon,transporter beacon,mindovermatter,mindovermatter,missing,,,,data/mods/MindOverMatter/items/tools/travel.json,,
item,psionic_transporter_remote,transporter remote,mindovermatter,mindovermatter,missing,,,,data/mods/MindOverMatter/items/tools/travel.json,WATER_BREAK | ELECTRONIC,
item,psionic_transporter_remote_broken,transporter remote (burned out),mindovermatter,mindovermatter,missing,,,psionic_transporter_remote,data/mods/MindOverMatter/items/tools/travel.json,TRADER_AVOID,
item,psionic_transporter_remote_on,transporter remote (searching),mindovermatter,mindovermatter,missing,,,psionic_transporter_remote,data/mods/MindOverMatter/items/tools/travel.json,TRADER_AVOID | WATER_BREAK | ELECTRONIC | SPAWN_ACTIVE,
item,pyrokinetic_fire_tool,[Ψ]banked flames,mindovermatter,mindovermatter,missing,,,,data/mods/MindOverMatter/items/psions_summon_items.json,PERSONAL | PADDED | UNBREAKABLE | INTEGRATED | RESTRICT_HANDS | ZERO_WEIGHT | MUNDANE | FIRE | NO_DROP,
item,pyrokinetic_fire_tool_eight_arms,[Ψ]banked flames,mindovermatter,mindovermatter,missing,,,pyrokinetic_fire_tool,data/mods/MindOverMatter/items/psions_summon_items.json,PERSONAL | PADDED | UNBREAKABLE | INTEGRATED | ZERO_WEIGHT | MUNDANE | FIRE | NO_DROP,
item,pyrokinetic_fire_tool_four_arms,[Ψ]banked flames,mindovermatter,mindovermatter,missing,,,pyrokinetic_fire_tool,data/mods/MindOverMatter/items/psions_summon_items.json,PERSONAL | PADDED | UNBREAKABLE | INTEGRATED | ZERO_WEIGHT | MUNDANE | FIRE | NO_DROP,
item,pyrokinetic_fire_tool_six_arms,[Ψ]banked flames,mindovermatter,mindovermatter,missing,,,pyrokinetic_fire_tool,data/mods/MindOverMatter/items/psions_summon_items.json,PERSONAL | PADDED | UNBREAKABLE | INTEGRATED | ZERO_WEIGHT | MUNDANE | FIRE | NO_DROP,
item,pyrokinetic_flashlight,everglow matrix flashlight (off),mindovermatter,mindovermatter,missing,,,,data/mods/MindOverMatter/items/tools/lighting.json,BELT_CLIP | WATER_BREAK_ACTIVE,
item,pyrokinetic_flashlight_on,everglow matrix flashlight (on),mindovermatter,mindovermatter,missing,,,pyrokinetic_flashlight,data/mods/MindOverMatter/items/tools/lighting.json,CHARGEDIM | TRADER_AVOID | BELT_CLIP | WATER_BREAK | SPAWN_ACTIVE,
item,pyrokinetic_lamp,everglow matrix lamp (covered),mindovermatter,mindovermatter,missing,,,,data/mods/MindOverMatter/items/tools/lighting.json,LEAK_DAM | ALLOWS_REMOTE_USE | WATER_BREAK_ACTIVE,
item,pyrokinetic_lamp_on,everglow matrix lamp (uncovered),mindovermatter,mindovermatter,missing,,,pyrokinetic_lamp,data/mods/MindOverMatter/items/tools/lighting.json,LEAK_DAM | ALLOWS_REMOTE_USE | CHARGEDIM | TRADER_AVOID | WATER_BREAK | SPAWN_ACTIVE,
item,pyrokinetic_torch_weld,[Ψ]incandescent lance,mindovermatter,mindovermatter,missing,,,,data/mods/MindOverMatter/items/psions_summon_items.json,PERSONAL | PADDED | UNBREAKABLE | INTEGRATED | SEMITANGIBLE | ZERO_WEIGHT | FIRE | NO_DROP | NO_UNLOAD | NO_RELOAD,
item,telepathic_focusing_tool,telepathic focusing tool,mindovermatter,mindovermatter,missing,,,,data/mods/MindOverMatter/items/tools/crafting_tools.json,,
item,translation_stone,crystallized motion,mindovermatter,mindovermatter,missing,,,,data/mods/MindOverMatter/items/tools/nether_items.json,SINGLE_USE,
item,aetheric_charge,aetheric charge,xedra_evolved,xedra_evolved,missing,,,,data/mods/Xedra_Evolved/items/ammo.json,ZERO_WEIGHT,
item,air_imbuement,Imbuement of the Winds,xedra_evolved,xedra_evolved,missing,,,,data/mods/Xedra_Evolved/items/alchemy.json,NO_INGEST | WATER_DISSOLVE | EDIBLE_FROZEN | SINGLE_USE,
item,armor_bio_flesh_roots,flesh roots,xedra_evolved,xedra_evolved,missing,,,,data/mods/Xedra_Evolved/items/armor/integrated.json,INTEGRATED | UNBREAKABLE | PERSONAL | PADDED | WATER_FRIENDLY | SOFT | NO_REPAIR | ALLOWS_NATURAL_ATTACKS,
item,artifact_amber,shard of amber,xedra_evolved,xedra_evolved,missing,,,,data/mods/Xedra_Evolved/items/spell_learning_items/spell_learning_items_dreamer.json,,
item,artifact_anchor,anchor,xedra_evolved,xedra_evolved,missing,,,,data/mods/Xedra_Evolved/items/spell_learning_items/spell_learning_items_eater.json,,
item,artifact_dreamer_accelerated_time,monochrome arrow,xedra_evolved,xedra_evolved,missing,,,,data/mods/Xedra_Evolved/items/spell_learning_items/spell_learning_items_dreamer.json,,
item,artifact_ophanim,angel figurine,xedra_evolved,xedra_evolved,missing,,,toy_figurine,data/mods/Xedra_Evolved/items/spell_learning_items/spell_learning_items_dreamer.json,,
item,artifact_sand,clumped sand,xedra_evolved,xedra_evolved,missing,,,,data/mods/Xedra_Evolved/items/spell_learning_items/spell_learning_items_eater.json,,
item,artifact_stalker_eyes,presence,xedra_evolved,xedra_evolved,missing,,,,data/mods/Xedra_Evolved/items/spell_learning_items/spell_learning_items_dreamer.json,,
item,artifact_winch,action figurine,xedra_evolved,xedra_evolved,missing,,,toy_figurine,data/mods/Xedra_Evolved/items/spell_learning_items/spell_learning_items_dreamer.json,,
item,aura_drunken_master,Drunken Master aura,xedra_evolved,xedra_evolved,missing,,,,data/mods/Xedra_Evolved/items/ethereal_items.json,PERSONAL | SEMITANGIBLE | OVERSIZE | TRADER_AVOID | NO_TAKEOFF | NONCONDUCTIVE,
item,aura_force,force shield,xedra_evolved,xedra_evolved,missing,,,,data/mods/Xedra_Evolved/items/inventor/armor.json,MORPHIC | WATERPROOF | STURDY | SOFT | TRADER_AVOID | BELTED | MUNDANE | INVENTOR_CRAFTED,
item,aura_force_on,force shield (on),xedra_evolved,xedra_evolved,missing,,,aura_force,data/mods/Xedra_Evolved/items/inventor/armor.json,MORPHIC | WATERPROOF | STURDY | SOFT | TRADER_AVOID | BELTED | MUNDANE | INVENTOR_CRAFTED | SPAWN_ACTIVE,
item,aura_futuresight,precognitive aura,xedra_evolved,xedra_evolved,missing,,,,data/mods/Xedra_Evolved/items/ethereal_items.json,AURA | SEMITANGIBLE | OVERSIZE | TRADER_AVOID | NO_TAKEOFF | NONCONDUCTIVE | UNBREAKABLE | ALLOWS_NATURAL_ATTACKS,
item,aura_ward_off_rain,Rain Ward,xedra_evolved,xedra_evolved,missing,,,,data/mods/Xedra_Evolved/obsoletion_and_migration/items.json,AURA | OVERSIZE | PADDED | INTEGRATED | ALLOWS_NATURAL_ATTACKS | TRADER_AVOID | NO_REPAIR | NO_TAKEOFF | ZERO_WEIGHT | NONCONDUCTIVE | RAINPROOF,
item,badge_zebra,zebra badge,xedra_evolved,xedra_evolved,missing,,,,data/mods/Xedra_Evolved/items/xedra_gear.json,SCIENCE_CARD_SECURITY_YELLOW,
item,bio_flesh_roots,Flesh roots seed,xedra_evolved,xedra_evolved,missing,,,,data/mods/Xedra_Evolved/items/cbms.json,CBM | FRAGILE_MELEE,
item,bio_fuel_cell_vamp_blood,Vampire Blood Fuel Cell Generator,xedra_evolved,xedra_evolved,missing,,,,data/mods/Xedra_Evolved/items/cbms.json,CBM | FRAGILE_MELEE,
item,bio_inventor_book_burn_boost,Book Burner's Buddy,xedra_evolved,xedra_evolved,missing,,,,data/mods/Xedra_Evolved/items/inventor/cbms.json,CBM | FRAGILE_MELEE | INVENTOR_CRAFTED,
item,bio_inventor_calorie_storage,Calorie Etherealization System,xedra_evolved,xedra_evolved,missing,,,,data/mods/Xedra_Evolved/items/inventor/cbms.json,CBM | FRAGILE_MELEE | INVENTOR_CRAFTED,
item,bio_inventor_creative_fuel,Creative-Electric Converter,xedra_evolved,xedra_evolved,missing,,,,data/mods/Xedra_Evolved/items/inventor/cbms.json,CBM | FRAGILE_MELEE | INVENTOR_CRAFTED,
item,bio_inventor_mana_kj_penalty_switch,Cyberarcanic Interference Inverter,xedra_evolved,xedra_evolved,missing,,,,data/mods/Xedra_Evolved/items/inventor/cbms.json,CBM | FRAGILE_MELEE | INVENTOR_CRAFTED,
item,bio_warhead,bio-warhead,xedra_evolved,xedra_evolved,missing,,,,data/mods/Xedra_Evolved/items/inventor/gun.json,TRADER_AVOID | WATER_FRIENDLY | INVENTOR_CRAFTED,
item,blood_of_saints,blood of the saints,xedra_evolved,xedra_evolved,missing,,,,data/mods/Xedra_Evolved/items/comestibles/med.json,NO_INGEST | NUTRIENT_OVERRIDE,
item,blood_treatment,questionable blood treatment,xedra_evolved,xedra_evolved,missing,,,,data/mods/Xedra_Evolved/items/drugs.json,NPC_SAFE | TRADER_AVOID,
item,blurred_aura,blurred aura,xedra_evolved,xedra_evolved,missing,,,,data/mods/Xedra_Evolved/items/ethereal_items.json,AURA | SEMITANGIBLE | OVERSIZE | TRADER_AVOID | NO_TAKEOFF | NONCONDUCTIVE | UNBREAKABLE | ALLOWS_NATURAL_ATTACKS,
item,boann_insignia,Boann's insignia,xedra_evolved,xedra_evolved,missing,,,,data/mods/Xedra_Evolved/items/artifact_grade_items.json,NO_UNLOAD | NO_RELOAD,
item,bot_bitebot,inactive bitebot,xedra_evolved,xedra_evolved,missing,,,,data/mods/Xedra_Evolved/items/inventor/bots.json,SINGLE_USE | INVENTOR_CRAFTED,
item,broken_bitebot,broken bitebot,xedra_evolved,xedra_evolved,missing,,,,data/mods/Xedra_Evolved/items/corpses.json,TRADER_AVOID | NO_REPAIR,
item,broken_dreamforged_automaton,broken dreamforged automaton,xedra_evolved,xedra_evolved,missing,,,,data/mods/Xedra_Evolved/items/corpses.json,TRADER_AVOID | NO_REPAIR,
item,broken_meleebot,broken cutthroater,xedra_evolved,xedra_evolved,missing,,,,data/mods/Xedra_Evolved/items/corpses.json,TRADER_AVOID | NO_REPAIR,
item,broken_xe_golem,broken golem,xedra_evolved,xedra_evolved,missing,,,,data/mods/Xedra_Evolved/items/corpses.json,TRADER_AVOID | NO_REPAIR,
item,cerulean_poultice,cerulean poultice,xedra_evolved,xedra_evolved,missing,,,,data/mods/Xedra_Evolved/items/drugs.json,NO_INGEST | CANT_HEAL_EVERYONE,
item,changeling_dreamspark,dreamspark,xedra_evolved,xedra_evolved,missing,,,,data/mods/Xedra_Evolved/items/resources.json,TRADER_AVOID | ZERO_WEIGHT | NO_DROP,
item,changeling_summer_sunglasses,Under the Noonday Sun,xedra_evolved,xedra_evolved,missing,,,,data/mods/Xedra_Evolved/items/ethereal_items.json,ZERO_WEIGHT | TRADER_AVOID | DEBUG_ONLY | SEMITANGIBLE | INTEGRATED | FLASH_PROTECTION | SUN_GLASSES,
item,changeling_thrown_knife,thrown knife,xedra_evolved,xedra_evolved,missing,,,,data/mods/Xedra_Evolved/monsters/monsterattacks.json,PRIMITIVE_RANGED_WEAPON | NEVER_JAMS | NONCONDUCTIVE | NO_REPAIR | WATERPROOF_GUN | NO_SALVAGE | NO_UNLOAD | NO_TURRET,
item,charred_sacrifice,charred sacrifice,xedra_evolved,xedra_evolved,missing,,,,data/mods/Xedra_Evolved/items/drugs.json,NO_INGEST | CANT_HEAL_EVERYONE,
item,choke_wideshot,wide-shot shotgun choke,xedra_evolved,xedra_evolved,missing,,,,data/mods/Xedra_Evolved/items/inventor/gunmods.json,CHOKE | INVENTOR_CRAFTED,
item,chunk_shadowstuff,chunk shadowstuff,xedra_evolved,xedra_evolved,missing,,,,data/mods/Xedra_Evolved/items/resources.json,,
item,cold_iron_battleaxe,cold iron battle axe,xedra_evolved,xedra_evolved,missing,,,,data/mods/Xedra_Evolved/items/cold_iron.json,DURABLE_MELEE | NONCONDUCTIVE | SHEATH_AXE,
item,cold_iron_ingot,cold iron ingot,xedra_evolved,xedra_evolved,missing,,,,data/mods/Xedra_Evolved/items/cold_iron.json,,
item,cold_iron_knife,cold iron baselard,xedra_evolved,xedra_evolved,missing,,,,data/mods/Xedra_Evolved/items/cold_iron.json,SHEATH_KNIFE | ALLOWS_BODY_BLOCK,
item,cold_iron_warhammer,war hammer,xedra_evolved,xedra_evolved,missing,,,,data/mods/Xedra_Evolved/items/cold_iron.json,DURABLE_MELEE | SPEAR | NONCONDUCTIVE,
item,combatsaw_spear_off,chainsaw spear (off),xedra_evolved,xedra_evolved,missing,,,,data/mods/Xedra_Evolved/items/inventor/melee.json,SPEAR | REACH_ATTACK | SHEATH_SPEAR | DURABLE_MELEE | TRADER_AVOID | NONCONDUCTIVE | MUNDANE | INVENTOR_CRAFTED,
item,combatsaw_spear_on,chainsaw spear (on),xedra_evolved,xedra_evolved,missing,,,combatsaw_spear_off,data/mods/Xedra_Evolved/items/inventor/melee.json,SPEAR | REACH_ATTACK | SHEATH_SPEAR | DURABLE_MELEE | TRADER_AVOID | NONCONDUCTIVE | MUNDANE | INVENTOR_CRAFTED | MESSY | SPAWN_ACTIVE,
item,corpse_yugg_jade_fragments,jade shard,xedra_evolved,xedra_evolved,missing,,,,data/mods/Xedra_Evolved/items/nether_monster_drops.json,TRADER_AVOID | ALLOWS_BODY_BLOCK,
item,cosmic_dagwood,cosmic dagwood,xedra_evolved,xedra_evolved,missing,,,,data/mods/Xedra_Evolved/items/inventor/consumables.json,INVENTOR_CRAFTED,
item,cthonic_poultice,cthonic poultice,xedra_evolved,xedra_evolved,missing,,,,data/mods/Xedra_Evolved/items/drugs.json,NO_INGEST | CANT_HEAL_EVERYONE,
item,cured_glimmer_pelt,cured glimmer pelt,xedra_evolved,xedra_evolved,missing,,,,data/mods/Xedra_Evolved/items/resources.json,NO_SALVAGE,
item,data_core_slots,data core slots,xedra_evolved,xedra_evolved,missing,,,,data/mods/Xedra_Evolved/items/armor/integrated.json,INTEGRATED | UNBREAKABLE | PERSONAL | WATER_FRIENDLY | SOFT | NO_REPAIR | ALLOWS_NATURAL_ATTACKS | TRADER_AVOID,
item,death_ray,death ray,xedra_evolved,xedra_evolved,missing,,,,data/mods/Xedra_Evolved/items/inventor/gun.json,NEVER_JAMS | NO_SALVAGE | NO_REPAIR | NON_FOULING | NEEDS_NO_LUBE | TRADER_AVOID | OVERHEATS | NO_UNLOAD | NO_RELOAD | INVENTOR_CRAFTED,
item,deathworm_map,map to the cryptid,xedra_evolved,xedra_evolved,missing,,,,data/mods/Xedra_Evolved/items/book_lore.json,,
item,deathworm_note,notes about the cryptid,xedra_evolved,xedra_evolved,missing,,,,data/mods/Xedra_Evolved/items/book_lore.json,TRADER_AVOID,
item,doll_imbuement,Imbuement of Parchment,xedra_evolved,xedra_evolved,missing,,,,data/mods/Xedra_Evolved/items/alchemy.json,NO_INGEST | WATER_DISSOLVE | EDIBLE_FROZEN | SINGLE_USE,
item,doll_repair_paste,doll repair paste,xedra_evolved,xedra_evolved,missing,,,,data/mods/Xedra_Evolved/items/drugs.json,NO_INGEST | CANT_HEAL_EVERYONE,
item,dollkin_tablet,dollkin tablet,xedra_evolved,xedra_evolved,missing,,,,data/mods/Xedra_Evolved/items/book_lore.json,,
item,dream_attuning_necklace,dream-attuning necklace,xedra_evolved,xedra_evolved,missing,,,,data/mods/Xedra_Evolved/items/artifact_grade_items.json,,
item,dream_drainer_catalyst,dream-drainer catalyst,xedra_evolved,xedra_evolved,missing,,,,data/mods/Xedra_Evolved/items/tools.json,SINGLE_USE,
item,dreamforged_bed_of_restful_repose,"dreamforged bed of restful repose, folded for travel",xedra_evolved,xedra_evolved,missing,,,,data/mods/Xedra_Evolved/items/dreamsmith.json,NO_SALVAGE,
item,earth_imbuement,Imbuement of the Earth,xedra_evolved,xedra_evolved,missing,,,,data/mods/Xedra_Evolved/items/alchemy.json,NO_INGEST | WATER_DISSOLVE | EDIBLE_FROZEN | SINGLE_USE,
item,earthkin_tablet,earthkin tablet,xedra_evolved,xedra_evolved,missing,,,,data/mods/Xedra_Evolved/items/book_lore.json,,
item,elemental_gossamer_patchwork,elemental gossamer patch,xedra_evolved,xedra_evolved,missing,,,,data/mods/Xedra_Evolved/items/resources.json,NO_SALVAGE,
item,elemental_mana_draught,elemental mana draught,xedra_evolved,xedra_evolved,missing,,,,data/mods/Xedra_Evolved/items/drugs.json,EATEN_COLD | NO_AUTO_CONSUME | NUTRIENT_OVERRIDE,
item,elemental_scrap_gossamer,elemental gossamer scraps,xedra_evolved,xedra_evolved,missing,,,,data/mods/Xedra_Evolved/items/resources.json,NO_SALVAGE | TRADER_AVOID,
item,ethereal_draught,ethereal draught,xedra_evolved,xedra_evolved,missing,,,,data/mods/Xedra_Evolved/items/drugs.json,NO_INGEST | CANT_HEAL_EVERYONE,
item,extra_str_aspirin,eXtra strength aspirin,xedra_evolved,xedra_evolved,missing,,,,data/mods/Xedra_Evolved/items/comestibles/med.json,WATER_DISSOLVE | EDIBLE_FROZEN,
item,fae_meat,chunk of fae meat,xedra_evolved,xedra_evolved,missing,,,,data/mods/Xedra_Evolved/items/carnivore.json,RAW | PREDATOR_FUN,
item,fae_meat_cooked,cooked fae meat,xedra_evolved,xedra_evolved,missing,,,fae_meat,data/mods/Xedra_Evolved/items/carnivore.json,EATEN_HOT | NUTRIENT_OVERRIDE,
item,fae_meat_scrap,scrap of fae meat,xedra_evolved,xedra_evolved,missing,,,fae_meat,data/mods/Xedra_Evolved/items/carnivore.json,RAW | PREDATOR_FUN,
item,fae_meat_scrap_cooked,cooked scrap of fae meat,xedra_evolved,xedra_evolved,missing,,,fae_meat_scrap,data/mods/Xedra_Evolved/items/carnivore.json,NUTRIENT_OVERRIDE,
item,fig,fig,xedra_evolved,xedra_evolved,missing,,,,data/mods/Xedra_Evolved/items/comestibles/raw_fruit.json,,
item,fire_imbuement,Imbuement of the Flames,xedra_evolved,xedra_evolved,missing,,,,data/mods/Xedra_Evolved/items/alchemy.json,NO_INGEST | WATER_DISSOLVE | EDIBLE_FROZEN | SINGLE_USE,
item,flametouched_parchment,flametouched parchment,xedra_evolved,xedra_evolved,missing,,,,data/mods/Xedra_Evolved/items/book_lore.json,,
item,floral_base_item,floral vessel,xedra_evolved,xedra_evolved,missing,,,,data/mods/Xedra_Evolved/items/vehicle_parts.json,,
item,gambeson_batting_gossamer,gossamer gambeson batting,xedra_evolved,xedra_evolved,missing,,,,data/mods/Xedra_Evolved/items/resources.json,NO_SALVAGE,
item,gender_potion,gender change potion,xedra_evolved,xedra_evolved,missing,,,,data/mods/Xedra_Evolved/items/alchemy.json,NO_INGEST | WATER_DISSOLVE | EDIBLE_FROZEN | SINGLE_USE,
item,glamour_charge,glamour charge,xedra_evolved,xedra_evolved,missing,,,,data/mods/Xedra_Evolved/items/ammo.json,ZERO_WEIGHT,
item,goblin_fruit_abstract,Abstract Goblin Fruit,xedra_evolved,xedra_evolved,missing,,,,data/mods/Xedra_Evolved/items/comestibles/goblin_fruits.json,FREEZERBURN | NO_AUTO_CONSUME,
item,golden_bridle,golden bridle,xedra_evolved,xedra_evolved,missing,,,,data/mods/Xedra_Evolved/items/pets.json,TACK,
item,gossamer_patchwork,gossamer patch,xedra_evolved,xedra_evolved,missing,,,,data/mods/Xedra_Evolved/items/resources.json,NO_SALVAGE,
item,grimy_recipe,grimy handwritten recipe,xedra_evolved,xedra_evolved,missing,,,,data/mods/Xedra_Evolved/items/book_lore.json,TRADER_AVOID,
item,hammer_fey_smith,fey smith's hammer,xedra_evolved,xedra_evolved,missing,,,hammer_peen,data/mods/Xedra_Evolved/items/tools.json,BELT_CLIP | NONCONDUCTIVE | ALLOWS_BODY_BLOCK,
item,hares_leap_potion,potion of hare's leap,xedra_evolved,xedra_evolved,missing,,,life_extension_potion,data/mods/Xedra_Evolved/items/alchemy.json,NO_INGEST | WATER_DISSOLVE | EDIBLE_FROZEN | SINGLE_USE,
item,hawthorn_berries,hawthorn berries,xedra_evolved,xedra_evolved,missing,,,,data/mods/Xedra_Evolved/items/comestibles/raw_fruit.json,EDIBLE_FROZEN,
item,hawthorn_petals,hawthorn petals,xedra_evolved,xedra_evolved,missing,,,,data/mods/Xedra_Evolved/items/comestibles/raw_fruit.json,FREEZERBURN | RAW,
item,heater_tool,"""Heater""",xedra_evolved,xedra_evolved,missing,,,,data/mods/Xedra_Evolved/items/inventor/misc.json,WATER_BREAK | ELECTRONIC | ALLOWS_REMOTE_USE | INVENTOR_CRAFTED,
item,hedge_fire_starter,To Kindle the Flames,xedra_evolved,xedra_evolved,missing,,,,data/mods/Xedra_Evolved/items/hedge_magic_items.json,FIRE | ZERO_WEIGHT,
item,hyde_formula,Hyde Formula,xedra_evolved,xedra_evolved,missing,,,life_extension_potion,data/mods/Xedra_Evolved/items/alchemy.json,NO_INGEST | WATER_DISSOLVE | EDIBLE_FROZEN | SINGLE_USE,
item,integrated_arvore_claws,jagged wooden claws,xedra_evolved,xedra_evolved,missing,,,,data/mods/Xedra_Evolved/items/armor/integrated.json,INTEGRATED | ALLOWS_NATURAL_ATTACKS | UNBREAKABLE | OUTER | PADDED,
item,integrated_arvore_thorns,woody thorns,xedra_evolved,xedra_evolved,missing,,,,data/mods/Xedra_Evolved/items/armor/integrated.json,INTEGRATED | SEMITANGIBLE | ZERO_WEIGHT | ALLOWS_NATURAL_ATTACKS | UNBREAKABLE | OUTER | PADDED,
item,integrated_bark_skin,barkskin,xedra_evolved,xedra_evolved,missing,,,,data/mods/Xedra_Evolved/items/armor/integrated.json,INTEGRATED | ALLOWS_NATURAL_ATTACKS | UNBREAKABLE | PERSONAL | WATERPROOF | PADDED,
item,integrated_brownie_fur,brownie fur,xedra_evolved,xedra_evolved,missing,,,,data/mods/Xedra_Evolved/items/armor/integrated.json,INTEGRATED | ALLOWS_NATURAL_ATTACKS | UNBREAKABLE | PERSONAL | WATER_FRIENDLY,
item,integrated_claws_werewolf,werewolf claws,xedra_evolved,xedra_evolved,missing,,,,data/mods/Xedra_Evolved/items/armor/integrated.json,INTEGRATED | ALLOWS_NATURAL_ATTACKS | UNBREAKABLE | OUTER | PADDED | NO_SALVAGE | PROVIDES_TECHNIQUES,
item,integrated_cloud_skin,cloud skin,xedra_evolved,xedra_evolved,missing,,,,data/mods/Xedra_Evolved/items/armor/integrated.json,INTEGRATED | ALLOWS_NATURAL_ATTACKS | UNBREAKABLE | PERSONAL | WATER_FRIENDLY | PADDED | SOFT,
item,integrated_coal_skin,burning coals skin,xedra_evolved,xedra_evolved,missing,,,,data/mods/Xedra_Evolved/items/armor/integrated.json,INTEGRATED | ALLOWS_NATURAL_ATTACKS | UNBREAKABLE | PERSONAL | WATER_FRIENDLY | PADDED | SOFT,
item,integrated_flameskin,flaming skin,xedra_evolved,xedra_evolved,missing,,,,data/mods/Xedra_Evolved/items/armor/integrated.json,INTEGRATED | ALLOWS_NATURAL_ATTACKS | UNBREAKABLE | PERSONAL | WATER_FRIENDLY | PADDED | SOFT,
item,integrated_gelatinous_skin,liquid skin,xedra_evolved,xedra_evolved,missing,,,,data/mods/Xedra_Evolved/items/armor/integrated.json,INTEGRATED | ALLOWS_NATURAL_ATTACKS | UNBREAKABLE | PERSONAL | WATER_FRIENDLY | PADDED | SOFT,
item,integrated_granite_skin,granite skin,xedra_evolved,xedra_evolved,missing,,,,data/mods/Xedra_Evolved/items/armor/integrated.json,INTEGRATED | ALLOWS_NATURAL_ATTACKS | UNBREAKABLE | PERSONAL | WATER_FRIENDLY,
item,integrated_ierde_fists,stone fists,xedra_evolved,xedra_evolved,missing,,,,data/mods/Xedra_Evolved/items/armor/integrated.json,INTEGRATED | SEMITANGIBLE | ALLOWS_NATURAL_ATTACKS | UNBREAKABLE | PERSONAL | PADDED,
item,integrated_latex_skin,latex skin,xedra_evolved,xedra_evolved,missing,,,,data/mods/Xedra_Evolved/items/armor/integrated.json,INTEGRATED | ALLOWS_NATURAL_ATTACKS | UNBREAKABLE | PERSONAL | WATER_FRIENDLY | PADDED | SOFT,
item,integrated_pebbled,pebbled skin,xedra_evolved,xedra_evolved,missing,,,,data/mods/Xedra_Evolved/items/armor/integrated.json,INTEGRATED | ALLOWS_NATURAL_ATTACKS | UNBREAKABLE | PERSONAL | WATER_FRIENDLY,
item,integrated_porcelain_skin,porcelain skin,xedra_evolved,xedra_evolved,missing,,,,data/mods/Xedra_Evolved/items/armor/integrated.json,INTEGRATED | ALLOWS_NATURAL_ATTACKS | UNBREAKABLE | PERSONAL | WATER_FRIENDLY | PADDED | SOFT,
item,integrated_skunk_tail,skunk tail,xedra_evolved,xedra_evolved,missing,,,,data/mods/Xedra_Evolved/items/armor/integrated.json,INTEGRATED | ALLOWS_NATURAL_ATTACKS | UNBREAKABLE | PERSONAL | WATER_FRIENDLY,
item,integrated_storm_skin,storm skin,xedra_evolved,xedra_evolved,missing,,,,data/mods/Xedra_Evolved/items/armor/integrated.json,INTEGRATED | ALLOWS_NATURAL_ATTACKS | UNBREAKABLE | PERSONAL | WATER_FRIENDLY | PADDED | SOFT,
item,integrated_trow_fists,stone fists,xedra_evolved,xedra_evolved,missing,,,,data/mods/Xedra_Evolved/items/armor/integrated.json,INTEGRATED | SEMITANGIBLE | ALLOWS_NATURAL_ATTACKS | UNBREAKABLE | PERSONAL | PADDED,
item,integrated_vamp_blood_bank,internal vampire blood bank,xedra_evolved,xedra_evolved,missing,,,,data/mods/Xedra_Evolved/player/renfield_cbms.json,INTEGRATED | UNBREAKABLE | PERSONAL | NO_REPAIR | ALLOWS_NATURAL_ATTACKS | BIONIC_FUEL_SOURCE,
item,integrated_vampire_rending_jaws,rending jaws,xedra_evolved,xedra_evolved,missing,,,,data/mods/Xedra_Evolved/items/armor/integrated.json,INTEGRATED | ALLOWS_NATURAL_ATTACKS | UNBREAKABLE | PERSONAL | PADDED | PROVIDES_TECHNIQUES,
item,integrated_vegital_cuticle,vegetal cuticle,xedra_evolved,xedra_evolved,missing,,,,data/mods/Xedra_Evolved/items/armor/integrated.json,INTEGRATED | ALLOWS_NATURAL_ATTACKS | UNBREAKABLE | PERSONAL | WATER_FRIENDLY | SOFT,
item,integrated_wave_skin,wave skin,xedra_evolved,xedra_evolved,missing,,,,data/mods/Xedra_Evolved/items/armor/integrated.json,INTEGRATED | ALLOWS_NATURAL_ATTACKS | UNBREAKABLE | PERSONAL | WATER_FRIENDLY | PADDED | SOFT,
item,integrated_werewolf_primal_form_fangs,primal form teeth,xedra_evolved,xedra_evolved,missing,,,,data/mods/Xedra_Evolved/items/armor/integrated.json,INTEGRATED | ALLOWS_NATURAL_ATTACKS | UNBREAKABLE | PERSONAL | PADDED | PROVIDES_TECHNIQUES,
item,integrated_werewolf_primal_form_fur,primal form fur,xedra_evolved,xedra_evolved,missing,,,,data/mods/Xedra_Evolved/items/armor/integrated.json,INTEGRATED | ALLOWS_NATURAL_ATTACKS | UNBREAKABLE | NORMAL | WATER_FRIENDLY | SOFT | MUNDANE,
item,integrated_werewolf_teeth,werewolf teeth,xedra_evolved,xedra_evolved,missing,,,,data/mods/Xedra_Evolved/items/armor/integrated.json,INTEGRATED | ALLOWS_NATURAL_ATTACKS | UNBREAKABLE | PERSONAL | PADDED | PROVIDES_TECHNIQUES,
item,internal_mp3_fruit,The fruit's song,xedra_evolved,xedra_evolved,missing,,,,data/mods/Xedra_Evolved/items/armor/integrated.json,INTEGRATED | UNBREAKABLE | PERSONAL | NO_REPAIR | ALLOWS_NATURAL_ATTACKS | USES_BIONIC_POWER,
item,internal_mp3_fruit_on,The fruit's song,xedra_evolved,xedra_evolved,missing,,,,data/mods/Xedra_Evolved/items/armor/integrated.json,INTEGRATED | UNBREAKABLE | PERSONAL | NO_REPAIR | ALLOWS_NATURAL_ATTACKS | SPAWN_ACTIVE,
item,inventor_fists,heavy CQC system,xedra_evolved,xedra_evolved,missing,,,,data/mods/Xedra_Evolved/items/inventor/armor.json,MORPHIC | DURABLE_MELEE | PADDED | MUNDANE | INVENTOR_CRAFTED | PROVIDES_TECHNIQUES,
item,inventor_fists_plus,advanced heavy CQC system,xedra_evolved,xedra_evolved,missing,,,inventor_fists,data/mods/Xedra_Evolved/items/inventor/armor.json,MORPHIC | DURABLE_MELEE | PADDED | MUNDANE | INVENTOR_CRAFTED | PROVIDES_TECHNIQUES,
item,inventor_gaming_rig,Oneiromantic gaming rig,xedra_evolved,xedra_evolved,missing,,,,data/mods/Xedra_Evolved/items/inventor/misc.json,ELECTRONIC | INVENTOR_CRAFTED,
item,inventor_gaming_rig_on,Oneiromantic gaming rig (on),xedra_evolved,xedra_evolved,missing,,,inventor_gaming_rig,data/mods/Xedra_Evolved/items/inventor/misc.json,ELECTRONIC | INVENTOR_CRAFTED | SPAWN_ACTIVE,
item,inventor_grenade_noise_emp,inventor's noise EMP grenade,xedra_evolved,xedra_evolved,missing,,,,data/mods/Xedra_Evolved/items/inventor/gun.json,NONCONDUCTIVE | TRADER_AVOID | INVENTOR_CRAFTED,
item,inventor_grenade_noise_emp_act,inventor's noise EMP grenade,xedra_evolved,xedra_evolved,missing,,,,data/mods/Xedra_Evolved/items/inventor/gun.json,TRADER_AVOID | BOMB | INVENTOR_CRAFTED | SPAWN_ACTIVE,
item,inventor_grenade_noise_expl,inventor's noise grenade,xedra_evolved,xedra_evolved,missing,,,,data/mods/Xedra_Evolved/items/inventor/gun.json,NONCONDUCTIVE | TRADER_AVOID | INVENTOR_CRAFTED,
item,inventor_grenade_noise_expl_act,inventor's noise grenade,xedra_evolved,xedra_evolved,missing,,,,data/mods/Xedra_Evolved/items/inventor/gun.json,TRADER_AVOID | BOMB | INVENTOR_CRAFTED,
item,inventor_grenade_noise_fire,inventor's noise fire grenade,xedra_evolved,xedra_evolved,missing,,,,data/mods/Xedra_Evolved/items/inventor/gun.json,NONCONDUCTIVE | TRADER_AVOID | INVENTOR_CRAFTED,
item,inventor_grenade_noise_fire_act,inventor's noise fire grenade,xedra_evolved,xedra_evolved,missing,,,,data/mods/Xedra_Evolved/items/inventor/gun.json,TRADER_AVOID | BOMB | INVENTOR_CRAFTED,
item,inventor_lasmod_adv_adv_cooler,freezing heat sink,xedra_evolved,xedra_evolved,missing,,,,data/mods/Xedra_Evolved/items/inventor/gunmods.json,INVENTOR_CRAFTED,
item,inventor_lasmod_adv_cooler,advanced heat exchanger,xedra_evolved,xedra_evolved,missing,,,,data/mods/Xedra_Evolved/items/inventor/gunmods.json,INVENTOR_CRAFTED,
item,inventor_lasmod_capasitor,improved capacitors,xedra_evolved,xedra_evolved,missing,,,,data/mods/Xedra_Evolved/items/inventor/gunmods.json,INVENTOR_CRAFTED,
item,inventor_lasmod_chonky_radiator,huge radiator,xedra_evolved,xedra_evolved,missing,,,,data/mods/Xedra_Evolved/items/inventor/gunmods.json,INVENTOR_CRAFTED,
item,inventor_lasmod_close_range,beam array,xedra_evolved,xedra_evolved,missing,,,,data/mods/Xedra_Evolved/items/inventor/gunmods.json,INVENTOR_CRAFTED,
item,inventor_lasmod_energy_safe,energy-effective pump sources,xedra_evolved,xedra_evolved,missing,,,,data/mods/Xedra_Evolved/items/inventor/gunmods.json,INVENTOR_CRAFTED,
item,inventor_lasmod_long_range,focusing lens,xedra_evolved,xedra_evolved,missing,,,,data/mods/Xedra_Evolved/items/inventor/gunmods.json,INVENTOR_CRAFTED,
item,inventor_lasmod_mega_capasitor,high-powered capacitors,xedra_evolved,xedra_evolved,missing,,,,data/mods/Xedra_Evolved/items/inventor/gunmods.json,INVENTOR_CRAFTED,
item,inventor_lasmod_mega_everything,glass cannon energy conversion,xedra_evolved,xedra_evolved,missing,,,,data/mods/Xedra_Evolved/items/inventor/gunmods.json,INVENTOR_CRAFTED,
item,inventor_lasmod_more_capacitors,additional capacitors,xedra_evolved,xedra_evolved,missing,,,,data/mods/Xedra_Evolved/items/inventor/gunmods.json,INVENTOR_CRAFTED,
item,inventor_lasmod_radiator,secondary radiator,xedra_evolved,xedra_evolved,missing,,,,data/mods/Xedra_Evolved/items/inventor/gunmods.json,INVENTOR_CRAFTED,
item,inventor_lasmod_recuperator,heat recuperator,xedra_evolved,xedra_evolved,missing,,,,data/mods/Xedra_Evolved/items/inventor/gunmods.json,INVENTOR_CRAFTED,
item,inventor_lasmod_spooky_heat_sink,skeletonized heat sink,xedra_evolved,xedra_evolved,missing,,,,data/mods/Xedra_Evolved/items/inventor/gunmods.json,INVENTOR_CRAFTED,
item,inventor_warp_grenade_act,active netherium warp grenade,xedra_evolved,xedra_evolved,missing,,,,data/mods/Xedra_Evolved/items/inventor/consumables.json,BOMB | TRADER_AVOID | DANGEROUS,
item,item_armed_men_magic_square,magic square (To Cause Armed Men to Appear),xedra_evolved,xedra_evolved,missing,,,,data/mods/Xedra_Evolved/items/hedge_magic_items.json,TINDER | PAPER_SHAPED | SINGLE_USE | HEDGE_ENCHANTED,
item,item_bash_terrain_magic_square,magic square (To Demolish Buildings and Strongholds),xedra_evolved,xedra_evolved,missing,,,,data/mods/Xedra_Evolved/items/hedge_magic_items.json,TINDER | PAPER_SHAPED | SINGLE_USE | HEDGE_ENCHANTED,
item,item_breathe_water_magic_square,magic square (To Operate Under the Water),xedra_evolved,xedra_evolved,missing,,,,data/mods/Xedra_Evolved/items/hedge_magic_items.json,TINDER | PAPER_SHAPED | SINGLE_USE | HEDGE_ENCHANTED,
item,item_food_or_drink_magic_square,magic square (To Cause the Spirits to Bring us Anything We May Wish to Eat or to Drink),xedra_evolved,xedra_evolved,missing,,,,data/mods/Xedra_Evolved/items/hedge_magic_items.json,TINDER | PAPER_SHAPED | SINGLE_USE | HEDGE_ENCHANTED,
item,item_gracken_shadowstuff_pocket,shadowstuff organ,xedra_evolved,xedra_evolved,missing,,,,data/mods/Xedra_Evolved/items/armor/integrated.json,INTEGRATED | PADDED | SEMITANGIBLE | ZERO_WEIGHT | TARDIS | UNBREAKABLE | PERSONAL | SOFT | WATER_FRIENDLY,
item,item_hedge_astral_projection_cord,[Ψ]silver cord,xedra_evolved,xedra_evolved,missing,,,,data/mods/Xedra_Evolved/items/hedge_magic_items.json,PERSONAL | UNBREAKABLE | ZERO_WEIGHT | ALLOWS_NATURAL_ATTACKS | INTEGRATED | PADDED | SEMITANGIBLE | WATER_FRIENDLY | NO_DROP,
item,item_hedge_changeling_snare,betweener's maze,xedra_evolved,xedra_evolved,missing,,,,data/mods/Xedra_Evolved/items/hedge_magic_items.json,SINGLE_USE | HEDGE_ENCHANTED,
item,item_hedge_make_plants_grow,life of the crops,xedra_evolved,xedra_evolved,missing,,,,data/mods/Xedra_Evolved/items/hedge_magic_items.json,TRADER_AVOID | ZERO_WEIGHT | FERTILIZER,
item,item_hedge_nether_eye_paste,Blood-and-Ash Paste,xedra_evolved,xedra_evolved,missing,,,,data/mods/Xedra_Evolved/items/hedge_magic_items.json,EATEN_COLD | HEDGE_ENCHANTED,
item,item_hedge_see_fae_necklace,Faesight Charm,xedra_evolved,xedra_evolved,missing,,,,data/mods/Xedra_Evolved/items/hedge_magic_items.json,ONE_PER_LAYER | SKINTIGHT | NO_UNLOAD | NO_RELOAD | MUNDANE | HEDGE_ENCHANTED,
item,item_hedge_see_fae_necklace_done,Faesight Charm,xedra_evolved,xedra_evolved,missing,,,,data/mods/Xedra_Evolved/items/hedge_magic_items.json,ONE_PER_LAYER | SKINTIGHT | NO_UNLOAD | NO_RELOAD | MUNDANE,
item,item_hedge_see_fae_necklace_on,Faesight Charm (active),xedra_evolved,xedra_evolved,missing,,,,data/mods/Xedra_Evolved/items/hedge_magic_items.json,ONE_PER_LAYER | SKINTIGHT | NO_UNLOAD | NO_RELOAD | HEDGE_ENCHANTED | SPAWN_ACTIVE,
item,item_hedge_witchlight,Witchlight,xedra_evolved,xedra_evolved,missing,,,,data/mods/Xedra_Evolved/items/hedge_magic_items.json,SEMITANGIBLE | AURA | OVERSIZE | PADDED | ALLOWS_NATURAL_ATTACKS | TRADER_AVOID | NO_REPAIR | NO_DROP | ZERO_WEIGHT | NONCONDUCTIVE,
item,item_ierde_iron_armor,invulnerable iron skin,xedra_evolved,xedra_evolved,missing,,,,data/mods/Xedra_Evolved/items/ethereal_items.json,OVERSIZE | PERSONAL | ZERO_WEIGHT | NO_DROP | STURDY | PADDED,
item,item_invisibility_magic_square,magic square (To Render Oneself Invisible Unto Every Person),xedra_evolved,xedra_evolved,missing,,,,data/mods/Xedra_Evolved/items/hedge_magic_items.json,TINDER | PAPER_SHAPED | SINGLE_USE | HEDGE_ENCHANTED,
item,item_salamander_cooking_heat,stove's caress,xedra_evolved,xedra_evolved,missing,,,,data/mods/Xedra_Evolved/items/armor/integrated.json,PERSONAL | PADDED | UNBREAKABLE | INTEGRATED | SEMITANGIBLE | ZERO_WEIGHT | NO_DROP,
item,item_undine_liquid_water_pocket,water pocket,xedra_evolved,xedra_evolved,missing,,,,data/mods/Xedra_Evolved/items/armor/integrated.json,INTEGRATED | PADDED | SEMITANGIBLE | ZERO_WEIGHT | TARDIS | UNBREAKABLE | PERSONAL | SOFT | WATER_FRIENDLY,
item,item_walk_on_water_magic_square,magic square (To Walk Upon the Water),xedra_evolved,xedra_evolved,missing,,,,data/mods/Xedra_Evolved/items/hedge_magic_items.json,TINDER | PAPER_SHAPED | SINGLE_USE | HEDGE_ENCHANTED,
item,kreck_loot_star_stone,star-stone,xedra_evolved,xedra_evolved,missing,,,,data/mods/Xedra_Evolved/items/nether_monster_drops.json,TRADER_AVOID,
item,life_extension_potion,life extension potion,xedra_evolved,xedra_evolved,missing,,,,data/mods/Xedra_Evolved/items/alchemy.json,NO_INGEST | WATER_DISSOLVE | EDIBLE_FROZEN | SINGLE_USE,
item,mana_recharge_sphere,sparking sphere,xedra_evolved,xedra_evolved,missing,,,,data/mods/Xedra_Evolved/items/artifact_grade_items.json,NO_UNLOAD | NO_RELOAD,
item,mod_inv_pistol_booster,pistol booster,xedra_evolved,xedra_evolved,missing,,,,data/mods/Xedra_Evolved/items/inventor/gunmods.json,INVENTOR_CRAFTED,
item,mod_inv_pistol_double_tap,pistol double tapper,xedra_evolved,xedra_evolved,missing,,,,data/mods/Xedra_Evolved/items/inventor/gunmods.json,INVENTOR_CRAFTED,
item,moon_tear_chain_link,moon tear chain link,xedra_evolved,xedra_evolved,missing,,,,data/mods/Xedra_Evolved/items/ammo.json,,
item,moon_tear_ingot,moon tears ingot,xedra_evolved,xedra_evolved,missing,,,,data/mods/Xedra_Evolved/items/resources.json,,
item,moon_tear_wire,moon tear wire,xedra_evolved,xedra_evolved,missing,,,,data/mods/Xedra_Evolved/items/resources.json,,
item,moon_tears_fasteners,moon tears fastener,xedra_evolved,xedra_evolved,missing,,,,data/mods/Xedra_Evolved/items/ammo.json,,
item,museum_plaques_items,museum plaque,xedra_evolved,xedra_evolved,missing,,,,data/mods/Xedra_Evolved/items/notes_and_news.json,TRADER_AVOID,
item,museum_plaques_visitors,museum plaque,xedra_evolved,xedra_evolved,missing,,,,data/mods/Xedra_Evolved/items/notes_and_news.json,TRADER_AVOID,
item,mutagen_airkin,Sylph destiny draught,xedra_evolved,xedra_evolved,missing,,,,data/mods/Xedra_Evolved/items/mutagen.json,NO_INGEST | NUTRIENT_OVERRIDE,
item,mutagen_dollkin,Homullus destiny draught,xedra_evolved,xedra_evolved,missing,,,,data/mods/Xedra_Evolved/items/mutagen.json,NO_INGEST | NUTRIENT_OVERRIDE,
item,mutagen_earthkin,Ierde destiny draught,xedra_evolved,xedra_evolved,missing,,,,data/mods/Xedra_Evolved/items/mutagen.json,NO_INGEST | NUTRIENT_OVERRIDE,
item,mutagen_flamekin,Salamander destiny draught,xedra_evolved,xedra_evolved,missing,,,,data/mods/Xedra_Evolved/items/mutagen.json,NO_INGEST | NUTRIENT_OVERRIDE,
item,mutagen_plantkin,Arvore destiny draught,xedra_evolved,xedra_evolved,missing,,,,data/mods/Xedra_Evolved/items/mutagen.json,NO_INGEST | NUTRIENT_OVERRIDE,
item,mutagen_waterkin,Undine destiny draught,xedra_evolved,xedra_evolved,missing,,,,data/mods/Xedra_Evolved/items/mutagen.json,NO_INGEST | NUTRIENT_OVERRIDE,
item,nether_snare,snaring pentagram trap,xedra_evolved,xedra_evolved,missing,,,,data/mods/Xedra_Evolved/items/alchemy.json,SINGLE_USE,
item,occult_seal,occult seal,xedra_evolved,xedra_evolved,missing,,,,data/mods/Xedra_Evolved/items/spell_learning_items/spell_learning_items_eater.json,,
item,oxygen_jelly_long,Long-release Oxyjelly,xedra_evolved,xedra_evolved,missing,,,,data/mods/Xedra_Evolved/items/inventor/consumables.json,INVENTOR_CRAFTED,
item,oxygen_jelly_quick,Quick-release Oxyjelly,xedra_evolved,xedra_evolved,missing,,,,data/mods/Xedra_Evolved/items/inventor/consumables.json,INVENTOR_CRAFTED,
item,plant_imbuement,Imbuement of the Trees,xedra_evolved,xedra_evolved,missing,,,,data/mods/Xedra_Evolved/items/alchemy.json,NO_INGEST | WATER_DISSOLVE | EDIBLE_FROZEN | SINGLE_USE,
item,plantkin_parchment,plantkin parchment,xedra_evolved,xedra_evolved,missing,,,,data/mods/Xedra_Evolved/items/book_lore.json,,
item,portable_dark_age,portable dark age,xedra_evolved,xedra_evolved,missing,,,,data/mods/Xedra_Evolved/items/inventor/explosive.json,RADIO_MODABLE | RADIO_INVOKE_PROC | BOMB | GRENADE | WATER_BREAK,
item,portable_dark_age_apct,active EMP bomb,xedra_evolved,xedra_evolved,missing,,,,data/mods/Xedra_Evolved/items/inventor/explosive.json,TRADER_AVOID | WATER_BREAK,
item,potion_dex,potion of wicked quick hands,xedra_evolved,xedra_evolved,missing,,,life_extension_potion,data/mods/Xedra_Evolved/items/alchemy.json,NO_INGEST | WATER_DISSOLVE | EDIBLE_FROZEN | SINGLE_USE,
item,potion_strength,potion of terrible strength,xedra_evolved,xedra_evolved,missing,,,life_extension_potion,data/mods/Xedra_Evolved/items/alchemy.json,NO_INGEST | WATER_DISSOLVE | EDIBLE_FROZEN | SINGLE_USE,
item,purity_crackers,purity crackers,xedra_evolved,xedra_evolved,missing,,,,data/mods/Xedra_Evolved/items/pets.json,INEDIBLE,
item,ray_gun,ray gun,xedra_evolved,xedra_evolved,missing,,,,data/mods/Xedra_Evolved/items/inventor/gun.json,NEVER_JAMS | NO_SALVAGE | NO_REPAIR | NON_FOULING | NEEDS_NO_LUBE | TRADER_AVOID | OVERHEATS | INVENTOR_CRAFTED,
item,ray_rifle,the hyperboloid,xedra_evolved,xedra_evolved,missing,,,,data/mods/Xedra_Evolved/items/inventor/gun.json,NEVER_JAMS | NO_SALVAGE | NO_REPAIR | NON_FOULING | NEEDS_NO_LUBE | TRADER_AVOID | OVERHEATS | INVENTOR_CRAFTED,
item,renfield_remington,renfield Remington,xedra_evolved,xedra_evolved,missing,,,,data/mods/Xedra_Evolved/monsters/monsterattacks.json,NONCONDUCTIVE | NO_REPAIR | NO_SALVAGE | NO_UNLOAD | RELOAD_AND_SHOOT,
item,revenant_effigy,revenant's effigy,xedra_evolved,xedra_evolved,missing,,,,data/mods/Xedra_Evolved/items/tools.json,,
item,rip_ticket,vancian bill,xedra_evolved,xedra_evolved,missing,,,,data/mods/Xedra_Evolved/items/inventor/consumables.json,NONCONDUCTIVE | TRADER_AVOID | INVENTOR_CRAFTED,
item,salamagman_handaxe,salamagman hand axe,xedra_evolved,xedra_evolved,missing,,,,data/mods/Xedra_Evolved/items/melee.json,DURABLE_MELEE | SHEATH_AXE,
item,salamagman_macuahuitl,obsidian macuahuitl,xedra_evolved,xedra_evolved,missing,,,lc_aztec_sword,data/mods/Xedra_Evolved/items/melee.json,NONCONDUCTIVE | DURABLE_MELEE,
item,salamander_flaming_summon_whip,Tongues of Flame,xedra_evolved,xedra_evolved,missing,,,,data/mods/Xedra_Evolved/items/ethereal_items.json,REACH_ATTACK | REACH3 | WHIP | STURDY | TRADER_AVOID | UNBREAKABLE_MELEE | NO_REPAIR | NO_SALVAGE | FIRESTARTER | FLAMING | FIRE,
item,scrap_gossamer,gossamer scraps,xedra_evolved,xedra_evolved,missing,,,,data/mods/Xedra_Evolved/items/resources.json,NO_SALVAGE | TRADER_AVOID,
item,scrap_moon_tears,scrap moon tears,xedra_evolved,xedra_evolved,missing,,,,data/mods/Xedra_Evolved/items/resources.json,,
item,scrap_shadowstuff,scrap shadowstuff,xedra_evolved,xedra_evolved,missing,,,,data/mods/Xedra_Evolved/items/resources.json,,
item,sevenoclock_map,map to the cryptid,xedra_evolved,xedra_evolved,missing,,,,data/mods/Xedra_Evolved/items/book_lore.json,,
item,sevenoclock_note,notes about the cryptid,xedra_evolved,xedra_evolved,missing,,,,data/mods/Xedra_Evolved/items/book_lore.json,TRADER_AVOID,
item,sheet_elemental_gossamer,elemental gossamer sheet,xedra_evolved,xedra_evolved,missing,,,,data/mods/Xedra_Evolved/items/resources.json,,
item,sheet_elemental_gossamer_patchwork,patchwork elemental gossamer sheet,xedra_evolved,xedra_evolved,missing,,,sheet_gossamer,data/mods/Xedra_Evolved/items/resources.json,,
item,sheet_gossamer,gossamer sheet,xedra_evolved,xedra_evolved,missing,,,,data/mods/Xedra_Evolved/items/resources.json,,
item,sheet_gossamer_patchwork,patchwork gossamer sheet,xedra_evolved,xedra_evolved,missing,,,sheet_gossamer,data/mods/Xedra_Evolved/items/resources.json,,
item,sixdust,sixdust,xedra_evolved,xedra_evolved,missing,,,,data/mods/Xedra_Evolved/items/alchemy.json,,
item,skull_march_lord,march lord skull,xedra_evolved,xedra_evolved,missing,,,,data/mods/Xedra_Evolved/items/resources.json,TRADER_AVOID | PUNCTURE_VEHICLE_WHEELS | RAW | INEDIBLE | NO_TEMP | LUPINE,
item,software_AI,IA software,xedra_evolved,xedra_evolved,missing,,,abstract_software,data/mods/Xedra_Evolved/items/inventor/misc.json,ZERO_WEIGHT | NO_DROP | IRREMOVABLE | E_STORABLE_EXCLUSIVE | INVENTOR_CRAFTED,
item,spellbook_hedge_abramelin_the_mage_spell_stub,The Real Actual Spell Book of the Sacred Magic of Abramelin the Mage,xedra_evolved,xedra_evolved,missing,,,,data/mods/Xedra_Evolved/items/spell_learning_items/spellbooks_hedge.json,TINDER | PAPER_SHAPED | SINGLE_USE,
item,spellbook_hedge_avodah_zarah_spell_stub,The Real Actual Excerpts of Avodah Zarah,xedra_evolved,xedra_evolved,missing,,,,data/mods/Xedra_Evolved/items/spell_learning_items/spellbooks_hedge.json,TINDER | PAPER_SHAPED | SINGLE_USE | ZERO_WEIGHT,
item,spellbook_hedge_bathhouse_midnight_stub,The Real Actual Spell Book of The Bathhouse at Midnight,xedra_evolved,xedra_evolved,missing,,,,data/mods/Xedra_Evolved/items/spell_learning_items/spellbooks_hedge.json,TINDER | PAPER_SHAPED | SINGLE_USE,
item,spellbook_hedge_blood_book_stub,The Real Actual Spell Book of Bloodstoppers and Bearwalkers,xedra_evolved,xedra_evolved,missing,,,,data/mods/Xedra_Evolved/items/spell_learning_items/spellbooks_hedge.json,TINDER | PAPER_SHAPED | SINGLE_USE,
item,spellbook_hedge_book_of_raziel_spell_stub,The Real Actual Sefer Raziel HaMalakh,xedra_evolved,xedra_evolved,missing,,,,data/mods/Xedra_Evolved/items/spell_learning_items/spellbooks_hedge.json,TINDER | PAPER_SHAPED | SINGLE_USE,
item,spellbook_hedge_doctor_book_stub,The Real Actual Spell The Cunning Book of Home and Hearth,xedra_evolved,xedra_evolved,missing,,,,data/mods/Xedra_Evolved/items/spell_learning_items/spellbooks_hedge.json,TINDER | PAPER_SHAPED | SINGLE_USE,
item,spellbook_hedge_farm_stub,The Real Actual Spell Goody Osborne's Booke of Remedies,xedra_evolved,xedra_evolved,missing,,,,data/mods/Xedra_Evolved/items/spell_learning_items/spellbooks_hedge.json,TINDER | PAPER_SHAPED | SINGLE_USE,
item,spellbook_hedge_psychic_defense_stub,The Real Actual Psychic Self-Defense: The Classic Instruction Manual for Protecting Yourself Against Paranormal Attack,xedra_evolved,xedra_evolved,missing,,,,data/mods/Xedra_Evolved/items/spell_learning_items/spellbooks_hedge.json,TINDER | PAPER_SHAPED | SINGLE_USE,
item,spellbook_hedge_snare_changelings_stub,The Real Actual Spell Book of Hedge Snare Changelings,xedra_evolved,xedra_evolved,missing,,,,data/mods/Xedra_Evolved/items/spell_learning_items/spellbooks_hedge.json,TINDER | PAPER_SHAPED | SINGLE_USE,
item,spellbook_hedge_ward_demons_stub,The Real Actual Spell Malleus Maleficarum,xedra_evolved,xedra_evolved,missing,,,,data/mods/Xedra_Evolved/items/spell_learning_items/spellbooks_hedge.json,TINDER | PAPER_SHAPED | SINGLE_USE,
item,spellbook_hedge_ward_dreams_stub,The Real Actual Spell Book of Ward your Dreams for a Good Night's Sleep,xedra_evolved,xedra_evolved,missing,,,,data/mods/Xedra_Evolved/items/spell_learning_items/spellbooks_hedge.json,TINDER | PAPER_SHAPED | SINGLE_USE,
item,spiritshow_dust,spirit show dust,xedra_evolved,xedra_evolved,missing,,,,data/mods/Xedra_Evolved/items/alchemy.json,EATEN_COLD | NO_AUTO_CONSUME | NUTRIENT_OVERRIDE | SINGLE_USE,
item,spy_note,left behind note,xedra_evolved,xedra_evolved,missing,,,,data/mods/Xedra_Evolved/items/book_lore.json,TRADER_AVOID,
item,stunning_arg_trap,stunning arg trap,xedra_evolved,xedra_evolved,missing,,,,data/mods/Xedra_Evolved/items/inventor/traps.json,SINGLE_USE,
item,stunning_qr_trap,stunning QR trap,xedra_evolved,xedra_evolved,missing,,,,data/mods/Xedra_Evolved/items/inventor/traps.json,SINGLE_USE,
item,tanned_glimmer_pelt,tanned glimmer fur pelt,xedra_evolved,xedra_evolved,missing,,,,data/mods/Xedra_Evolved/items/resources.json,,
item,tanning_glimmer_pelt,tanning glimmer fur pelt,xedra_evolved,xedra_evolved,missing,,,,data/mods/Xedra_Evolved/items/resources.json,NO_SALVAGE,
item,throwing_knives,throwing knife,xedra_evolved,xedra_evolved,missing,,,,data/mods/Xedra_Evolved/items/ammo.json,TRADER_AVOID | NPC_THROWN,
item,triffid_heart_chunk,triffid heart chunk,xedra_evolved,xedra_evolved,missing,,,,data/mods/Xedra_Evolved/items/vegetables.json,,
item,trinket_range,rocket bullets,xedra_evolved,xedra_evolved,missing,,,,data/mods/Xedra_Evolved/items/inventor/gunmods.json,INVENTOR_CRAFTED,
item,trinket_sound,force silencer,xedra_evolved,xedra_evolved,missing,,,,data/mods/Xedra_Evolved/items/inventor/gunmods.json,INVENTOR_CRAFTED,
item,truckstop_viagra,horny rhino pill,xedra_evolved,xedra_evolved,missing,,,,data/mods/Xedra_Evolved/items/comestibles/med.json,NO_INGEST | WATER_DISSOLVE | EDIBLE_FROZEN,
item,unloaded_wave_rider_engine,elemental wave rider engine,xedra_evolved,xedra_evolved,missing,,,,data/mods/Xedra_Evolved/items/vehicle_parts.json,,
item,vampire_hunter_map,smudged map,xedra_evolved,xedra_evolved,missing,,,,data/mods/Xedra_Evolved/items/book_lore.json,,
item,verdant_poultice,verdant poultice,xedra_evolved,xedra_evolved,missing,,,,data/mods/Xedra_Evolved/items/drugs.json,NO_INGEST | CANT_HEAL_EVERYONE,
item,wardrobe_treesung,treesung wardrobe,xedra_evolved,xedra_evolved,missing,,,,data/mods/Xedra_Evolved/items/furniture_items.json,,
item,water_imbuement,Imbuement of the Waters,xedra_evolved,xedra_evolved,missing,,,,data/mods/Xedra_Evolved/items/alchemy.json,NO_INGEST | WATER_DISSOLVE | EDIBLE_FROZEN | SINGLE_USE,
item,water_pocket,water pocket,xedra_evolved,xedra_evolved,missing,,,,data/mods/Xedra_Evolved/items/ethereal_items.json,BELTED | TRADER_AVOID | WATERPROOF | STURDY | OVERSIZE | NO_TAKEOFF | NO_REPAIR | NO_SALVAGE | ZERO_WEIGHT,
item,waterkin_tablet,waterkin tablet,xedra_evolved,xedra_evolved,missing,,,,data/mods/Xedra_Evolved/items/book_lore.json,,
item,winch_stone,constructed winch,xedra_evolved,xedra_evolved,missing,,,,data/mods/Xedra_Evolved/items/ethereal_items.json,SINGLE_USE | TRADER_AVOID | AURA | SEMITANGIBLE | OVERSIZE | NO_TAKEOFF | NONCONDUCTIVE | UNBREAKABLE | ALLOWS_NATURAL_ATTACKS,
item,xe_alchemy_powder_of_revelation,powder of revelation,xedra_evolved,xedra_evolved,missing,,,,data/mods/Xedra_Evolved/items/alchemy.json,,
item,xe_art_clock,intricate and opulent clock,xedra_evolved,xedra_evolved,missing,,,,data/mods/Xedra_Evolved/items/inventor/spark_artifact_items.json,,
item,xe_art_crescent,crescent-shaped stone,xedra_evolved,xedra_evolved,missing,,,,data/mods/Xedra_Evolved/items/inventor/spark_artifact_items.json,,
item,xe_art_crystal,translucent crystal,xedra_evolved,xedra_evolved,missing,,,,data/mods/Xedra_Evolved/items/inventor/spark_artifact_items.json,,
item,xe_art_disc,humming disc,xedra_evolved,xedra_evolved,missing,,,,data/mods/Xedra_Evolved/items/inventor/spark_artifact_items.json,,
item,xe_art_instrument,an instrument,xedra_evolved,xedra_evolved,missing,,,,data/mods/Xedra_Evolved/items/inventor/spark_artifact_items.json,,
item,xe_art_jelly,malleable blob,xedra_evolved,xedra_evolved,missing,,,,data/mods/Xedra_Evolved/items/inventor/spark_artifact_items.json,,
item,xe_art_knot,"twisted, knotted cord",xedra_evolved,xedra_evolved,missing,,,,data/mods/Xedra_Evolved/items/inventor/spark_artifact_items.json,,
item,xe_art_mess,a mess of tubes and wires,xedra_evolved,xedra_evolved,missing,,,,data/mods/Xedra_Evolved/items/inventor/spark_artifact_items.json,,
item,xe_art_monitor,baroque monitor,xedra_evolved,xedra_evolved,missing,,,,data/mods/Xedra_Evolved/items/inventor/spark_artifact_items.json,,
item,xe_art_napkin,very thin sheet,xedra_evolved,xedra_evolved,missing,,,,data/mods/Xedra_Evolved/items/inventor/spark_artifact_items.json,,
item,xe_art_pin,small pin,xedra_evolved,xedra_evolved,missing,,,,data/mods/Xedra_Evolved/items/inventor/spark_artifact_items.json,,
item,xe_art_pyramid,regular tetrahedron,xedra_evolved,xedra_evolved,missing,,,,data/mods/Xedra_Evolved/items/inventor/spark_artifact_items.json,,
item,xe_art_rod,crystalline rod,xedra_evolved,xedra_evolved,missing,,,,data/mods/Xedra_Evolved/items/inventor/spark_artifact_items.json,,
item,xe_art_sculpture,abstract sculpture,xedra_evolved,xedra_evolved,missing,,,,data/mods/Xedra_Evolved/items/inventor/spark_artifact_items.json,,
item,xe_art_spiral,spiraling rod,xedra_evolved,xedra_evolved,missing,,,,data/mods/Xedra_Evolved/items/inventor/spark_artifact_items.json,,
item,xe_art_tube,hollow tube,xedra_evolved,xedra_evolved,missing,,,,data/mods/Xedra_Evolved/items/inventor/spark_artifact_items.json,,
item,xe_art_urchin,spiked sphere,xedra_evolved,xedra_evolved,missing,,,,data/mods/Xedra_Evolved/items/inventor/spark_artifact_items.json,,
item,xe_bio_chiropteran_signal,Chiropteran Signal CBM,xedra_evolved,xedra_evolved,missing,,,,data/mods/Xedra_Evolved/items/cbms.json,CBM | FRAGILE_MELEE,
item,xe_bio_data_shunt,"Data Shunt, basic",xedra_evolved,xedra_evolved,missing,,,,data/mods/Xedra_Evolved/items/cbms.json,CBM | FRAGILE_MELEE,
item,xe_bio_dataslot_EOD,Datacore: Trap Disposal,xedra_evolved,xedra_evolved,missing,,,,data/mods/Xedra_Evolved/items/cbms.json,CBM | FRAGILE_MELEE,
item,xe_bio_dataslot_cyborg_hunting,Datacore: Cyborg Hunting,xedra_evolved,xedra_evolved,missing,,,,data/mods/Xedra_Evolved/items/cbms.json,CBM | FRAGILE_MELEE,
item,xe_bio_dataslot_game_ui,Datacore: Trap Highlight UI,xedra_evolved,xedra_evolved,missing,,,,data/mods/Xedra_Evolved/items/cbms.json,CBM | FRAGILE_MELEE,
item,xe_bio_dataslot_giant_hunter,Datacore: Giant Hunting,xedra_evolved,xedra_evolved,missing,,,,data/mods/Xedra_Evolved/items/cbms.json,CBM | FRAGILE_MELEE,
item,xe_bio_dataslot_helicopter_pilot,Datacore: Helicopter Pilot,xedra_evolved,xedra_evolved,missing,,,,data/mods/Xedra_Evolved/items/cbms.json,CBM | FRAGILE_MELEE,
item,xe_bio_dataslot_lockpicking,Datacore: Lockpicking,xedra_evolved,xedra_evolved,missing,,,,data/mods/Xedra_Evolved/items/cbms.json,CBM | FRAGILE_MELEE,
item,xe_bio_dataslot_migo_weakpoints,Datacore: Mi-go Weakpoints,xedra_evolved,xedra_evolved,missing,,,,data/mods/Xedra_Evolved/items/cbms.json,CBM | FRAGILE_MELEE,
item,xe_bio_dataslot_muay_thai,Datacore: Muay Thai,xedra_evolved,xedra_evolved,missing,,,,data/mods/Xedra_Evolved/items/cbms.json,CBM | FRAGILE_MELEE,
item,xe_bio_dataslot_parkour,Datacore: Parkour,xedra_evolved,xedra_evolved,missing,,,,data/mods/Xedra_Evolved/items/cbms.json,CBM | FRAGILE_MELEE,
item,xe_bio_spore_enhancer,Crypt Spore Vaporizer,xedra_evolved,xedra_evolved,missing,,,,data/mods/Xedra_Evolved/items/cbms.json,CBM | FRAGILE_MELEE,
item,xe_bio_xl_chiropteran_signal,Desmodontinae Gargantua Vocalizer,xedra_evolved,xedra_evolved,missing,,,,data/mods/Xedra_Evolved/items/cbms.json,CBM | FRAGILE_MELEE,
item,xe_elder_ginseng,elder ginseng,xedra_evolved,xedra_evolved,missing,,,,data/mods/Xedra_Evolved/items/comestibles/raw_fruit.json,,
item,xe_oneiric_hammer,Oneiric Hammer,xedra_evolved,xedra_evolved,missing,,,,data/mods/Xedra_Evolved/items/ethereal_items.json,NONCONDUCTIVE | BELT_CLIP | TRADER_AVOID | UNBREAKABLE_MELEE | NO_REPAIR | NO_SALVAGE | MAGIC_FOCUS,
item,xedra_time_charge,collected time,xedra_evolved,xedra_evolved,missing,,,,data/mods/Xedra_Evolved/items/ammo.json,ZERO_WEIGHT,
monster,exodii_sniper_drone,balloon sniper-drone,dda,xedra_evolved,missing,,,exodii_sniper_drone,data/mods/Xedra_Evolved/monsters/monster_overrides.json,SEES | HEARS | FLIES | NOHEAD | ELECTRONIC | BIOLOGICALPROOF | NO_BREATHE | INTERIOR_AMMO | PATH_AVOID_DANGER | PRIORITIZE_TARGETS | HIT_AND_RUN | STUN_IMMUNE | POISONPROOF | PSIONICPROOF | WITHERINGPROOF,
monster,mon_XEDRA_officer,mercenary officer,dda,dda,missing,,,mon_zombie_base,data/json/monsters/nether.json,SEES | HEARS | SMELLS | HAS_MIND | WARM | BASHES | GROUP_BASH | POISON | ACIDPROOF | NO_BREATHE | NOT_HALLUCINATION,
monster,mon_amalgamation_breather,breather,dda,dda,missing,,,,data/json/monsters/zed_amalgamation.json,IMMOBILE | NOGIB,
monster,mon_amalgamation_breather_hub,breather,dda,dda,missing,,,,data/json/monsters/zed_amalgamation.json,ACIDPROOF | ACID_BLOOD | IMMOBILE,
monster,mon_beekeeper_dusted,dusted scarred zombie,dda,dda,missing,,,mon_zombie_base,data/json/monsters/fungus_zombie.json,SEES | HEARS | STUMBLES | WARM | GRABS | BASHES | GROUP_BASH | POISON | NO_BREATHE | REVIVES | PUSH_MON | FILTHY | UNBREAKABLE_MORALE | VENOM_IMMUNE | CLUMSY_ATTACKS | NO_FUNG_DMG,
monster,mon_beekeeper_fungalize,fungalizing scarred zombie,dda,dda,missing,,,mon_zombie_base,data/json/monsters/fungus_zombie.json,SEES | HEARS | STUMBLES | WARM | GRABS | BASHES | GROUP_BASH | POISON | NO_BREATHE | REVIVES | PUSH_MON | FILTHY | UNBREAKABLE_MORALE | VENOM_IMMUNE | CLUMSY_ATTACKS | NO_FUNG_DMG,
monster,mon_boomer_dusted,dusted boomer,dda,dda,missing,,,mon_zombie_base,data/json/monsters/fungus_zombie.json,SEES | HEARS | STUMBLES | WARM | GRABS | BASHES | GROUP_BASH | POISON | NO_BREATHE | REVIVES | PUSH_MON | FILTHY | UNBREAKABLE_MORALE | VENOM_IMMUNE | BILE_BLOOD | NO_FUNG_DMG,
monster,mon_boomer_fungalize,fungal stalk boomer,dda,dda,missing,,,mon_zombie_base,data/json/monsters/fungus_zombie.json,SEES | HEARS | STUMBLES | WARM | GRABS | BASHES | GROUP_BASH | POISON | NO_BREATHE | REVIVES | PUSH_MON | FILTHY | UNBREAKABLE_MORALE | VENOM_IMMUNE | BILE_BLOOD | NO_FUNG_DMG,
monster,mon_butterfly_cocoon,giant cocoon,dda,magiclysm,missing,,,mon_butterfly_cocoon,data/mods/Magiclysm/monsters/vanilla_monster_damage_overwrite.json,IMMOBILE,
monster,mon_butterfly_giant,giant butterfly,dda,magiclysm,missing,,,mon_butterfly_giant,data/mods/Magiclysm/monsters/vanilla_monster_damage_overwrite.json,SEES | HEARS | FLIES | STUMBLES,
monster,mon_butterfly_titan,emperor butterfly,dda,dda,missing,,,mon_butterfly_giant,data/json/monsters/insect_spider.json,SEES | HEARS | FLIES | STUMBLES,
monster,mon_cabin_tunnel_shadow,languorous spectre,dda,dda,missing,,,,data/json/monsters/reverberation_cabin.json,SEES | HEARS | GOODHEARING | HAS_MIND | NOHEAD | NO_BREATHE | PATH_AVOID_DANGER | QUIETDEATH | CONVERSATION,
monster,mon_carrion_grub,carrion grub,dda,mindovermatter,missing,,,mon_larva_abstract,data/mods/MindOverMatter/monsters/monster_overrides.json,SMELLS | TEEP_IMMUNE,
monster,mon_child,child,dda,dda,missing,,,mon_zombie_base,data/json/monsters/mammal.json,SEES | HEARS | STUMBLES | WARM | GRABS | BASHES | GROUP_BASH | POISON | NO_BREATHE | REVIVES | FILTHY | UNBREAKABLE_MORALE | VENOM_IMMUNE | GUILT_CHILD | GEN_DORMANT | NOT_HALLUCINATION,
monster,mon_coot_chick,waterfowl chick,dda,dda,missing,,,mon_generic_chick,data/json/monsters/bird.json,SEES | HEARS | ANIMAL | PATH_AVOID_DANGER | PATH_AVOID_FIRE | WARM | SWARMS | CAN_BE_CULLED | CANPLAY | SMALL_HIDER,
monster,mon_cormorant_chick,waterfowl chick,dda,dda,missing,,,mon_generic_chick,data/json/monsters/bird.json,SEES | HEARS | ANIMAL | PATH_AVOID_DANGER | PATH_AVOID_FIRE | WARM | SWARMS | CAN_BE_CULLED | CANPLAY | SMALL_HIDER,
monster,mon_devourer_daitya,daitya devourer,dda,dda,missing,,,,data/json/monsters/zed_fusion.json,SEES | HEARS | SMELLS | STUMBLES | WARM | BASHES | GROUP_BASH | POISON | NO_BREATHE | REVIVES | BILE_BLOOD | PUSH_MON | FILTHY,
monster,mon_devourer_daitya_clone,daitya clone,dda,dda,missing,,,,data/json/monsters/zed_fusion.json,SEES | HEARS | SMELLS | STUMBLES | WARM | BASHES | GROUP_BASH | POISON | NO_BREATHE | REVIVES | BILE_BLOOD | PUSH_MON | FILTHY,
monster,mon_dog_mutant_wyrmhound,wyrmhound,dda,dda,missing,,,,data/json/monsters/mutant_mammal.json,ANIMAL | GROUP_MORALE | HEARS | PET_MOUNTABLE | HIT_AND_RUN | KEENNOSE | PATH_AVOID_DANGER | SEES | SMELLS | SWARMS | WARM | CORNERED_FIGHTER | EATS,
monster,mon_duck_domestic_chick,waterfowl chick,dda,dda,missing,,,mon_generic_chick,data/json/monsters/bird.json,SEES | HEARS | ANIMAL | PATH_AVOID_DANGER | PATH_AVOID_FIRE | WARM | SWARMS | CAN_BE_CULLED | CANPLAY | SMALL_HIDER,
monster,mon_feral_cop_fungal_infected,feral cop,dda,mindovermatter,missing,,,chud,data/mods/MindOverMatter/monsters/monster_overrides.json,SEES | HEARS | SMELLS | WARM | BASHES | GROUP_BASH | HUMAN | CAN_OPEN_DOORS | PATH_AVOID_DANGER | DROPS_AMMO | WIELDED_WEAPON | EATS | PRIORITIZE_TARGETS | NO_FUNG_DMG,
monster,mon_feral_marine_bayonet,feral Marine,dda,dda,missing,,,chud,data/json/monsters/feral_humans.json,SEES | HEARS | SMELLS | WARM | BASHES | GROUP_BASH | HUMAN | CAN_OPEN_DOORS | PATH_AVOID_DANGER | DROPS_AMMO | WIELDED_WEAPON | EATS | PRIORITIZE_TARGETS,
monster,mon_feral_officer,feral officer,dda,dda,missing,,,chud,data/json/monsters/feral_humans.json,SEES | HEARS | SMELLS | WARM | BASHES | GROUP_BASH | HUMAN | CAN_OPEN_DOORS | PATH_AVOID_DANGER | DROPS_AMMO | WIELDED_WEAPON | EATS,
monster,mon_feral_prisoner,feral prisoner,dda,dda,missing,,,chud,data/json/monsters/feral_humans.json,SEES | HEARS | SMELLS | WARM | BASHES | GROUP_BASH | HUMAN | CAN_OPEN_DOORS | PATH_AVOID_DANGER | DROPS_AMMO | WIELDED_WEAPON | EATS,
monster,mon_feral_sailor_axe,feral crewman,dda,dda,missing,,,chud,data/json/monsters/feral_humans.json,SEES | HEARS | SMELLS | WARM | BASHES | GROUP_BASH | HUMAN | CAN_OPEN_DOORS | PATH_AVOID_DANGER | DROPS_AMMO | WIELDED_WEAPON | EATS,
monster,mon_feral_sailor_lug_wrench,feral crewman,dda,dda,missing,,,chud,data/json/monsters/feral_humans.json,SEES | HEARS | SMELLS | WARM | BASHES | GROUP_BASH | HUMAN | CAN_OPEN_DOORS | PATH_AVOID_DANGER | DROPS_AMMO | WIELDED_WEAPON | EATS,
monster,mon_feral_sailor_mop,feral crewman,dda,dda,missing,,,chud,data/json/monsters/feral_humans.json,SEES | HEARS | SMELLS | WARM | BASHES | GROUP_BASH | HUMAN | CAN_OPEN_DOORS | PATH_AVOID_DANGER | DROPS_AMMO | WIELDED_WEAPON | EATS,
monster,mon_feral_sailor_wrench,feral crewman,dda,dda,missing,,,chud,data/json/monsters/feral_humans.json,SEES | HEARS | SMELLS | WARM | BASHES | GROUP_BASH | HUMAN | CAN_OPEN_DOORS | PATH_AVOID_DANGER | DROPS_AMMO | WIELDED_WEAPON | EATS,
monster,mon_feral_serum_user_anaximander,feral test subject,dda,dda,missing,,,chud,data/json/monsters/feral_humans.json,SEES | HEARS | SMELLS | WARM | BASHES | GROUP_BASH | HUMAN | CAN_OPEN_DOORS | PATH_AVOID_DANGER | DROPS_AMMO | WIELDED_WEAPON | EATS | NIGHT_INVISIBILITY,
monster,mon_feral_serum_user_armus,feral test subject,dda,dda,missing,,,chud,data/json/monsters/feral_humans.json,SEES | HEARS | SMELLS | WARM | BASHES | GROUP_BASH | HUMAN | CAN_OPEN_DOORS | PATH_AVOID_DANGER | DROPS_AMMO | WIELDED_WEAPON | EATS,
monster,mon_feral_serum_user_landru,feral test subject,dda,dda,missing,,,chud,data/json/monsters/feral_humans.json,SEES | HEARS | SMELLS | WARM | BASHES | GROUP_BASH | HUMAN | CAN_OPEN_DOORS | PATH_AVOID_DANGER | DROPS_AMMO | WIELDED_WEAPON | EATS,
monster,mon_feral_serum_user_locutus,feral test subject,dda,dda,missing,,,chud,data/json/monsters/feral_humans.json,SEES | HEARS | SMELLS | WARM | BASHES | GROUP_BASH | HUMAN | CAN_OPEN_DOORS | PATH_AVOID_DANGER | DROPS_AMMO | WIELDED_WEAPON | EATS,
monster,mon_feral_serum_user_lore,feral test subject,dda,dda,missing,,,chud,data/json/monsters/feral_humans.json,SEES | HEARS | SMELLS | WARM | BASHES | GROUP_BASH | HUMAN | CAN_OPEN_DOORS | PATH_AVOID_DANGER | DROPS_AMMO | WIELDED_WEAPON | EATS | PRIORITIZE_TARGETS,
monster,mon_feral_serum_user_noonien,feral test subject,dda,dda,missing,,,chud,data/json/monsters/feral_humans.json,SEES | HEARS | SMELLS | WARM | BASHES | GROUP_BASH | HUMAN | CAN_OPEN_DOORS | PATH_AVOID_DANGER | DROPS_AMMO | WIELDED_WEAPON | EATS,
monster,mon_flailer_radiosphere,flailer,dda,dda,missing,,,mon_bird_flying_base,data/json/monsters/radiosphere.json,HEARS | ANIMAL | PATH_AVOID_DANGER | FLIES | SWARMS | CANPLAY | CAN_BE_CULLED | PET_WONT_FOLLOW | SMALL_HIDER,
monster,mon_flatlander,flatlander,dda,xedra_evolved,missing,,,mon_flatlander,data/mods/Xedra_Evolved/monsters/monster_overrides.json,FLIES | NO_BREATHE | BIOLOGICALPROOF | SEES | HEARS | RANGED_ATTACKER | WITHERINGPROOF | SHADOW_MONSTER_IMMUNE,
monster,mon_foul_bigfrog,greasy stinktoad,dda,mindovermatter,missing,,,mon_proxy_bigfrog,data/mods/MindOverMatter/monsters/monster_overrides_tameable.json,FISHABLE | SEES | SMELLS | HEARS | SWARMS | WATER_CAMOUFLAGE | POISON | NO_BREATHE | CANPLAY,
monster,mon_foul_giganfrog,giant hogtoad,dda,mindovermatter,missing,,,mon_proxy_giganfrog,data/mods/MindOverMatter/monsters/monster_overrides_tameable.json,FISHABLE | SEES | SMELLS | HEARS | GRABS | WATER_CAMOUFLAGE | BASHES | POISON | NO_BREATHE | SWARMS | CANPLAY,
monster,mon_foul_megafrog,great beaked toad,dda,mindovermatter,missing,,,mon_proxy_megafrog,data/mods/MindOverMatter/monsters/monster_overrides.json,SEES | SMELLS | GRABS | HEARS | DESTROYS | POISON | NO_BREATHE | CANPLAY | PET_MOUNTABLE,
monster,mon_frog_dad,colossal zombie bullfrog,dda,dda,missing,,,mon_proxy_frog_zombie,data/json/monsters/zed_amphibian.json,SEES | HEARS | SMELLS | KEENNOSE | STUMBLES | GRABS | WARM | BASHES | GROUP_BASH | NO_BREATHE | REVIVES | PUSH_MON | RANGED_ATTACKER | POISON | VENOM_IMMUNE,
monster,mon_frog_husk,leaping husk,dda,dda,missing,,,mon_proxy_frog_zombie,data/json/monsters/zed_amphibian.json,SEES | HEARS | SMELLS | KEENNOSE | STUMBLES | GRABS | WARM | BASHES | GROUP_BASH | NO_BREATHE | REVIVES | PUSH_MON | POISON | VENOM_IMMUNE | REVIVES_HEALTHY | HARDTOSHOOT | HIT_AND_RUN,
monster,mon_frog_mummy,batrachian mummy,dda,dda,missing,,,mon_proxy_frog_zombie,data/json/monsters/zed_amphibian.json,SEES | HEARS | SMELLS | KEENNOSE | STUMBLES | GRABS | WARM | BASHES | GROUP_BASH | NO_BREATHE | REVIVES | PUSH_MON | POISON | VENOM_IMMUNE | REVIVES_HEALTHY,
monster,mon_frog_shadow,shadow leaper,dda,dda,missing,,,mon_proxy_frog_zombie,data/json/monsters/zed_amphibian.json,SEES | HEARS | SMELLS | KEENNOSE | STUMBLES | GRABS | WARM | BASHES | GROUP_BASH | NO_BREATHE | REVIVES | PUSH_MON | RANGED_ATTACKER | POISON | VENOM_IMMUNE | HARDTOSHOOT | NIGHT_INVISIBILITY | HIT_AND_RUN,
monster,mon_frog_shocker,bioelectric zombie frog,dda,dda,missing,,,mon_proxy_frog_zombie,data/json/monsters/zed_amphibian.json,SEES | HEARS | SMELLS | KEENNOSE | STUMBLES | GRABS | WARM | BASHES | GROUP_BASH | NO_BREATHE | REVIVES | PUSH_MON | RANGED_ATTACKER | POISON | VENOM_IMMUNE | ELECTRIC,
monster,mon_frog_smoker_hulk,batrachian smoker,dda,dda,missing,,,mon_proxy_frog_zombie,data/json/monsters/zed_amphibian.json,SEES | HEARS | SMELLS | KEENNOSE | STUMBLES | GRABS | WARM | BASHES | GROUP_BASH | NO_BREATHE | REVIVES | PUSH_MON | POISON | VENOM_IMMUNE | REVIVES_HEALTHY,
monster,mon_fungal_construct,fungal construct,dda,dda,missing,,,,data/json/monsters/fungus_zombie.json,SEES | WARM | POISON | REVIVES | NO_BREATHE | FILTHY | NOHEAD,
monster,mon_fungal_construct_large,large fungal construct,dda,dda,missing,,,mon_fungal_construct,data/json/monsters/fungus_zombie.json,SEES | WARM | POISON | REVIVES | NO_BREATHE | FILTHY | NOHEAD,
monster,mon_fungal_construct_massive,massive fungal construct,dda,dda,missing,,,mon_fungal_construct,data/json/monsters/fungus_zombie.json,SEES | WARM | POISON | REVIVES | NO_BREATHE | FILTHY | NOHEAD,
monster,mon_gasbag_dusted,dusted gasbag zombie,dda,dda,missing,,,mon_zombie_base,data/json/monsters/fungus_zombie.json,SEES | HEARS | STUMBLES | WARM | POISON | NO_BREATHE | REVIVES | FILTHY | UNBREAKABLE_MORALE | VENOM_IMMUNE | NO_FUNG_DMG,
monster,mon_gasbag_fungalize,fungal cherry bomb,dda,dda,missing,,,mon_zombie_base,data/json/monsters/fungus_zombie.json,SEES | HEARS | STUMBLES | WARM | POISON | NO_BREATHE | REVIVES | FILTHY | UNBREAKABLE_MORALE | VENOM_IMMUNE | NO_FUNG_DMG,
monster,mon_gastro_bufo,gastro bufo,dda,dda,missing,,,mon_proxy_frog_zombie,data/json/monsters/zed_amphibian.json,SEES | HEARS | SMELLS | KEENNOSE | STUMBLES | GRABS | WARM | BASHES | GROUP_BASH | NO_BREATHE | REVIVES | PUSH_MON | POISON | VENOM_IMMUNE | ACIDPROOF | ACID_BLOOD,
monster,mon_goose_chick,waterfowl chick,dda,dda,missing,,,mon_generic_chick,data/json/monsters/bird.json,SEES | HEARS | ANIMAL | PATH_AVOID_DANGER | PATH_AVOID_FIRE | WARM | SWARMS | CAN_BE_CULLED | CANPLAY | SMALL_HIDER,
monster,mon_grebe_chick,waterfowl chick,dda,dda,missing,,,mon_generic_chick,data/json/monsters/bird.json,SEES | HEARS | ANIMAL | PATH_AVOID_DANGER | PATH_AVOID_FIRE | WARM | SWARMS | CAN_BE_CULLED | CANPLAY | SMALL_HIDER,
monster,mon_guinea_fowl,domestic guineafowl,dda,dda,missing,,,mon_bird_flying_base,data/json/monsters/bird.json,SEES | HEARS | ANIMAL | PATH_AVOID_DANGER | WARM | SWARMS | CANPLAY | CAN_BE_CULLED | PET_WONT_FOLLOW | SMALL_HIDER,
monster,mon_guinea_fowl_chick,yellow chick,dda,dda,missing,,,mon_generic_chick,data/json/monsters/bird.json,SEES | HEARS | ANIMAL | PATH_AVOID_DANGER | PATH_AVOID_FIRE | WARM | SWARMS | CAN_BE_CULLED | CANPLAY | SMALL_HIDER,
monster,mon_halo_tangle,halo tangle,dda,dda,missing,,,,data/json/monsters/nether.json,SEES | NO_BREATHE | RANGED_ATTACKER | BASHES | GROUP_BASH | FLIES | FIREY | NOHEAD,
monster,mon_hanging_roper,hanging roper,dda,mindovermatter,missing,,,mon_hanging_roper,data/mods/MindOverMatter/monsters/monster_overrides.json,SEES | SMELLS | HEARS | WARM | IMMOBILE | ANIMAL | TEEP_IMMUNE,
monster,mon_hare_baby,snowshoe hare kit,dda,dda,missing,,,mon_rabbit_baby,data/json/monsters/mammal.json,SEES | HEARS | SMELLS | ANIMAL | PATH_AVOID_DANGER | PET_WONT_FOLLOW | WARM | CAN_BE_CULLED | GOODHEARING | EATS | SMALL_HIDER,
monster,mon_highlands_revenant,crypt revenant,dda,dda,missing,,,,data/json/monsters/nether.json,SEES | SMELLS | HEARS | HAS_MIND | PRIORITIZE_TARGETS | KEENNOSE | WARM | BASHES | ARTHROPOD_BLOOD | NO_BREATHE | HARDTOSHOOT,
monster,mon_human_scorched,charred human,dda,dda,missing,,,mon_zombie_base,data/json/monsters/mammal.json,SEES | HEARS | STUMBLES | WARM | GRABS | BASHES | GROUP_BASH | POISON | NO_BREATHE | REVIVES | PUSH_MON | FILTHY | UNBREAKABLE_MORALE | VENOM_IMMUNE | REVIVES_HEALTHY | NO_NECRO | CLUMSY_ATTACKS | NOT_HALLUCINATION,
monster,mon_inner_cabins_interstice_horror,pallid horror,dda,dda,missing,,,mon_zombie_base,data/json/monsters/cabins_inner.json,SEES | HEARS | STUMBLES | WARM | GRABS | BASHES | GROUP_BASH | POISON | NO_BREATHE | REVIVES | PUSH_MON | FILTHY | UNBREAKABLE_MORALE | VENOM_IMMUNE | SMELLS | GOODHEARING | HAS_MIND | CAN_OPEN_DOORS | PRIORITIZE_TARGETS | SILENTMOVES,
monster,mon_jumbo_bigfrog,jumbo treefrog,dda,dda,missing,,,mon_proxy_bigfrog,data/json/monsters/reptile_amphibian.json,FISHABLE | SEES | SMELLS | HEARS | WATER_CAMOUFLAGE,
monster,mon_larva_abstract,larva,dda,magiclysm,missing,,,mon_larva_abstract,data/mods/Magiclysm/monsters/vanilla_monster_damage_overwrite.json,SEES | HEARS | STUMBLES | PATH_AVOID_FIRE | NO_BREED | SMALL_HIDER,
monster,mon_mole,mole,dda,dda,missing,,,,data/json/monsters/mammal.json,SEES | SMELLS | HEARS | GOODHEARING | WARM | ANIMAL | PATH_AVOID_DANGER | EATS | SMALL_HIDER | CORNERED_FIGHTER,
monster,mon_moorhen_chick,waterfowl chick,dda,dda,missing,,,mon_generic_chick,data/json/monsters/bird.json,SEES | HEARS | ANIMAL | PATH_AVOID_DANGER | PATH_AVOID_FIRE | WARM | SWARMS | CAN_BE_CULLED | CANPLAY | SMALL_HIDER,
monster,mon_moth_cocoon,giant cocoon,dda,magiclysm,missing,,,mon_moth_cocoon,data/mods/Magiclysm/monsters/vanilla_monster_damage_overwrite.json,IMMOBILE,
monster,mon_moth_fly_larva,giant moth fly larva,dda,dda,missing,,,mon_larva_abstract,data/json/monsters/insect_spider.json,SEES | HEARS | STUMBLES | PATH_AVOID_FIRE | NO_BREED | SMALL_HIDER,
monster,mon_moth_giant,giant moth,dda,magiclysm,missing,,,mon_moth_giant,data/mods/Magiclysm/monsters/vanilla_monster_damage_overwrite.json,SEES | HEARS | FLIES | STUMBLES,
monster,mon_nether_cucumber,waterbed skulker,dda,dda,missing,,,,data/json/monsters/nether.json,AQUATIC | SEES | HEARS | GRABS,
monster,mon_nether_unviable_butterfly,veiled butterfly,dda,dda,missing,,,,data/json/monsters/nether.json,FLIES | HIT_AND_RUN | NO_BREATHE | NO_FUNG_DMG | SEES,
monster,mon_nether_unviable_root,writhing root,dda,dda,missing,,,,data/json/monsters/nether.json,GRABS | HEARS,
monster,mon_nether_unviable_stomper,eldritch stomper,dda,dda,missing,,,,data/json/monsters/nether.json,BASHES | HEARS | SEES | LOUDMOVES,
monster,mon_ocean_zhark,abyssal terror,dda,dda,missing,,,,data/json/monsters/zed-animal.json,SEES | HEARS | SMELLS | WARM | AQUATIC | POISON | NO_BREATHE | REVIVES | FILTHY | WATER_CAMOUFLAGE,
monster,mon_odd_giganfrog,giant toad,dda,mindovermatter,missing,,,mon_proxy_giganfrog,data/mods/MindOverMatter/monsters/monster_overrides_tameable.json,FISHABLE | SEES | SMELLS | HEARS | GRABS | WATER_CAMOUFLAGE | BASHES | POISON | CANPLAY,
monster,mon_odd_megafrog,gargantuan toad,dda,mindovermatter,missing,,,mon_proxy_megafrog,data/mods/MindOverMatter/monsters/monster_overrides.json,SEES | SMELLS | GRABS | HEARS | DESTROYS | POISON | CANPLAY | PET_MOUNTABLE,
monster,mon_overgrown_labyrinth_turret_2_1,vine turret,dda,dda,missing,,,,data/json/monsters/netherum/labyrinth_monsters.json,SEES | HEARS | GOODHEARING | NOHEAD | IMMOBILE | NO_BREATHE | PRIORITIZE_TARGETS,
monster,mon_pattern_bigfrog,staticskin frog,dda,mindovermatter,missing,,,mon_proxy_bigfrog,data/mods/MindOverMatter/monsters/monster_overrides_tameable.json,FISHABLE | SEES | SMELLS | HEARS | SWARMS | WATER_CAMOUFLAGE | CANPLAY,
monster,mon_pattern_giganfrog,taser tongue,dda,mindovermatter,missing,,,mon_proxy_giganfrog,data/mods/MindOverMatter/monsters/monster_overrides_tameable.json,FISHABLE | SEES | SMELLS | HEARS | GRABS | WATER_CAMOUFLAGE | BASHES | SWARMS | CANPLAY,
monster,mon_pigeon_chick,brown chick,dda,dda,missing,,,mon_generic_chick,data/json/monsters/bird.json,SEES | HEARS | ANIMAL | PATH_AVOID_DANGER | PATH_AVOID_FIRE | WARM | SWARMS | CAN_BE_CULLED | CANPLAY | SMALL_HIDER,
monster,mon_plantborg_2_1,plantborg,dda,dda,missing,,,,data/json/monsters/netherum/labyrinth_monsters.json,SEES | HEARS | WARM | BASHES | GROUP_BASH | PUSH_MON,
monster,mon_plantborg_2_2,advanced plantborg,dda,dda,missing,,,mon_plantborg_2_1,data/json/monsters/netherum/labyrinth_monsters.json,SEES | HEARS | WARM | BASHES | GROUP_BASH | PUSH_MON,
monster,mon_poly_special_test,ancient red dragon,dda,dda,missing,,,,data/json/monsters/misc.json,SEES,
monster,mon_porcupine,porcupine,dda,dda,missing,,,,data/json/monsters/mammal.json,SEES | SMELLS | HEARS | WARM | ANIMAL | PATH_AVOID_DANGER | EATS | SMALL_HIDER | CORNERED_FIGHTER,
monster,mon_rabbit_baby,domestic rabbit kit,dda,dda,missing,,,mon_rabbit_base,data/json/monsters/mammal.json,SEES | HEARS | SMELLS | ANIMAL | PATH_AVOID_DANGER | PET_WONT_FOLLOW | WARM | CAN_BE_CULLED | GOODHEARING | EATS | SMALL_HIDER,
monster,mon_rattlesnake_big_s,mutant rattlesnake snakelet,dda,mindovermatter,missing,,,mon_snake_abstract,data/mods/MindOverMatter/monsters/monster_overrides_tameable.json,SEES | HEARS | SMELLS | BADVENOM | HARDTOSHOOT | KEENNOSE | PATH_AVOID_DANGER | ANIMAL | INFRARED_VISION | CANPLAY,
monster,mon_rattlesnake_s,timber rattlesnake snakelet,dda,mindovermatter,missing,,,mon_snake_abstract,data/mods/MindOverMatter/monsters/monster_overrides_tameable.json,SEES | HEARS | SMELLS | KEENNOSE | HARDTOSHOOT | PATH_AVOID_DANGER | ANIMAL | CORNERED_FIGHTER | NO_BREED | VENOM | CANPLAY,
monster,mon_robofac_hound,Hub 01 HOUND,dda,dda,missing,,,,data/json/monsters/robofac_robots.json,SEES | ELECTRONIC | COLDPROOF | NO_BREATHE | PATH_AVOID_DANGER | STUN_IMMUNE | SWARMS,
monster,mon_secubot_america_refurbished,refurbished autonomous TALON UGV Liberty Edition,dda,dda,missing,,,,data/json/monsters/defense_bot.json,SEES | HEARS | ELECTRONIC | COLDPROOF | NO_BREATHE | PATH_AVOID_DANGER | LOUDMOVES | STUN_IMMUNE,
monster,mon_shift_bigfrog,mimic treefrog,dda,dda,missing,,,mon_proxy_bigfrog,data/json/monsters/reptile_amphibian.json,FISHABLE | SEES | SMELLS | HEARS | WATER_CAMOUFLAGE | CAMOUFLAGE,
monster,mon_singularity_reclaimer,Reclaimer,dda,dda,missing,,,,data/json/monsters/singularities.json,WARM | NO_BREATHE | NOHEAD | IMMOBILE | ALL_SEEING | ALWAYS_SEES_YOU | HAS_MIND | NO_FUNG_DMG | FILTHY | STUN_IMMUNE | NOT_HALLUCINATION,
monster,mon_singularity_reclaimer_spawn,reclaimer spawn,dda,dda,missing,,,,data/json/monsters/singularities.json,SEES | HEARS | SMELLS | STUMBLES | WARM | BASHES | GROUP_BASH | POISON | NOHEAD | NO_BREATHE | REVIVES | BILE_BLOOD | PUSH_MON | FILTHY,
monster,mon_skeleton_brute_dusted,dusted skeletal brute,dda,dda,missing,,,mon_zombie_base,data/json/monsters/fungus_zombie.json,SEES | HEARS | WARM | GRABS | BASHES | GROUP_BASH | POISON | NO_BREATHE | REVIVES | PUSH_MON | FILTHY | UNBREAKABLE_MORALE | VENOM_IMMUNE | SMELLS | PUSH_VEH | PULP_PRYING | NO_FUNG_DMG,
monster,mon_skeleton_brute_fungalize,fungalizing bone brute,dda,dda,missing,,,mon_zombie_base,data/json/monsters/fungus_zombie.json,SEES | HEARS | WARM | GRABS | BASHES | GROUP_BASH | POISON | NO_BREATHE | REVIVES | PUSH_MON | FILTHY | UNBREAKABLE_MORALE | VENOM_IMMUNE | SMELLS | PUSH_VEH | PULP_PRYING | NO_FUNG_DMG,
monster,mon_skeleton_dusted,dusted skeletal zombie,dda,dda,missing,,,mon_zombie_base,data/json/monsters/fungus_zombie.json,SEES | HEARS | STUMBLES | WARM | GRABS | BASHES | GROUP_BASH | POISON | NO_BREATHE | REVIVES | PUSH_MON | FILTHY | UNBREAKABLE_MORALE | VENOM_IMMUNE | PULP_PRYING | NO_FUNG_DMG,
monster,mon_skeleton_executioner,skeletal executioner,dda,dda,missing,,,mon_zombie_base,data/json/monsters/zed_skeletal.json,SEES | HEARS | STUMBLES | WARM | BASHES | GROUP_BASH | POISON | NO_BREATHE | REVIVES | PUSH_MON | FILTHY | UNBREAKABLE_MORALE | VENOM_IMMUNE | PULP_PRYING | SMELLS,
monster,mon_skeleton_fungalize,fungal stalk skeleton,dda,dda,missing,,,mon_zombie_base,data/json/monsters/fungus_zombie.json,SEES | HEARS | STUMBLES | WARM | GRABS | BASHES | GROUP_BASH | POISON | NO_BREATHE | REVIVES | PUSH_MON | FILTHY | UNBREAKABLE_MORALE | VENOM_IMMUNE | PULP_PRYING | NO_FUNG_DMG,
monster,mon_skeleton_hulk_dusted,dusted skeletal hulk,dda,dda,missing,,,mon_zombie_base,data/json/monsters/fungus_zombie.json,SEES | HEARS | WARM | GRABS | BASHES | GROUP_BASH | POISON | NO_BREATHE | REVIVES | PUSH_MON | FILTHY | UNBREAKABLE_MORALE | VENOM_IMMUNE | SMELLS | PUSH_VEH | DESTROYS | PULP_PRYING | NO_FUNG_DMG,
monster,mon_skeleton_hulk_fungalize,fungal stalk juggernaut,dda,dda,missing,,,mon_zombie_base,data/json/monsters/fungus_zombie.json,SEES | HEARS | WARM | GRABS | BASHES | GROUP_BASH | POISON | NO_BREATHE | REVIVES | PUSH_MON | FILTHY | UNBREAKABLE_MORALE | VENOM_IMMUNE | SMELLS | PUSH_VEH | DESTROYS | PULP_PRYING | NO_FUNG_DMG,
monster,mon_skeleton_reaper,skeletal reaper,dda,dda,missing,,,mon_zombie_base,data/json/monsters/zed_skeletal.json,SEES | HEARS | STUMBLES | WARM | BASHES | GROUP_BASH | POISON | NO_BREATHE | REVIVES | PUSH_MON | FILTHY | UNBREAKABLE_MORALE | VENOM_IMMUNE | PULP_PRYING | PUSH_VEH,
monster,mon_skeleton_slasher,skeletal slasher,dda,dda,missing,,,mon_zombie_base,data/json/monsters/zed_skeletal.json,SEES | HEARS | STUMBLES | WARM | GRABS | BASHES | GROUP_BASH | POISON | NO_BREATHE | REVIVES | PUSH_MON | FILTHY | UNBREAKABLE_MORALE | VENOM_IMMUNE | PULP_PRYING | SMELLS,
monster,mon_snail_river,freshwater snail,dda,dda,missing,,,,data/json/monsters/mollusk.json,SEES | SMELLS | ARTHROPOD_BLOOD,
monster,mon_spider_cellar_leg,detached spider leg,dda,magiclysm,missing,,,mon_spider_cellar_leg,data/mods/Magiclysm/monsters/vanilla_monster_damage_overwrite.json,HEARS | GOODHEARING | STUMBLES | WEBWALK | GRABS | ATTACKMON | HARDTOSHOOT | STUN_IMMUNE | NOHEAD,
monster,mon_spider_jumping_giant_s,jumping spiderling,dda,dda,missing,,,mon_larva_abstract,data/json/monsters/insect_spider.json,SEES | HEARS | STUMBLES | PATH_AVOID_FIRE | NO_BREED | SMALL_HIDER,
monster,mon_spider_trapdoor_s,trapdoor spiderling,dda,dda,missing,,,mon_larva_abstract,data/json/monsters/insect_spider.json,SEES | HEARS | STUMBLES | PATH_AVOID_FIRE | NO_BREED | SMALL_HIDER | CAN_DIG | WEBWALK,
monster,mon_spider_wolf_giant_s,wolf spiderling,dda,dda,missing,,,mon_larva_abstract,data/json/monsters/insect_spider.json,SEES | HEARS | STUMBLES | PATH_AVOID_FIRE | NO_BREED | SMALL_HIDER,
monster,mon_strange_giganfrog,giant bullfrog,dda,mindovermatter,missing,,,mon_proxy_giganfrog,data/mods/MindOverMatter/monsters/monster_overrides_tameable.json,FISHABLE | SEES | SMELLS | HEARS | GRABS | WATER_CAMOUFLAGE | BASHES | CANPLAY,
monster,mon_strange_megafrog,colossal croaker,dda,mindovermatter,missing,,,mon_proxy_megafrog,data/mods/MindOverMatter/monsters/monster_overrides.json,SEES | SMELLS | GRABS | HEARS | DESTROYS | CANPLAY | PET_MOUNTABLE,
monster,mon_toad_bloat,bloated zombie toad,dda,dda,missing,,,mon_proxy_frog_zombie,data/json/monsters/zed_amphibian.json,SEES | HEARS | SMELLS | KEENNOSE | STUMBLES | GRABS | WARM | BASHES | GROUP_BASH | NO_BREATHE | REVIVES | PUSH_MON | RANGED_ATTACKER | POISON | VENOM_IMMUNE | SMALLSLUDGETRAIL | SLUDGEPROOF,
monster,mon_toad_bone,death mask zombie toad,dda,dda,missing,,,mon_proxy_frog_zombie,data/json/monsters/zed_amphibian.json,SEES | HEARS | SMELLS | KEENNOSE | STUMBLES | GRABS | WARM | BASHES | GROUP_BASH | NO_BREATHE | REVIVES | PUSH_MON | RANGED_ATTACKER | POISON | VENOM_IMMUNE,
monster,mon_toad_wart,warted monstrosity,dda,dda,missing,,,mon_proxy_frog_zombie,data/json/monsters/zed_amphibian.json,SEES | HEARS | SMELLS | KEENNOSE | STUMBLES | GRABS | WARM | BASHES | GROUP_BASH | NO_BREATHE | REVIVES | PUSH_MON | RANGED_ATTACKER | POISON | VENOM_IMMUNE | SLUDGETRAIL | SLUDGEPROOF,
monster,mon_toad_zombie,giant zombie toad,dda,dda,missing,,,mon_proxy_frog_zombie,data/json/monsters/zed_amphibian.json,SEES | HEARS | SMELLS | KEENNOSE | STUMBLES | GRABS | WARM | BASHES | GROUP_BASH | NO_BREATHE | REVIVES | PUSH_MON | RANGED_ATTACKER | POISON | VENOM_IMMUNE,
monster,mon_turkey_domestic_chick,brown chick,dda,dda,missing,,,mon_generic_chick,data/json/monsters/bird.json,SEES | HEARS | ANIMAL | PATH_AVOID_DANGER | PATH_AVOID_FIRE | WARM | SWARMS | CAN_BE_CULLED | CANPLAY | SMALL_HIDER,
monster,mon_turtle_painted_baby,painted turtle hatchling,dda,dda,missing,,,mon_turtle_abstract,data/json/monsters/reptile_amphibian.json,SEES | HEARS | SMELLS | PATH_AVOID_DANGER | ANIMAL | CORNERED_FIGHTER | NO_BREED,
monster,mon_turtle_snapping_common_baby,common snapping turtle hatchling,dda,dda,missing,,,mon_turtle_abstract,data/json/monsters/reptile_amphibian.json,SEES | HEARS | SMELLS | PATH_AVOID_DANGER | ANIMAL | CORNERED_FIGHTER | NO_BREED,
monster,mon_vinewalker_2_1,vinewalker,dda,dda,missing,,,,data/json/monsters/netherum/labyrinth_monsters.json,SEES | HEARS | GOODHEARING | PRIORITIZE_TARGETS,
monster,mon_vocal_bigfrog,wailing treefrog,dda,dda,missing,,,mon_proxy_bigfrog,data/json/monsters/reptile_amphibian.json,FISHABLE | SEES | SMELLS | HEARS | WATER_CAMOUFLAGE,
monster,mon_void_spider,unformed weaver,dda,xedra_evolved,missing,,,mon_void_spider,data/mods/Xedra_Evolved/monsters/monster_overrides.json,SEES | HEARS | GOODHEARING | HAS_MIND | SMELLS | DESTROYS | WARM | FIREPROOF | NIGHT_INVISIBILITY | ALWAYS_SEES_YOU | ALWAYS_VISIBLE | NO_BREATHE | PRIORITIZE_TARGETS | ARTHROPOD_BLOOD | HARDTOSHOOT | WITHERINGPROOF | SHADOW_MONSTER_IMMUNE,
monster,mon_void_spider_limb,hanging limb,dda,xedra_evolved,missing,,,mon_void_spider,data/mods/Xedra_Evolved/monsters/monster_overrides.json,SEES | HEARS | GOODHEARING | HAS_MIND | SMELLS | DESTROYS | WARM | FIREPROOF | NIGHT_INVISIBILITY | ALWAYS_VISIBLE | NO_BREATHE | PRIORITIZE_TARGETS | ARTHROPOD_BLOOD | HARDTOSHOOT | QUIETDEATH | WITHERINGPROOF | SHADOW_MONSTER_IMMUNE,
monster,mon_void_spider_maw,hanging maw,dda,xedra_evolved,missing,,,mon_void_spider,data/mods/Xedra_Evolved/monsters/monster_overrides.json,SEES | HEARS | GOODHEARING | HAS_MIND | SMELLS | DESTROYS | WARM | FIREPROOF | NIGHT_INVISIBILITY | ALWAYS_VISIBLE | NO_BREATHE | PRIORITIZE_TARGETS | ARTHROPOD_BLOOD | HARDTOSHOOT | QUIETDEATH | WITHERINGPROOF | SHADOW_MONSTER_IMMUNE,
monster,mon_void_spider_spiderling,weaver juvenile,dda,xedra_evolved,missing,,,mon_void_spider,data/mods/Xedra_Evolved/monsters/monster_overrides.json,SEES | HEARS | GOODHEARING | HAS_MIND | SMELLS | DESTROYS | WARM | FIREPROOF | NIGHT_INVISIBILITY | ALWAYS_VISIBLE | NO_BREATHE | PRIORITIZE_TARGETS | ARTHROPOD_BLOOD | HARDTOSHOOT | SILENT_DISAPPEAR | WITHERINGPROOF | SHADOW_MONSTER_IMMUNE,
monster,mon_void_spider_spiderling_skewered,skewered juvenile,dda,dda,missing,,,mon_void_spider,data/json/monsters/nether.json,SEES | HEARS | GOODHEARING | HAS_MIND | SMELLS | DESTROYS | WARM | FIREPROOF | NIGHT_INVISIBILITY | ALWAYS_VISIBLE | NO_BREATHE | PRIORITIZE_TARGETS | ARTHROPOD_BLOOD | HARDTOSHOOT | SILENT_DISAPPEAR,
monster,mon_wild_rabbit_baby,cottontail rabbit kit,dda,dda,missing,,,mon_rabbit_baby,data/json/monsters/mammal.json,SEES | HEARS | SMELLS | ANIMAL | PATH_AVOID_DANGER | PET_WONT_FOLLOW | WARM | CAN_BE_CULLED | GOODHEARING | EATS | SMALL_HIDER,
monster,mon_wormsnake,worm snake,dda,dda,missing,,,mon_snake_abstract,data/json/monsters/reptile_amphibian.json,SEES | HEARS | SMELLS | KEENNOSE | HARDTOSHOOT | PATH_AVOID_DANGER | ANIMAL | CORNERED_FIGHTER | CAN_DIG,
monster,mon_wormsnake_baby,worm snake snakelet,dda,dda,missing,,,mon_snake_abstract,data/json/monsters/reptile_amphibian.json,SEES | HEARS | SMELLS | KEENNOSE | HARDTOSHOOT | PATH_AVOID_DANGER | ANIMAL | CORNERED_FIGHTER | NO_BREED,
monster,mon_yrax_quadraphract,Yrax quadraphract,dda,dda,missing,,,,data/json/monsters/yrax.json,SEES | HEARS | GOODHEARING | NOHEAD | NO_BREATHE | PACIFIST | PATH_AVOID_DANGER | PRIORITIZE_TARGETS | ELECTRONIC | NOT_HALLUCINATION | ALWAYS_SEES_YOU | FIREPROOF,
monster,mon_yrax_quadraphract_leg,quadraphract leg,dda,dda,missing,,,mon_yrax_quadraphract,data/json/monsters/yrax.json,SEES | HEARS | GOODHEARING | NOHEAD | NO_BREATHE | PATH_AVOID_DANGER | PRIORITIZE_TARGETS | ELECTRONIC | NOT_HALLUCINATION | ALWAYS_SEES_YOU | FIREPROOF | DESTROYS,
monster,mon_yrax_sphenocorona,Yrax sphenocorona,dda,xedra_evolved,missing,,,mon_yrax_sphenocorona,data/mods/Xedra_Evolved/monsters/monster_overrides.json,SEES | HEARS | GOODHEARING | NOHEAD | NO_BREATHE | PATH_AVOID_DANGER | FLIES | PRIORITIZE_TARGETS | ELECTRONIC | POISONPROOF | PSIONICPROOF | WITHERINGPROOF,
monster,mon_yrax_triakis,Yrax triakis,dda,dda,missing,,,,data/json/monsters/yrax.json,SEES | HEARS | GOODHEARING | NOHEAD | NO_BREATHE | PATH_AVOID_DANGER | HARDTOSHOOT | PRIORITIZE_TARGETS | HIT_AND_RUN | ELECTRONIC,
monster,mon_zombie_acidic_dusted,dusted acidic zombie,dda,dda,missing,,,mon_zombie_base,data/json/monsters/fungus_zombie.json,SEES | HEARS | STUMBLES | WARM | GRABS | BASHES | GROUP_BASH | POISON | NO_BREATHE | REVIVES | PUSH_MON | FILTHY | UNBREAKABLE_MORALE | VENOM_IMMUNE | ACIDPROOF | ACID_BLOOD | CLUMSY_ATTACKS | NO_FUNG_DMG,
monster,mon_zombie_acidic_fungalize,fungalizing acid zombie,dda,dda,missing,,,mon_zombie_base,data/json/monsters/fungus_zombie.json,SEES | HEARS | STUMBLES | WARM | GRABS | BASHES | GROUP_BASH | POISON | NO_BREATHE | REVIVES | PUSH_MON | FILTHY | UNBREAKABLE_MORALE | VENOM_IMMUNE | ACIDPROOF | ACID_BLOOD | CLUMSY_ATTACKS | NO_FUNG_DMG,
monster,mon_zombie_brute_dusted,dusted brute zombie,dda,dda,missing,,,mon_zombie_base,data/json/monsters/fungus_zombie.json,SEES | HEARS | WARM | GRABS | BASHES | GROUP_BASH | POISON | NO_BREATHE | REVIVES | PUSH_MON | FILTHY | UNBREAKABLE_MORALE | VENOM_IMMUNE | SMELLS | PUSH_VEH | NO_FUNG_DMG,
monster,mon_zombie_brute_fungal,fungal brute,dda,dda,missing,,,mon_zombie_base,data/json/monsters/fungus_zombie.json,SEES | HEARS | WARM | GRABS | BASHES | GROUP_BASH | POISON | NO_BREATHE | REVIVES | PUSH_MON | FILTHY | UNBREAKABLE_MORALE | VENOM_IMMUNE | SMELLS | PUSH_VEH | NO_FUNG_DMG,
monster,mon_zombie_brute_fungalize,fungal stalk brute,dda,dda,missing,,,mon_zombie_base,data/json/monsters/fungus_zombie.json,SEES | HEARS | WARM | GRABS | BASHES | GROUP_BASH | POISON | NO_BREATHE | REVIVES | PUSH_MON | FILTHY | UNBREAKABLE_MORALE | VENOM_IMMUNE | SMELLS | PUSH_VEH | NO_FUNG_DMG,
monster,mon_zombie_brute_string_dimension,mummified zombie,dda,dda,missing,,,mon_zombie_base,data/json/monsters/string_dimension.json,SEES | HEARS | STUMBLES | WARM | GRABS | BASHES | GROUP_BASH | POISON | NO_BREATHE | REVIVES | PUSH_MON | FILTHY | UNBREAKABLE_MORALE | VENOM_IMMUNE | SMELLS | SEES | PUSH_VEH | PUSH_MON | HIT_AND_RUN,
monster,mon_zombie_child_base,zombie child,dda,xedra_evolved,missing,,,mon_zombie_base,data/mods/Xedra_Evolved/monsters/monster_overrides.json,SEES | HEARS | STUMBLES | WARM | GRABS | BASHES | GROUP_BASH | POISON | NO_BREATHE | REVIVES | FILTHY | UNBREAKABLE_MORALE | VENOM_IMMUNE,
monster,mon_zombie_child_dusted,dusted zombie child,dda,dda,missing,,,mon_zombie_base,data/json/monsters/fungus_zombie.json,SEES | HEARS | STUMBLES | WARM | GRABS | BASHES | GROUP_BASH | POISON | NO_BREATHE | REVIVES | FILTHY | UNBREAKABLE_MORALE | VENOM_IMMUNE | NO_FUNG_DMG,
monster,mon_zombie_child_fungalize,fungal stalk child,dda,dda,missing,,,mon_zombie_base,data/json/monsters/fungus_zombie.json,SEES | HEARS | STUMBLES | WARM | GRABS | BASHES | GROUP_BASH | POISON | NO_BREATHE | REVIVES | FILTHY | UNBREAKABLE_MORALE | VENOM_IMMUNE | NO_FUNG_DMG,
monster,mon_zombie_crawler_dusted,dusted crawling zombie,dda,dda,missing,,,mon_zombie_base,data/json/monsters/fungus_zombie.json,SEES | HEARS | STUMBLES | WARM | GRABS | BASHES | GROUP_BASH | POISON | NO_BREATHE | REVIVES | FILTHY | UNBREAKABLE_MORALE | VENOM_IMMUNE | CLUMSY_ATTACKS | ATTACK_LOWER | GEN_DORMANT | NO_FUNG_DMG,
monster,mon_zombie_crawler_fungalize,fungal stalk crawler,dda,dda,missing,,,mon_zombie_base,data/json/monsters/fungus_zombie.json,SEES | HEARS | STUMBLES | WARM | GRABS | BASHES | GROUP_BASH | POISON | NO_BREATHE | REVIVES | FILTHY | UNBREAKABLE_MORALE | VENOM_IMMUNE | CLUMSY_ATTACKS | ATTACK_LOWER | GEN_DORMANT | NO_FUNG_DMG,
monster,mon_zombie_dusted,dusted zombie,dda,dda,missing,,,mon_zombie_base,data/json/monsters/fungus_zombie.json,SEES | HEARS | STUMBLES | WARM | GRABS | BASHES | GROUP_BASH | POISON | NO_BREATHE | REVIVES | PUSH_MON | FILTHY | UNBREAKABLE_MORALE | VENOM_IMMUNE | NO_FUNG_DMG,
monster,mon_zombie_fat_dusted,dusted fat zombie,dda,dda,missing,,,mon_zombie_base,data/json/monsters/fungus_zombie.json,SEES | HEARS | STUMBLES | WARM | GRABS | BASHES | GROUP_BASH | POISON | NO_BREATHE | REVIVES | PUSH_MON | FILTHY | UNBREAKABLE_MORALE | VENOM_IMMUNE | CLUMSY_ATTACKS | GEN_DORMANT | NO_FUNG_DMG,
monster,mon_zombie_fat_fungalize,fungal stalk feeder,dda,dda,missing,,,mon_zombie_base,data/json/monsters/fungus_zombie.json,SEES | HEARS | STUMBLES | WARM | GRABS | BASHES | GROUP_BASH | POISON | NO_BREATHE | REVIVES | PUSH_MON | FILTHY | UNBREAKABLE_MORALE | VENOM_IMMUNE | CLUMSY_ATTACKS | GEN_DORMANT | NO_FUNG_DMG,
monster,mon_zombie_fiend_rust,scorched zombie brute,dda,dda,missing,,,mon_zombie_base,data/json/monsters/zed_burned.json,SEES | HEARS | WARM | GRABS | BASHES | GROUP_BASH | POISON | NO_BREATHE | REVIVES | PUSH_MON | FILTHY | UNBREAKABLE_MORALE | VENOM_IMMUNE | SMELLS | PUSH_VEH | REVIVES_HEALTHY | NO_NECRO,
monster,mon_zombie_fireproof,fireproof zombie,dda,dda,missing,,,mon_zombie_base,data/json/monsters/zed_nomex.json,SEES | HEARS | STUMBLES | WARM | GRABS | BASHES | GROUP_BASH | POISON | NO_BREATHE | REVIVES | PUSH_MON | FILTHY | UNBREAKABLE_MORALE | VENOM_IMMUNE | SMELLS | ACIDPROOF | FIREPROOF,
monster,mon_zombie_fireproof_brute,fireproof brute,dda,dda,missing,,,mon_zombie_base,data/json/monsters/zed_nomex.json,SEES | HEARS | WARM | GRABS | BASHES | GROUP_BASH | POISON | NO_BREATHE | REVIVES | PUSH_MON | FILTHY | UNBREAKABLE_MORALE | VENOM_IMMUNE | SMELLS | PUSH_VEH | ACIDPROOF | FIREPROOF | PUSH_VEH,
monster,mon_zombie_fireproof_grappler,fireproof grappler,dda,dda,missing,,,mon_zombie_base,data/json/monsters/zed_nomex.json,SEES | HEARS | STUMBLES | WARM | GRABS | BASHES | GROUP_BASH | POISON | NO_BREATHE | REVIVES | PUSH_MON | FILTHY | UNBREAKABLE_MORALE | VENOM_IMMUNE | SMELLS | RANGED_ATTACKER | ACIDPROOF | FIREPROOF | RANGED_ATTACKER,
monster,mon_zombie_fungalize,fungal stalk zombie,dda,dda,missing,,,mon_zombie_base,data/json/monsters/fungus_zombie.json,SEES | HEARS | STUMBLES | WARM | GRABS | BASHES | GROUP_BASH | POISON | NO_BREATHE | REVIVES | PUSH_MON | FILTHY | UNBREAKABLE_MORALE | VENOM_IMMUNE | NO_FUNG_DMG,
monster,mon_zombie_hulk_dusted,dusted zombie hulk,dda,dda,missing,,,mon_zombie_base,data/json/monsters/fungus_zombie.json,SEES | HEARS | WARM | GRABS | BASHES | GROUP_BASH | POISON | NO_BREATHE | REVIVES | PUSH_MON | FILTHY | UNBREAKABLE_MORALE | VENOM_IMMUNE | SMELLS | PUSH_VEH | DESTROYS | NO_FUNG_DMG,
monster,mon_zombie_hulk_fungalize,fungal stalk hulk,dda,dda,missing,,,mon_zombie_base,data/json/monsters/fungus_zombie.json,SEES | HEARS | WARM | GRABS | BASHES | GROUP_BASH | POISON | NO_BREATHE | REVIVES | PUSH_MON | FILTHY | UNBREAKABLE_MORALE | VENOM_IMMUNE | SMELLS | PUSH_VEH | DESTROYS | NO_FUNG_DMG,
monster,mon_zombie_inner_cabins_grue,lurking spectre,dda,dda,missing,,,mon_zombie_base,data/json/monsters/cabins_inner.json,SEES | HEARS | WARM | GRABS | BASHES | GROUP_BASH | POISON | NO_BREATHE | REVIVES | PUSH_MON | FILTHY | UNBREAKABLE_MORALE | VENOM_IMMUNE | ALL_SEEING | TRUESIGHT | GOODHEARING | SMELLS | KEENNOSE | DESTROYS | PUSH_VEH | SILENTMOVES | HARDTOSHOOT,
monster,mon_zombie_regenerating_final,regenerating abomination,dda,dda,missing,,,mon_zombie_base,data/json/monsters/zed_misc.json,SEES | HEARS | STUMBLES | WARM | GRABS | BASHES | GROUP_BASH | POISON | NO_BREATHE | REVIVES | PUSH_MON | FILTHY | UNBREAKABLE_MORALE | VENOM_IMMUNE | SMELLS | SMELLS | REVIVES_HEALTHY | NO_NECRO,
monster,mon_zombie_regenerating_hunter,fleshy hunter,dda,dda,missing,,,mon_zombie_base,data/json/monsters/zed_misc.json,SEES | HEARS | STUMBLES | WARM | GRABS | BASHES | GROUP_BASH | POISON | NO_BREATHE | REVIVES | PUSH_MON | FILTHY | UNBREAKABLE_MORALE | VENOM_IMMUNE | SMELLS | SMELLS | REVIVES_HEALTHY | NO_NECRO,
monster,mon_zombie_rot_diseased,zombie plaguebearer,dda,dda,missing,,,mon_zombie_base,data/json/monsters/zed_misc.json,SEES | HEARS | STUMBLES | WARM | GRABS | BASHES | GROUP_BASH | POISON | NO_BREATHE | REVIVES | PUSH_MON | FILTHY | UNBREAKABLE_MORALE | VENOM_IMMUNE,
monster,mon_zombie_rot_dusted,dusted decayed zombie,dda,dda,missing,,,mon_zombie_base,data/json/monsters/fungus_zombie.json,SEES | HEARS | STUMBLES | WARM | GRABS | BASHES | GROUP_BASH | POISON | NO_BREATHE | REVIVES | PUSH_MON | FILTHY | UNBREAKABLE_MORALE | VENOM_IMMUNE | GEN_DORMANT | CLUMSY_ATTACKS | NO_FUNG_DMG,
monster,mon_zombie_rot_fungalize,fungal stalk rotter,dda,dda,missing,,,mon_zombie_base,data/json/monsters/fungus_zombie.json,SEES | HEARS | STUMBLES | WARM | GRABS | BASHES | GROUP_BASH | POISON | NO_BREATHE | REVIVES | PUSH_MON | FILTHY | UNBREAKABLE_MORALE | VENOM_IMMUNE | GEN_DORMANT | CLUMSY_ATTACKS | NO_FUNG_DMG,
monster,mon_zombie_rot_grabber,decayed grasper,dda,dda,missing,,,mon_zombie_base,data/json/monsters/zed_misc.json,SEES | HEARS | STUMBLES | WARM | GRABS | BASHES | GROUP_BASH | POISON | NO_BREATHE | REVIVES | PUSH_MON | FILTHY | UNBREAKABLE_MORALE | VENOM_IMMUNE | GEN_DORMANT,
monster,mon_zombie_runner_dusted,dusted zombie runner,dda,dda,missing,,,mon_zombie_base,data/json/monsters/fungus_zombie.json,SEES | HEARS | STUMBLES | WARM | GRABS | BASHES | GROUP_BASH | POISON | NO_BREATHE | REVIVES | PUSH_MON | FILTHY | UNBREAKABLE_MORALE | VENOM_IMMUNE | CLUMSY_ATTACKS | NO_FUNG_DMG,
monster,mon_zombie_runner_fungalize,fungal stalk runner,dda,dda,missing,,,mon_zombie_base,data/json/monsters/fungus_zombie.json,SEES | HEARS | STUMBLES | WARM | GRABS | BASHES | GROUP_BASH | POISON | NO_BREATHE | REVIVES | PUSH_MON | FILTHY | UNBREAKABLE_MORALE | VENOM_IMMUNE | CLUMSY_ATTACKS | NO_FUNG_DMG,
monster,mon_zombie_scorched_brute,scorched zombie brute,dda,dda,missing,,,mon_zombie_base,data/json/monsters/zed_burned.json,SEES | HEARS | WARM | GRABS | BASHES | GROUP_BASH | POISON | NO_BREATHE | REVIVES | PUSH_MON | FILTHY | UNBREAKABLE_MORALE | VENOM_IMMUNE | SMELLS | PUSH_VEH | REVIVES_HEALTHY | NO_NECRO,
monster,mon_zombie_scorched_lasher,scorched lasher,dda,dda,missing,,,mon_zombie_base,data/json/monsters/zed_burned.json,SEES | HEARS | STUMBLES | WARM | BASHES | GROUP_BASH | POISON | NO_BREATHE | REVIVES | PUSH_MON | FILTHY | UNBREAKABLE_MORALE | VENOM_IMMUNE | REVIVES_HEALTHY | NO_NECRO,
monster,mon_zombie_scorched_rust,scorched zombie,dda,dda,missing,,,mon_zombie_base,data/json/monsters/zed_burned.json,SEES | HEARS | STUMBLES | WARM | GRABS | BASHES | GROUP_BASH | POISON | NO_BREATHE | REVIVES | PUSH_MON | FILTHY | UNBREAKABLE_MORALE | VENOM_IMMUNE | REVIVES_HEALTHY | NO_NECRO | CLUMSY_ATTACKS,
monster,mon_zombie_smoker_dusted,dusted smoker zombie,dda,dda,missing,,,mon_zombie_base,data/json/monsters/fungus_zombie.json,SEES | HEARS | STUMBLES | WARM | GRABS | BASHES | GROUP_BASH | POISON | NO_BREATHE | REVIVES | PUSH_MON | FILTHY | UNBREAKABLE_MORALE | VENOM_IMMUNE | HARDTOSHOOT | NO_FUNG_DMG,
monster,mon_zombie_smoker_fungalize,fungal stalk smoker,dda,dda,missing,,,mon_zombie_base,data/json/monsters/fungus_zombie.json,SEES | HEARS | STUMBLES | WARM | GRABS | BASHES | GROUP_BASH | POISON | NO_BREATHE | REVIVES | PUSH_MON | FILTHY | UNBREAKABLE_MORALE | VENOM_IMMUNE | HARDTOSHOOT | NO_FUNG_DMG,
monster,mon_zombie_soldier_no_weakpoints,zombie soldier test only,dda,dda,missing,,,mon_zombie_base,data/json/monsters/zed_soldiers.json,SEES | HEARS | WARM | GRABS | BASHES | GROUP_BASH | POISON | NO_BREATHE | REVIVES | PUSH_MON | FILTHY | UNBREAKABLE_MORALE | VENOM_IMMUNE | NOT_HALLUCINATION,
monster,mon_zombie_summoner,zombie summoner,dda,dda,missing,,,mon_zombie_base,data/json/monsters/zed_misc.json,SEES | HEARS | WARM | GRABS | BASHES | GROUP_BASH | POISON | NO_BREATHE | REVIVES | PUSH_MON | FILTHY | UNBREAKABLE_MORALE | VENOM_IMMUNE | SMELLS | HAS_MIND | CAN_OPEN_DOORS | PRIORITIZE_TARGETS | NO_FUNG_DMG | PATH_AVOID_DANGER,
monster,mon_zombie_survivor_no_weakpoints,zombie survivor test only,dda,dda,missing,,,mon_zombie_base,data/json/monsters/zed_survivor.json,SEES | HEARS | STUMBLES | WARM | GRABS | BASHES | GROUP_BASH | POISON | NO_BREATHE | REVIVES | PUSH_MON | FILTHY | UNBREAKABLE_MORALE | VENOM_IMMUNE | NOT_HALLUCINATION,
monster,mon_zombie_tough_dusted,dusted tough zombie,dda,dda,missing,,,mon_zombie_base,data/json/monsters/fungus_zombie.json,SEES | HEARS | STUMBLES | WARM | GRABS | BASHES | GROUP_BASH | POISON | NO_BREATHE | REVIVES | PUSH_MON | FILTHY | UNBREAKABLE_MORALE | VENOM_IMMUNE | GEN_DORMANT | CLUMSY_ATTACKS | NO_FUNG_DMG,
monster,mon_zombie_tough_fungalize,fungal stalk bulk,dda,dda,missing,,,mon_zombie_base,data/json/monsters/fungus_zombie.json,SEES | HEARS | STUMBLES | WARM | GRABS | BASHES | GROUP_BASH | POISON | NO_BREATHE | REVIVES | PUSH_MON | FILTHY | UNBREAKABLE_MORALE | VENOM_IMMUNE | GEN_DORMANT | CLUMSY_ATTACKS | NO_FUNG_DMG,
monster,mon_zombie_wretch_dusted,dusted zombie wretch,dda,dda,missing,,,mon_zombie_base,data/json/monsters/fungus_zombie.json,SEES | HEARS | IMMOBILE | WARM | POISON | NO_BREATHE | FILTHY | NO_FUNG_DMG,
monster,mon_zombie_wretch_fungalize,fungal stalk wretch,dda,dda,missing,,,mon_zombie_base,data/json/monsters/fungus_zombie.json,SEES | HEARS | IMMOBILE | WARM | POISON | NO_BREATHE | FILTHY | NO_FUNG_DMG,
monster,mon_zombie_xedra_scarlet_sea,zombie explorer,dda,dda,missing,,,mon_zombie_base,data/json/monsters/scarlet_sea.json,SEES | HEARS | STUMBLES | WARM | GRABS | BASHES | POISON | NO_BREATHE | REVIVES | PUSH_MON | FILTHY | UNBREAKABLE_MORALE | VENOM_IMMUNE,
monster,mon_zomborg_boss_string_dimension,frostbitten zomborg hulk,dda,dda,missing,,,mon_zombie_base,data/json/monsters/string_dimension.json,SEES | HEARS | STUMBLES | WARM | BASHES | GROUP_BASH | POISON | NO_BREATHE | REVIVES | FILTHY | UNBREAKABLE_MORALE | VENOM_IMMUNE | PULP_PRYING,
monster,mon_zombtreefrog,giant zombie treefrog,dda,dda,missing,,,mon_proxy_frog_zombie,data/json/monsters/zed_amphibian.json,SEES | HEARS | SMELLS | KEENNOSE | STUMBLES | GRABS | WARM | BASHES | GROUP_BASH | NO_BREATHE | REVIVES | PUSH_MON | RANGED_ATTACKER | POISON | VENOM_IMMUNE | HARDTOSHOOT | HIT_AND_RUN,
monster,pseudo_weakpoint_mon,weakpoint monster,dda,dda,missing,,,,data/json/monsters/misc.json,IMMOBILE | NOT_HALLUCINATION | FILTHY,
monster,mon_aerial_assassin,aerial assassin,magiclysm,magiclysm,missing,,,,data/mods/Magiclysm/monsters/summoned.json,SEES | HEARS | GOODHEARING | NOHEAD | HARDTOSHOOT | WEBWALK | FLIES | PLASTIC | ACIDPROOF | STUN_IMMUNE | COLDPROOF | BIOLOGICALPROOF | BULLETPROOF | HIT_AND_RUN | NO_BREATHE | NOGIB | PERMANENT_INVISIBILITY,
monster,mon_ankheg,ankheg,magiclysm,magiclysm,missing,,,,data/mods/Magiclysm/monsters/monsters.json,SEES | HEARS | EATS | BASHES | DIGS,
monster,mon_balrog,fiery nightmare,magiclysm,magiclysm,missing,,,,data/mods/Magiclysm/monsters/monsters.json,SEES | WARM | BASHES | DESTROYS | NO_BREATHE | PUSH_MON | PUSH_VEH | FIREY | PATH_AVOID_DANGER,
monster,mon_battle_hologram,hologram,magiclysm,magiclysm,missing,,,,data/mods/Magiclysm/monsters/mics.json,FLIES | SEES | NO_BREATHE | NOT_HALLUCINATION | HARDTOSHOOT | COPY_SUMMONER_LOOK,
monster,mon_brackenwight,brackenwight,magiclysm,magiclysm,missing,,,,data/mods/Magiclysm/monsters/nature_spirits.json,SEES | HEARS | BASHES | DESTROYS | ATTACKMON | NO_BREATHE | PUSH_MON | PUSH_VEH | PATH_AVOID_FIRE,
monster,mon_catoblepas,catoblepas,magiclysm,magiclysm,missing,,,,data/mods/Magiclysm/monsters/monsters.json,SEES | HEARS | SMELLS | KEENNOSE | REVIVES | PATH_AVOID_DANGER | PATH_AVOID_FIRE | WARM,
monster,mon_catoblepas_zombie,zombified catoblepas,magiclysm,magiclysm,missing,,,mon_catoblepas,data/mods/Magiclysm/monsters/zombified_monsters.json,SEES | HEARS | SMELLS | KEENNOSE | WARM | STUMBLES | BASHES | POISON | NO_BREATHE | REVIVES,
monster,mon_dryad,dryad,magiclysm,magiclysm,missing,,,,data/mods/Magiclysm/monsters/nature_spirits.json,SEES | HEARS | BASHES | GROUP_BASH | CAMOUFLAGE | PATH_AVOID_DANGER | NO_BREATHE | PATH_AVOID_FIRE | FLAMMABLE,
monster,mon_earth_gnome,gnome,magiclysm,magiclysm,missing,,,,data/mods/Magiclysm/monsters/nature_spirits.json,SEES | HEARS | NO_BREATHE | BASHES | FIREPROOF | ACIDPROOF | DIGS | STUN_IMMUNE,
monster,mon_electric_demon,electric demon,magiclysm,magiclysm,missing,,,,data/mods/Magiclysm/monsters/monsters.json,SEES | HEARS | NOHEAD | HARDTOSHOOT | FLIES | PRIORITIZE_TARGETS | NO_BREATHE | NOGIB | ATTACKMON | ELECTRIC,
monster,mon_electric_turret,thunder pillar,magiclysm,magiclysm,missing,,,,data/mods/Magiclysm/monsters/monsters.json,SEES | HEARS | NOHEAD | IMMOBILE | FLIES | PRIORITIZE_TARGETS | NO_BREATHE | NOGIB | ATTACKMON | PACIFIST | ELECTRIC,
monster,mon_eshaper_golem,earthshaper's golem,magiclysm,magiclysm,missing,,,,data/mods/Magiclysm/monsters/golems.json,SEES | NO_BREATHE | ACIDPROOF | LOUDMOVES,
monster,mon_eshaper_golem_feral_earthshaper,earthshaper's golem,magiclysm,magiclysm,missing,,,mon_eshaper_golem,data/mods/Magiclysm/monsters/zombified_monsters.json,SEES | NO_BREATHE | ACIDPROOF | LOUDMOVES,
monster,mon_feral_animist,feral animist,magiclysm,magiclysm,missing,,,chud,data/mods/Magiclysm/monsters/feral_wizards.json,SEES | HEARS | SMELLS | WARM | BASHES | GROUP_BASH | HUMAN | CAN_OPEN_DOORS | PATH_AVOID_DANGER | PATH_AVOID_FIRE | PRIORITIZE_TARGETS | EATS | MAGIC_USER,
monster,mon_feral_animist_enhanced,feral high animist,magiclysm,magiclysm,missing,,,chud,data/mods/Magiclysm/monsters/feral_wizards.json,SEES | HEARS | SMELLS | WARM | BASHES | GROUP_BASH | HUMAN | CAN_OPEN_DOORS | PATH_AVOID_DANGER | PATH_AVOID_FIRE | PRIORITIZE_TARGETS | EATS | MAGIC_USER,
monster,mon_feral_druid,feral druid,magiclysm,magiclysm,missing,,,chud,data/mods/Magiclysm/monsters/feral_wizards.json,SEES | HEARS | SMELLS | WARM | BASHES | GROUP_BASH | HUMAN | CAN_OPEN_DOORS | PATH_AVOID_DANGER | PATH_AVOID_FIRE | PRIORITIZE_TARGETS | EATS | MAGIC_USER,
monster,mon_feral_druid_enhanced,feral high druid,magiclysm,magiclysm,missing,,,chud,data/mods/Magiclysm/monsters/feral_wizards.json,SEES | HEARS | SMELLS | WARM | BASHES | GROUP_BASH | HUMAN | CAN_OPEN_DOORS | PATH_AVOID_DANGER | EATS,
monster,mon_feral_earthshaper,feral earthshaper,magiclysm,magiclysm,missing,,,chud,data/mods/Magiclysm/monsters/feral_wizards.json,SEES | HEARS | SMELLS | WARM | BASHES | GROUP_BASH | HUMAN | CAN_OPEN_DOORS | PATH_AVOID_DANGER | PATH_AVOID_FIRE | PRIORITIZE_TARGETS | EATS | MAGIC_USER,
monster,mon_feral_earthshaper_enhanced,feral high earthshaper,magiclysm,magiclysm,missing,,,chud,data/mods/Magiclysm/monsters/feral_wizards.json,SEES | HEARS | SMELLS | WARM | BASHES | GROUP_BASH | HUMAN | CAN_OPEN_DOORS | PATH_AVOID_DANGER | PATH_AVOID_FIRE | PRIORITIZE_TARGETS | EATS | MAGIC_USER,
monster,mon_feral_elf_axe,feral axe-elf,magiclysm,magiclysm,missing,,,chud,data/mods/Magiclysm/monsters/feral_fantasy_species.json,SEES | HEARS | SMELLS | WARM | BASHES | GROUP_BASH | HUMAN | CAN_OPEN_DOORS | PATH_AVOID_DANGER | DROPS_AMMO | WIELDED_WEAPON | EATS | QUIETMOVES,
monster,mon_feral_elf_crowbar,feral elf,magiclysm,magiclysm,missing,,,chud,data/mods/Magiclysm/monsters/feral_fantasy_species.json,SEES | HEARS | SMELLS | WARM | BASHES | GROUP_BASH | HUMAN | CAN_OPEN_DOORS | PATH_AVOID_DANGER | DROPS_AMMO | WIELDED_WEAPON | EATS | QUIETMOVES,
monster,mon_feral_human_magician,feral wizard,magiclysm,magiclysm,missing,,,chud,data/mods/Magiclysm/monsters/feral_wizards.json,SEES | HEARS | SMELLS | WARM | BASHES | GROUP_BASH | HUMAN | CAN_OPEN_DOORS | PATH_AVOID_DANGER | PATH_AVOID_FIRE | PRIORITIZE_TARGETS | EATS | MAGIC_USER,
monster,mon_feral_human_magician_fungal_corpse,feral wizard,magiclysm,magiclysm,missing,,,chud,data/mods/Magiclysm/monsters/zombified_monsters.json,SEES | HEARS | SMELLS | WARM | BASHES | GROUP_BASH | HUMAN | CAN_OPEN_DOORS | PATH_AVOID_DANGER | PATH_AVOID_FIRE | PRIORITIZE_TARGETS | EATS | MAGIC_USER | NO_FUNG_DMG | IMMOBILE,
monster,mon_feral_lab_magician,feral thaumaturgical researcher,magiclysm,magiclysm,missing,,,chud,data/mods/Magiclysm/monsters/feral_wizards.json,SEES | HEARS | SMELLS | WARM | BASHES | GROUP_BASH | HUMAN | CAN_OPEN_DOORS | PATH_AVOID_DANGER | PATH_AVOID_FIRE | PRIORITIZE_TARGETS | EATS | MAGIC_USER,
monster,mon_feral_magus,feral magus,magiclysm,magiclysm,missing,,,chud,data/mods/Magiclysm/monsters/feral_wizards.json,SEES | HEARS | SMELLS | WARM | BASHES | GROUP_BASH | HUMAN | CAN_OPEN_DOORS | PATH_AVOID_DANGER | PATH_AVOID_FIRE | PRIORITIZE_TARGETS | EATS | MAGIC_USER,
monster,mon_feral_magus_enhanced,feral high magus,magiclysm,magiclysm,missing,,,chud,data/mods/Magiclysm/monsters/feral_wizards.json,SEES | HEARS | SMELLS | WARM | BASHES | GROUP_BASH | HUMAN | CAN_OPEN_DOORS | PATH_AVOID_DANGER | PATH_AVOID_FIRE | PRIORITIZE_TARGETS | EATS | MAGIC_USER,
monster,mon_feral_radiation_mage,feral radiation mage,magiclysm,magiclysm,missing,,,chud,data/mods/Magiclysm/monsters/feral_wizards.json,SEES | HEARS | SMELLS | WARM | BASHES | GROUP_BASH | HUMAN | CAN_OPEN_DOORS | PATH_AVOID_DANGER | PATH_AVOID_FIRE | PRIORITIZE_TARGETS | EATS | MAGIC_USER | NO_BREATHE,
monster,mon_feral_ravenfolk,feral ravenfolk,magiclysm,magiclysm,missing,,,chud,data/mods/Magiclysm/monsters/feral_fantasy_species.json,SEES | HEARS | SMELLS | WARM | BASHES | GROUP_BASH | REVIVES | HUMAN | CAN_OPEN_DOORS | PATH_AVOID_DANGER,
monster,mon_feral_stormshaper,feral stormshaper,magiclysm,magiclysm,missing,,,chud,data/mods/Magiclysm/monsters/feral_wizards.json,SEES | HEARS | SMELLS | WARM | BASHES | GROUP_BASH | HUMAN | CAN_OPEN_DOORS | PATH_AVOID_DANGER | PATH_AVOID_FIRE | PRIORITIZE_TARGETS | EATS | MAGIC_USER,
monster,mon_feral_stormshaper_enhanced,feral high stormshaper,magiclysm,magiclysm,missing,,,chud,data/mods/Magiclysm/monsters/feral_wizards.json,SEES | HEARS | SMELLS | WARM | BASHES | GROUP_BASH | HUMAN | CAN_OPEN_DOORS | PATH_AVOID_DANGER | PATH_AVOID_FIRE | PRIORITIZE_TARGETS | EATS | MAGIC_USER,
monster,mon_feral_technomancer,feral technomancer,magiclysm,magiclysm,missing,,,chud,data/mods/Magiclysm/monsters/feral_wizards.json,SEES | HEARS | SMELLS | WARM | BASHES | GROUP_BASH | HUMAN | CAN_OPEN_DOORS | PATH_AVOID_DANGER | PATH_AVOID_FIRE | PRIORITIZE_TARGETS | EATS | MAGIC_USER,
monster,mon_feral_technomancer_enhanced,feral high technomancer,magiclysm,magiclysm,missing,,,chud,data/mods/Magiclysm/monsters/feral_wizards.json,SEES | HEARS | SMELLS | WARM | BASHES | GROUP_BASH | HUMAN | CAN_OPEN_DOORS | PATH_AVOID_DANGER | PATH_AVOID_FIRE | PRIORITIZE_TARGETS | EATS | MAGIC_USER,
monster,mon_feral_wizard_default,feral human,magiclysm,magiclysm,missing,,,chud,data/mods/Magiclysm/monsters/feral_wizards.json,SEES | HEARS | SMELLS | WARM | BASHES | GROUP_BASH | HUMAN | CAN_OPEN_DOORS | PATH_AVOID_DANGER | PATH_AVOID_FIRE | PRIORITIZE_TARGETS | EATS | MAGIC_USER,
monster,mon_giant_heron_ridable,aenor,magiclysm,magiclysm,missing,,,,data/mods/Magiclysm/monsters/domestic.json,SEES | SMELLS | HEARS | GOODHEARING | ANIMAL | PATH_AVOID_DANGER | WARM | HIT_AND_RUN | PET_MOUNTABLE | PET_WONT_FOLLOW | CANPLAY | GROUP_MORALE,
monster,mon_giant_heron_ridable_chick,aenor chick,magiclysm,magiclysm,missing,,,mon_giant_heron_ridable,data/mods/Magiclysm/monsters/domestic.json,SEES | HEARS | GOODHEARING | SMELLS | ANIMAL | PATH_AVOID_DANGER | NO_BREED | WARM | KEENNOSE | CANPLAY,
monster,mon_giant_heron_ridable_zombie,zombified aenor,magiclysm,magiclysm,missing,,,mon_giant_heron_ridable,data/mods/Magiclysm/monsters/zombified_monsters.json,SEES | SMELLS | HEARS | GOODHEARING | ANIMAL | PATH_AVOID_DANGER | WARM | HIT_AND_RUN | PET_MOUNTABLE | PET_WONT_FOLLOW | CANPLAY | GROUP_MORALE | STUMBLES | NO_BREATHE | REVIVES,
monster,mon_goblin_bugbear,bugbear,magiclysm,magiclysm,missing,,,,data/mods/Magiclysm/monsters/goblin.json,SEES | HEARS | HAS_MIND | WARM | BASHES | PATH_AVOID_DANGER | QUIETMOVES | SWARMS | GROUP_MORALE | WIELDED_WEAPON,
monster,mon_goblin_bugbear_stalker,bugbear stalker,magiclysm,magiclysm,missing,,,mon_goblin_bugbear,data/mods/Magiclysm/monsters/goblin.json,SEES | HEARS | HAS_MIND | WARM | BASHES | PATH_AVOID_DANGER | QUIETMOVES | SWARMS | GROUP_MORALE | WIELDED_WEAPON | CAMOUFLAGE | SILENTMOVES,
monster,mon_keeper_of_the_glades,keeper of the glades,magiclysm,magiclysm,missing,,,,data/mods/Magiclysm/monsters/nature_spirits.json,SEES | HEARS | SMELLS | PATH_AVOID_DANGER | DESTROYS | NO_BREATHE | BASHES | PATH_AVOID_FIRE | PET_MOUNTABLE | COMBAT_MOUNT | STUN_IMMUNE,
monster,mon_keeper_of_the_glades_shaman,keeper of the glades,magiclysm,magiclysm,missing,,,mon_keeper_of_the_glades,data/mods/Magiclysm/monsters/summoned.json,SEES | HEARS | SMELLS | PATH_AVOID_DANGER | DESTROYS | NO_BREATHE | BASHES | PATH_AVOID_FIRE | PET_MOUNTABLE | COMBAT_MOUNT | STUN_IMMUNE,
monster,mon_mirror_image_rad_mage,feral radiation mage,magiclysm,magiclysm,missing,,,mon_feral_radiation_mage,data/mods/Magiclysm/monsters/mics.json,FLIES | NO_BREATHE | NOT_HALLUCINATION | HARDTOSHOOT,
monster,mon_nightmare_sheep,hunllef ram,magiclysm,magiclysm,missing,,,,data/mods/Magiclysm/monsters/monsters.json,SEES | HEARS | SMELLS | ANIMAL | PATH_AVOID_DANGER | WARM | PET_WONT_FOLLOW | MILKABLE,
monster,mon_otyugh,otyugh,magiclysm,magiclysm,missing,,,,data/mods/Magiclysm/monsters/monsters.json,SEES | HEARS | SMELLS | GRABS | HAS_MIND | PATH_AVOID_DANGER | PATH_AVOID_FIRE | WARM,
monster,mon_razor_butterflies,razor butterfly,magiclysm,magiclysm,missing,,,,data/mods/Magiclysm/monsters/monsters.json,SEES | HEARS | NOHEAD | HARDTOSHOOT | FLIES | NO_BREATHE | NOGIB | ATTACKMON | STUN_IMMUNE | SWARMS,
monster,mon_rust_monster,rust monster,magiclysm,magiclysm,missing,,,,data/mods/Magiclysm/monsters/monsters.json,SEES | HEARS | SMELLS | ANIMAL | PATH_AVOID_DANGER | WARM,
monster,mon_rust_monster_aggressive,rust monster,magiclysm,magiclysm,missing,,,mon_rust_monster,data/mods/Magiclysm/monsters/monsters.json,SEES | HEARS | SMELLS | ANIMAL | PATH_AVOID_DANGER | WARM,
monster,mon_shambling_mound,shambling mound,magiclysm,magiclysm,missing,,,,data/mods/Magiclysm/migration_and_obsoletion/monsters.json,SEES | HEARS | WARM | HARDTOSHOOT | BASHES | DESTROYS | ATTACKMON | PUSH_MON | PUSH_VEH | PACIFIST,
monster,mon_teravolt,teravolt,magiclysm,magiclysm,missing,,,,data/mods/Magiclysm/monsters/monsters.json,SEES | FLIES | NOHEAD | NO_BREATHE | STUN_IMMUNE | ELECTRIC | HARDTOSHOOT | PRIORITIZE_TARGETS,
monster,mon_treant,treant,magiclysm,magiclysm,missing,,,,data/mods/Magiclysm/monsters/nature_spirits.json,SEES | HEARS | BASHES | DESTROYS | GRABS | ATTACKMON | NO_BREATHE | PUSH_MON | PUSH_VEH | PATH_AVOID_FIRE,
monster,mon_treant_druid,treant,magiclysm,magiclysm,missing,,,mon_treant,data/mods/Magiclysm/monsters/nature_spirits.json,SEES | HEARS | BASHES | DESTROYS | GRABS | ATTACKMON | NO_BREATHE | PUSH_MON | PUSH_VEH | PATH_AVOID_FIRE,
monster,mon_watcher_spirit,watcher spirit,magiclysm,magiclysm,missing,,,,data/mods/Magiclysm/monsters/mics.json,SEES | HEARS | FLIES | PATH_AVOID_DANGER | CAMOUFLAGE | HARDTOSHOOT | NOGIB | NOHEAD | NO_BREATHE,
monster,mon_zombie_disruptor,zombie disruptor,magiclysm,magiclysm,missing,,,mon_zombie_base,data/mods/Magiclysm/monsters/zombies.json,SEES | HEARS | STUMBLES | WARM | GRABS | BASHES | GROUP_BASH | POISON | NO_BREATHE | REVIVES | PUSH_MON | FILTHY | UNBREAKABLE_MORALE | VENOM_IMMUNE,
monster,mon_zombie_elf,zombie elf,magiclysm,magiclysm,missing,,,mon_zombie_base,data/mods/Magiclysm/monsters/zombified_fantasy_species.json,SEES | HEARS | STUMBLES | WARM | GRABS | BASHES | GROUP_BASH | POISON | NO_BREATHE | REVIVES | PUSH_MON | FILTHY | UNBREAKABLE_MORALE | VENOM_IMMUNE | CLUMSY_ATTACKS | QUIETMOVES,
monster,mon_zombie_goblin,zombie goblin,magiclysm,magiclysm,missing,,,mon_zombie_base,data/mods/Magiclysm/monsters/zombified_fantasy_species.json,SEES | HEARS | STUMBLES | WARM | GRABS | BASHES | GROUP_BASH | POISON | NO_BREATHE | REVIVES | PUSH_MON | FILTHY | UNBREAKABLE_MORALE | VENOM_IMMUNE | CLUMSY_ATTACKS,
monster,mon_zombie_levinbolt,levinbolt zombie,magiclysm,magiclysm,missing,,,mon_zombie_base,data/mods/Magiclysm/monsters/zombies.json,SEES | HEARS | STUMBLES | WARM | GRABS | BASHES | GROUP_BASH | POISON | NO_BREATHE | REVIVES | PUSH_MON | FILTHY | UNBREAKABLE_MORALE | VENOM_IMMUNE,
monster,mon_zombie_leyspark,leyspark zombie,magiclysm,magiclysm,missing,,,mon_zombie_base,data/mods/Magiclysm/monsters/zombies.json,SEES | HEARS | STUMBLES | WARM | GRABS | BASHES | GROUP_BASH | POISON | NO_BREATHE | REVIVES | PUSH_MON | FILTHY | UNBREAKABLE_MORALE | VENOM_IMMUNE,
monster,mon_zombie_lizardfolk,zombie lizardfolk,magiclysm,magiclysm,missing,,,mon_zombie_base,data/mods/Magiclysm/monsters/zombified_fantasy_species.json,SEES | HEARS | STUMBLES | WARM | GRABS | BASHES | GROUP_BASH | POISON | NO_BREATHE | REVIVES | PUSH_MON | FILTHY | UNBREAKABLE_MORALE | VENOM_IMMUNE | CLUMSY_ATTACKS,
monster,mon_zombie_magebreaker,magebreaker,magiclysm,magiclysm,missing,,,mon_zombie_base,data/mods/Magiclysm/monsters/zombies.json,SEES | HEARS | STUMBLES | WARM | GRABS | BASHES | GROUP_BASH | POISON | NO_BREATHE | REVIVES | PUSH_MON | FILTHY | UNBREAKABLE_MORALE | VENOM_IMMUNE,
monster,mon_zombie_manastorm,manastorm zombie,magiclysm,magiclysm,missing,,,mon_zombie_base,data/mods/Magiclysm/monsters/zombies.json,SEES | HEARS | STUMBLES | WARM | GRABS | BASHES | GROUP_BASH | POISON | NO_BREATHE | REVIVES | PUSH_MON | FILTHY | UNBREAKABLE_MORALE | VENOM_IMMUNE,
monster,mon_zombie_queller,zombie queller,magiclysm,magiclysm,missing,,,mon_zombie_base,data/mods/Magiclysm/monsters/zombies.json,SEES | HEARS | STUMBLES | WARM | GRABS | BASHES | GROUP_BASH | POISON | NO_BREATHE | REVIVES | PUSH_MON | FILTHY | UNBREAKABLE_MORALE | VENOM_IMMUNE,
monster,mon_zombie_ravenfolk,zombie ravenfolk,magiclysm,magiclysm,missing,,,mon_zombie_base,data/mods/Magiclysm/monsters/zombified_fantasy_species.json,SEES | HEARS | STUMBLES | WARM | GRABS | BASHES | GROUP_BASH | POISON | NO_BREATHE | REVIVES | PUSH_MON | FILTHY | UNBREAKABLE_MORALE | VENOM_IMMUNE | CLUMSY_ATTACKS,
monster,mon_zombie_thaumic,thaumic zombie,magiclysm,magiclysm,missing,,,mon_zombie_base,data/mods/Magiclysm/monsters/zombies.json,SEES | HEARS | STUMBLES | WARM | GRABS | BASHES | GROUP_BASH | POISON | NO_BREATHE | REVIVES | PUSH_MON | FILTHY | UNBREAKABLE_MORALE | VENOM_IMMUNE,
monster,mon_amalgamation_photokinetic_flashbanger,radiant amalgamation,mindovermatter,mindovermatter,missing,,,mon_amalgamation_abstract_small,data/mods/MindOverMatter/monsters/amalgamations.json,SEES | SMELLS | HEARS | PATH_AVOID_DANGER | REVIVES | NO_BREATHE | VENOM_IMMUNE | PHOTOKIN_MONSTER_IMMUNE | FLASHBANGPROOF,
monster,mon_amalgamation_photokinetic_irradiator,phosphorescent amalgamation,mindovermatter,mindovermatter,missing,,,mon_amalgamation_abstract_small,data/mods/MindOverMatter/monsters/amalgamations.json,SEES | SMELLS | HEARS | PATH_AVOID_DANGER | REVIVES | NO_BREATHE | VENOM_IMMUNE | BASHES | GROUP_BASH,
monster,mon_amalgamation_telekinetic_shielder,guardian amalgamation,mindovermatter,mindovermatter,missing,,,mon_amalgamation_abstract_small,data/mods/MindOverMatter/monsters/amalgamations.json,SEES | SMELLS | HEARS | PATH_AVOID_DANGER | REVIVES | NO_BREATHE | VENOM_IMMUNE | KEEP_DISTANCE,
monster,mon_amalgamation_telepathic_distractor,whispering amalgamation,mindovermatter,mindovermatter,missing,,,mon_amalgamation_abstract_small,data/mods/MindOverMatter/monsters/amalgamations.json,SEES | SMELLS | HEARS | PATH_AVOID_DANGER | REVIVES | NO_BREATHE | VENOM_IMMUNE | MIND_SEEING | KEEP_DISTANCE,
monster,mon_amalgamation_vitakinetic_debuffer,enervating amalgamation,mindovermatter,mindovermatter,missing,,,mon_amalgamation_abstract_small,data/mods/MindOverMatter/monsters/amalgamations.json,SEES | SMELLS | HEARS | PATH_AVOID_DANGER | REVIVES | NO_BREATHE | VENOM_IMMUNE | HIT_AND_RUN,
monster,mon_fear_hawk,fear hawk,mindovermatter,mindovermatter,missing,,,,data/mods/MindOverMatter/monsters/animal_psychics.json,SEES | HEARS | SMELLS | PATH_AVOID_DANGER | WARM | FLIES | HIT_AND_RUN,
monster,mon_feral_human_bio,feral adept,mindovermatter,mindovermatter,missing,,,chud,data/mods/MindOverMatter/monsters/feral_psychics.json,SEES | HEARS | SMELLS | WARM | BASHES | GROUP_BASH | HUMAN | CAN_OPEN_DOORS | PATH_AVOID_DANGER | PATH_AVOID_FIRE | PRIORITIZE_TARGETS | EATS,
monster,mon_feral_human_bio2,feral dervish,mindovermatter,mindovermatter,missing,,,chud,data/mods/MindOverMatter/monsters/feral_psychics.json,SEES | HEARS | SMELLS | WARM | BASHES | GROUP_BASH | HUMAN | CAN_OPEN_DOORS | PATH_AVOID_DANGER | PATH_AVOID_FIRE | PRIORITIZE_TARGETS | EATS | STUN_IMMUNE,
monster,mon_feral_human_bio3,human whirlwind,mindovermatter,mindovermatter,missing,,,chud,data/mods/MindOverMatter/monsters/feral_psychics.json,SEES | HEARS | SMELLS | WARM | BASHES | GROUP_BASH | HUMAN | CAN_OPEN_DOORS | PATH_AVOID_DANGER | PATH_AVOID_FIRE | PRIORITIZE_TARGETS | EATS | STUN_IMMUNE | NO_BREATHE,
monster,mon_feral_human_electrokin,feral sparker,mindovermatter,mindovermatter,missing,,,chud,data/mods/MindOverMatter/monsters/feral_psychics.json,SEES | HEARS | SMELLS | WARM | BASHES | GROUP_BASH | HUMAN | CAN_OPEN_DOORS | PATH_AVOID_DANGER | PATH_AVOID_FIRE | PRIORITIZE_TARGETS | EATS,
monster,mon_feral_human_electrokin2,feral dynamo,mindovermatter,mindovermatter,missing,,,chud,data/mods/MindOverMatter/monsters/feral_psychics.json,SEES | HEARS | SMELLS | WARM | BASHES | GROUP_BASH | HUMAN | CAN_OPEN_DOORS | PATH_AVOID_DANGER | PATH_AVOID_FIRE | PRIORITIZE_TARGETS | EATS | ELECTRIC,
monster,mon_feral_human_electrokin3,avatar of the storm,mindovermatter,mindovermatter,missing,,,chud,data/mods/MindOverMatter/monsters/feral_psychics.json,SEES | HEARS | SMELLS | WARM | BASHES | GROUP_BASH | HUMAN | CAN_OPEN_DOORS | PATH_AVOID_DANGER | PATH_AVOID_FIRE | PRIORITIZE_TARGETS | EATS | ELECTRIC_FIELD,
monster,mon_feral_human_photokin,feral radiant,mindovermatter,mindovermatter,missing,,,chud,data/mods/MindOverMatter/monsters/feral_psychics.json,SEES | HEARS | SMELLS | WARM | BASHES | GROUP_BASH | HUMAN | CAN_OPEN_DOORS | PATH_AVOID_DANGER | PATH_AVOID_FIRE | PRIORITIZE_TARGETS | EATS,
monster,mon_feral_human_photokin2,feral beacon,mindovermatter,mindovermatter,missing,,,chud,data/mods/MindOverMatter/monsters/feral_psychics.json,SEES | HEARS | SMELLS | WARM | BASHES | GROUP_BASH | HUMAN | CAN_OPEN_DOORS | PATH_AVOID_DANGER | PATH_AVOID_FIRE | PRIORITIZE_TARGETS | EATS | PHOTOKIN_MONSTER_IMMUNE,
monster,mon_feral_human_photokin3,atom splitter,mindovermatter,mindovermatter,missing,,,chud,data/mods/MindOverMatter/monsters/feral_psychics.json,SEES | HEARS | SMELLS | WARM | BASHES | GROUP_BASH | HUMAN | CAN_OPEN_DOORS | PATH_AVOID_DANGER | PATH_AVOID_FIRE | PRIORITIZE_TARGETS | EATS | PHOTOKIN_MONSTER_IMMUNE,
monster,mon_feral_human_porter,feral jumper,mindovermatter,mindovermatter,missing,,,chud,data/mods/MindOverMatter/monsters/feral_psychics.json,SEES | HEARS | SMELLS | WARM | BASHES | GROUP_BASH | HUMAN | CAN_OPEN_DOORS | PATH_AVOID_DANGER | PATH_AVOID_FIRE | PRIORITIZE_TARGETS | EATS | CLIMBS | HARDTOSHOOT | TELEPORT_IMMUNE | WIELDED_WEAPON,
monster,mon_feral_human_porter3,ephemeral riftwalker,mindovermatter,mindovermatter,missing,,,chud,data/mods/MindOverMatter/monsters/feral_psychics.json,SEES | HEARS | SMELLS | WARM | BASHES | GROUP_BASH | HUMAN | CAN_OPEN_DOORS | PATH_AVOID_DANGER | PATH_AVOID_FIRE | PRIORITIZE_TARGETS | EATS | CLIMBS | HARDTOSHOOT | TELEPORT_IMMUNE,
monster,mon_feral_human_teep,feral esper,mindovermatter,mindovermatter,missing,,,chud,data/mods/MindOverMatter/monsters/feral_psychics.json,SEES | HEARS | SMELLS | WARM | BASHES | GROUP_BASH | HUMAN | CAN_OPEN_DOORS | PATH_AVOID_DANGER | PATH_AVOID_FIRE | PRIORITIZE_TARGETS | EATS,
monster,mon_feral_human_teep2,feral brainburner,mindovermatter,mindovermatter,missing,,,chud,data/mods/MindOverMatter/monsters/feral_psychics.json,SEES | HEARS | SMELLS | WARM | BASHES | GROUP_BASH | HUMAN | CAN_OPEN_DOORS | PATH_AVOID_DANGER | PATH_AVOID_FIRE | PRIORITIZE_TARGETS | EATS | TEEP_IMMUNE,
monster,mon_feral_human_teep3,instiller of nightmares,mindovermatter,mindovermatter,missing,,,chud,data/mods/MindOverMatter/monsters/feral_psychics.json,SEES | HEARS | SMELLS | WARM | BASHES | GROUP_BASH | HUMAN | CAN_OPEN_DOORS | PATH_AVOID_DANGER | PATH_AVOID_FIRE | PRIORITIZE_TARGETS | EATS | TEEP_IMMUNE,
monster,mon_feral_human_telekin2,feral mindhand,mindovermatter,mindovermatter,missing,,,chud,data/mods/MindOverMatter/monsters/feral_psychics.json,SEES | HEARS | SMELLS | WARM | BASHES | GROUP_BASH | HUMAN | CAN_OPEN_DOORS | PATH_AVOID_DANGER | PATH_AVOID_FIRE | PRIORITIZE_TARGETS | EATS | CLIMBS | PUSH_VEH | PUSH_MON,
monster,mon_feral_human_telekin3,unstoppable force,mindovermatter,mindovermatter,missing,,,chud,data/mods/MindOverMatter/monsters/feral_psychics.json,SEES | HEARS | SMELLS | WARM | BASHES | GROUP_BASH | HUMAN | CAN_OPEN_DOORS | PATH_AVOID_DANGER | PATH_AVOID_FIRE | PRIORITIZE_TARGETS | EATS | FLIES | PUSH_VEH | PUSH_MON,
monster,mon_feral_human_vita2,feral regenerator,mindovermatter,mindovermatter,missing,,,chud,data/mods/MindOverMatter/monsters/feral_psychics.json,SEES | HEARS | SMELLS | WARM | BASHES | GROUP_BASH | HUMAN | CAN_OPEN_DOORS | PATH_AVOID_DANGER | PATH_AVOID_FIRE | PRIORITIZE_TARGETS | EATS | NO_FUNG_DMG | WIELDED_WEAPON,
monster,mon_feral_human_vita3,font of vitality,mindovermatter,mindovermatter,missing,,,chud,data/mods/MindOverMatter/monsters/feral_psychics.json,SEES | HEARS | SMELLS | WARM | BASHES | GROUP_BASH | HUMAN | CAN_OPEN_DOORS | PATH_AVOID_DANGER | PATH_AVOID_FIRE | PRIORITIZE_TARGETS | EATS | NO_FUNG_DMG | WIELDED_WEAPON,
monster,mon_feral_human_vita3_revived,font of vitality,mindovermatter,mindovermatter,missing,,,chud,data/mods/MindOverMatter/monsters/feral_psychics.json,SEES | HEARS | SMELLS | WARM | BASHES | GROUP_BASH | HUMAN | CAN_OPEN_DOORS | PATH_AVOID_DANGER | PATH_AVOID_FIRE | PRIORITIZE_TARGETS | EATS | NO_FUNG_DMG | WIELDED_WEAPON,
monster,mon_feral_psion_default,feral human,mindovermatter,mindovermatter,missing,,,chud,data/mods/MindOverMatter/monsters/feral_psychics.json,SEES | HEARS | SMELLS | WARM | BASHES | GROUP_BASH | HUMAN | CAN_OPEN_DOORS | PATH_AVOID_DANGER | PATH_AVOID_FIRE | PRIORITIZE_TARGETS | EATS,
monster,mon_hanging_roper_lab_devourer,hanging roper,mindovermatter,mindovermatter,missing,,,mon_hanging_roper,data/mods/MindOverMatter/monsters/monster_faction_variants.json,SEES | SMELLS | HEARS | WARM | IMMOBILE | ANIMAL,
monster,mon_nether_leech_lab_devourer,strange leech,mindovermatter,mindovermatter,missing,,,mon_larva_abstract,data/mods/MindOverMatter/monsters/monster_faction_variants.json,SMELLS,
monster,mon_pigeon_passenger,pigeon passenger,mindovermatter,mindovermatter,missing,,,mon_bird_flying_base,data/mods/MindOverMatter/monsters/animal_psychics.json,SEES | HEARS | ANIMAL | PATH_AVOID_DANGER | WARM | FLIES | SWARMS | CANPLAY | PET_WONT_FOLLOW | SMALL_HIDER | KEEP_DISTANCE | HARDTOSHOOT,
monster,mon_pigeon_passenger_chick,brown chick,mindovermatter,mindovermatter,missing,,,mon_generic_chick,data/mods/MindOverMatter/monsters/animal_psychics.json,SEES | HEARS | ANIMAL | PATH_AVOID_DANGER | PATH_AVOID_FIRE | WARM | SWARMS | CAN_BE_CULLED | CANPLAY | SMALL_HIDER,
monster,mon_wild_rabbit_blinker_baby,hopalong kit,mindovermatter,mindovermatter,missing,,,mon_rabbit_baby,data/mods/MindOverMatter/monsters/animal_psychics.json,SEES | HEARS | SMELLS | ANIMAL | PATH_AVOID_DANGER | PET_WONT_FOLLOW | WARM | CAN_BE_CULLED | GOODHEARING | EATS | SMALL_HIDER,
monster,mon_zombie_blank,zombie blank,mindovermatter,mindovermatter,missing,,,mon_zombie_base,data/mods/MindOverMatter/monsters/zombies.json,SEES | HEARS | STUMBLES | WARM | GRABS | BASHES | GROUP_BASH | POISON | NO_BREATHE | REVIVES | PUSH_MON | FILTHY | UNBREAKABLE_MORALE | VENOM_IMMUNE | FIREPROOF | ENERVATE_IMMUNE | PHOTOKIN_MONSTER_IMMUNE | TELEPORT_IMMUNE | TEEP_IMMUNE | TELEKIN_IMMUNE | TELEKIN_PUSH_PULL_IMMUNE,
monster,mon_zombie_concentration_ender,zombie breaker,mindovermatter,mindovermatter,missing,,,mon_zombie_base,data/mods/MindOverMatter/monsters/zombies.json,SEES | HEARS | STUMBLES | WARM | GRABS | BASHES | GROUP_BASH | POISON | NO_BREATHE | REVIVES | PUSH_MON | FILTHY | UNBREAKABLE_MORALE | VENOM_IMMUNE | FIREPROOF | ENERVATE_IMMUNE | PHOTOKIN_MONSTER_IMMUNE | TELEPORT_IMMUNE | TEEP_IMMUNE | TELEKIN_IMMUNE | TELEKIN_PUSH_PULL_IMMUNE,
monster,mon_zombie_nullpsi,zombie null,mindovermatter,mindovermatter,missing,,,mon_zombie_base,data/mods/MindOverMatter/monsters/zombies.json,SEES | HEARS | STUMBLES | WARM | GRABS | BASHES | GROUP_BASH | POISON | NO_BREATHE | REVIVES | PUSH_MON | FILTHY | UNBREAKABLE_MORALE | VENOM_IMMUNE | FIREPROOF | ENERVATE_IMMUNE | PHOTOKIN_MONSTER_IMMUNE | TELEPORT_IMMUNE | TEEP_IMMUNE | TELEKIN_IMMUNE | TELEKIN_PUSH_PULL_IMMUNE,
monster,mon_zombie_psi_void,nether-void,mindovermatter,mindovermatter,missing,,,mon_zombie_base,data/mods/MindOverMatter/monsters/zombies.json,SEES | HEARS | STUMBLES | WARM | GRABS | BASHES | GROUP_BASH | POISON | NO_BREATHE | REVIVES | PUSH_MON | FILTHY | UNBREAKABLE_MORALE | VENOM_IMMUNE | CLIMBS | SLUDGEPROOF | PUSH_MON | PRIORITIZE_TARGETS | FIREPROOF | ENERVATE_IMMUNE | PHOTOKIN_MONSTER_IMMUNE | TELEPORT_IMMUNE | TEEP_IMMUNE | TELEKIN_IMMUNE | TELEKIN_PUSH_PULL_IMMUNE,
monster,mon_zombie_pupating_psi,pupating blank,mindovermatter,mindovermatter,missing,,,mon_zombie_base,data/mods/MindOverMatter/monsters/zombies.json,SEES | HEARS | STUMBLES | WARM | GRABS | BASHES | GROUP_BASH | POISON | NO_BREATHE | REVIVES | PUSH_MON | FILTHY | UNBREAKABLE_MORALE | VENOM_IMMUNE | CLUMSY_ATTACKS | GEN_DORMANT | SMALLSLUDGETRAIL | SLUDGEPROOF | ENERVATE_IMMUNE | PHOTOKIN_MONSTER_IMMUNE | TELEPORT_IMMUNE | TEEP_IMMUNE | TELEKIN_IMMUNE | TELEKIN_PUSH_PULL_IMMUNE,
monster,mon_bat_giant,giant vampire bat,xedra_evolved,xedra_evolved,missing,,,,data/mods/Xedra_Evolved/monsters/bloodsuckers.json,SEES | SMELLS | HEARS | GOODHEARING | WARM | FLIES | HIT_AND_RUN | ANIMAL | PATH_AVOID_DANGER,
monster,mon_beneficial_polymorph_arion,Νυκτίππος,xedra_evolved,xedra_evolved,missing,,,,data/mods/Xedra_Evolved/monsters/bloodsuckers.json,SEES | HEARS | SMELLS | ANIMAL | PET_WONT_FOLLOW | PET_MOUNTABLE | PATH_AVOID_DANGER | WARM | EATS | COMBAT_MOUNT,
monster,mon_boomer_monochrome,monochrome boomer,xedra_evolved,xedra_evolved,missing,,,mon_zombie_base,data/mods/Xedra_Evolved/monsters/zombies.json,SEES | HEARS | STUMBLES | WARM | GRABS | BASHES | GROUP_BASH | POISON | NO_BREATHE | REVIVES | PUSH_MON | FILTHY | UNBREAKABLE_MORALE | VENOM_IMMUNE | BILE_BLOOD | STABILIZED_TIMELINE,
monster,mon_cracked_mirror,overgrown and cracked mirror,xedra_evolved,xedra_evolved,missing,,,,data/mods/Xedra_Evolved/monsters/changeling.json,SEES | SMELLS | STUMBLES | WARM | BASHES | GROUP_BASH | POISON | NO_BREATHE | PUSH_MON | FILTHY,
monster,mon_deathworm,Olgoi-khorkhoi,xedra_evolved,xedra_evolved,missing,,,,data/mods/Xedra_Evolved/monsters/cryptids.json,SEES | HEARS | SMELLS | BASHES | DIGS | POISON | NO_BREATHE | PUSH_MON | ACIDPROOF | ACID_BLOOD | RANGED_ATTACKER,
monster,mon_dream_shadowman,quickling shadow,xedra_evolved,xedra_evolved,missing,,,,data/mods/Xedra_Evolved/monsters/dream_wound_monsters.json,SEES | HEARS | GOODHEARING | SMELLS | NOHEAD | HARDTOSHOOT | WEBWALK | FLIES | PLASTIC | ELECTRIC | ACIDPROOF | HIT_AND_RUN | NO_BREATHE | NIGHT_INVISIBILITY | NOGIB,
monster,mon_elemental_saraph,saraph,xedra_evolved,xedra_evolved,missing,,,,data/mods/Xedra_Evolved/monsters/elementals.json,SEES | INFRARED_VISION | HEARS | SMELLS | BADVENOM | FAE_CREATURE | HARDTOSHOOT | FIREY | KEENNOSE | CLIMBS | PATH_AVOID_DANGER | ANIMAL | FLIES,
monster,mon_endless_snake,endless snake,xedra_evolved,xedra_evolved,missing,,,,data/mods/Xedra_Evolved/monsters/nightmares_and_chimeras.json,SEES | HEARS | NO_BREATHE,
monster,mon_feral_xe_dreamer,feral dreamer,xedra_evolved,xedra_evolved,missing,,,chud,data/mods/Xedra_Evolved/monsters/ferals.json,SEES | HEARS | SMELLS | WARM | BASHES | GROUP_BASH | HUMAN | CAN_OPEN_DOORS | PATH_AVOID_DANGER | PATH_AVOID_FIRE | PRIORITIZE_TARGETS | EATS,
monster,mon_frozen_daemon,frozen daemon,xedra_evolved,xedra_evolved,missing,,,,data/mods/Xedra_Evolved/monsters/daemons.json,SEES | SMELLS | HEARS | WARM | HAS_MIND | BASHES | NO_BREATHE | PATH_AVOID_DANGER | PRIORITIZE_TARGETS | CORNERED_FIGHTER | COLDPROOF | BIOLOGICALPROOF | UNBREAKABLE_MORALE,
monster,mon_luna_attuned_revenant,Luna-Attuned Revenant,xedra_evolved,xedra_evolved,missing,,,,data/mods/Xedra_Evolved/monsters/monster.json,SEES | HEARS | BASHES | GROUP_BASH | HUMAN | FAE_CREATURE | CAN_OPEN_DOORS | PATH_AVOID_DANGER | ALL_SEEING | SUNDEATH,
monster,mon_melian_mantis_mount,Melian mantis stallion,xedra_evolved,xedra_evolved,missing,,,,data/mods/Xedra_Evolved/monsters/changeling.json,SEES | HEARS | CLIMBS | FAE_CREATURE | PATH_AVOID_FIRE | PET_WONT_FOLLOW | PET_MOUNTABLE | PATH_AVOID_FALL | COMBAT_MOUNT | INSECTICIDEPROOF,
monster,mon_negative_polymorph_arion,δαίμων ἵππος,xedra_evolved,xedra_evolved,missing,,,,data/mods/Xedra_Evolved/monsters/bloodsuckers.json,SEES | HEARS | SMELLS | ANIMAL | PET_WONT_FOLLOW | PET_MOUNTABLE | PATH_AVOID_DANGER | WARM | EATS,
monster,mon_renfield_bionic_monster,cyber-renfield,xedra_evolved,xedra_evolved,missing,,,,data/mods/Xedra_Evolved/monsters/bloodsuckers.json,SEES | HEARS | BASHES | GROUP_BASH | PUSH_MON | ELECTRONIC | WARM | HUMAN | PATH_AVOID_DANGER | PRIORITIZE_TARGETS,
monster,mon_salamagman_large,salamagman champion,xedra_evolved,xedra_evolved,missing,,,,data/mods/Xedra_Evolved/monsters/elementals.json,SEES | HEARS | WARM | BASHES | PATH_AVOID_DANGER | PATH_AVOID_FALL | FIREPROOF,
monster,mon_salamagman_warlord_butterfly,salamagman warlord,xedra_evolved,xedra_evolved,missing,,,,data/mods/Xedra_Evolved/monsters/elementals.json,SEES | HEARS | WARM | BASHES | FLIES | PATH_AVOID_DANGER | PATH_AVOID_FALL | FIREPROOF,
monster,mon_salamander_firebird,firebird,xedra_evolved,xedra_evolved,missing,,,,data/mods/Xedra_Evolved/monsters/elementals.json,SEES | INFRARED_VISION | HEARS | SMELLS | ANIMAL | PATH_AVOID_DANGER | FLIES | WARM | FIREY | SWARMS,
monster,mon_spider_disease,shimmering spider,xedra_evolved,xedra_evolved,missing,,,,data/mods/Xedra_Evolved/monsters/monster.json,SEES | SMELLS | HEARS | WEBWALK | CLIMBS | PATH_AVOID_FIRE | PATH_AVOID_FALL,
monster,mon_spined_daemon,spined daemon,xedra_evolved,xedra_evolved,missing,,,,data/mods/Xedra_Evolved/monsters/daemons.json,SEES | SMELLS | HEARS | WARM | HAS_MIND | BASHES | NO_BREATHE | PATH_AVOID_DANGER | PRIORITIZE_TARGETS | CORNERED_FIGHTER | UNBREAKABLE_MORALE,
monster,mon_tentacle_daemon,tentacled daemon,xedra_evolved,xedra_evolved,missing,,,,data/mods/Xedra_Evolved/monsters/daemons.json,SEES | HEARS | HAS_MIND | BASHES | DESTROYS | PATH_AVOID_DANGER | NO_BREATHE | CAN_DIG | PUSH_VEH,
monster,mon_thornhound,Thornhound,xedra_evolved,xedra_evolved,missing,,,,data/mods/Xedra_Evolved/monsters/bloodthorne.json,SEES | HEARS | GOODHEARING | DESTROYS | ATTACKMON | NO_BREATHE | SLUDGEPROOF | STUN_IMMUNE | PATH_AVOID_FIRE,
monster,mon_twin,twin,xedra_evolved,xedra_evolved,missing,,,,data/mods/Xedra_Evolved/monsters/nightmares_and_chimeras.json,FLIES | NO_BREATHE | NOT_HALLUCINATION | HARDTOSHOOT | COPY_SUMMONER_LOOK,
monster,mon_vampire_bat,vampire bat,xedra_evolved,xedra_evolved,missing,,,,data/mods/Xedra_Evolved/monsters/bloodsuckers.json,SEES | SMELLS | HEARS | GOODHEARING | WARM | FLIES | ANIMAL | PATH_AVOID_DANGER | HIT_AND_RUN,
monster,mon_vampire_feral,wight,xedra_evolved,xedra_evolved,missing,,,mon_vampire_generic,data/mods/Xedra_Evolved/monsters/bloodsuckers.json,SEES | HEARS | SMELLS | HAS_MIND | GRABS | WARM | BASHES | REVIVES | PUSH_MON | VAMP_VIRUS | FILTHY | KEENNOSE,
monster,mon_zombie_monochrome,monochrome zombie,xedra_evolved,xedra_evolved,missing,,,mon_zombie_base,data/mods/Xedra_Evolved/monsters/zombies.json,SEES | HEARS | STUMBLES | WARM | GRABS | BASHES | GROUP_BASH | POISON | NO_BREATHE | REVIVES | PUSH_MON | FILTHY | UNBREAKABLE_MORALE | VENOM_IMMUNE,
monster,mon_zombie_monochrome_2,distorted zombie,xedra_evolved,xedra_evolved,missing,,,mon_zombie_base,data/mods/Xedra_Evolved/monsters/zombies.json,SEES | HEARS | STUMBLES | WARM | GRABS | BASHES | GROUP_BASH | POISON | NO_BREATHE | REVIVES | PUSH_MON | FILTHY | UNBREAKABLE_MORALE | VENOM_IMMUNE | PULP_PRYING | STABILIZED_TIMELINE,
monster,mon_zombie_monochrome_3,zombie timewound,xedra_evolved,xedra_evolved,missing,,,mon_zombie_base,data/mods/Xedra_Evolved/monsters/zombies.json,SEES | HEARS | STUMBLES | WARM | GRABS | BASHES | GROUP_BASH | POISON | NO_BREATHE | REVIVES | PUSH_MON | FILTHY | UNBREAKABLE_MORALE | VENOM_IMMUNE | STABILIZED_TIMELINE | PULP_PRYING,
monster,xe_mon_bat,bat,xedra_evolved,xedra_evolved,missing,,,,data/mods/Xedra_Evolved/monsters/bloodsuckers.json,SEES | SMELLS | HEARS | GOODHEARING | WARM | FLIES | ANIMAL | PATH_AVOID_DANGER,
overmap,closetland_nether_glass,Endless crystal,bombastic_perks,bombastic_perks,missing,,,,data/mods/BombasticPerks/perkdata/perk_regions_and_mapgen/Closetland.json,NO_ROTATE,
overmap,perk_closetland_closet_area,Closetland,bombastic_perks,bombastic_perks,missing,,,,data/mods/BombasticPerks/perkdata/perk_regions_and_mapgen/Closetland.json,NO_ROTATE,
overmap,perk_closetland_closet_area_roof,The roof,bombastic_perks,bombastic_perks,missing,,,,data/mods/BombasticPerks/perkdata/perk_regions_and_mapgen/Closetland.json,NO_ROTATE,
overmap,GMLODGE1_1,Militia Lodge,dda,dda,missing,,,,data/json/overmap/overmap_terrain/overmap_terrain_militia.json,,
overmap,GMLODGE1_2,Militia Lodge,dda,dda,missing,,,,data/json/overmap/overmap_terrain/overmap_terrain_militia.json,,
overmap,GMLODGE1_3,Militia Lodge,dda,dda,missing,,,,data/json/overmap/overmap_terrain/overmap_terrain_militia.json,,
overmap,GMLODGE1_4,Militia Lodge,dda,dda,missing,,,,data/json/overmap/overmap_terrain/overmap_terrain_militia.json,,
overmap,GMLODGE2_1,Militia Lodge,dda,dda,missing,,,,data/json/overmap/overmap_terrain/overmap_terrain_militia.json,,
overmap,GMLODGE2_2,Militia Lodge,dda,dda,missing,,,,data/json/overmap/overmap_terrain/overmap_terrain_militia.json,,
overmap,GMLODGE2_2_2,Militia Lodge,dda,dda,missing,,,,data/json/overmap/overmap_terrain/overmap_terrain_militia.json,,
overmap,GMLODGE2_3,Militia Lodge,dda,dda,missing,,,,data/json/overmap/overmap_terrain/overmap_terrain_militia.json,,
overmap,GMLODGE2_3_2,Militia Lodge,dda,dda,missing,,,,data/json/overmap/overmap_terrain/overmap_terrain_militia.json,,
overmap,GMLODGE2_4,Militia Lodge,dda,dda,missing,,,,data/json/overmap/overmap_terrain/overmap_terrain_militia.json,,
overmap,GMLODGE2_roof_2,Militia Lodge,dda,dda,missing,,,,data/json/overmap/overmap_terrain/overmap_terrain_militia.json,,
overmap,GMLODGE2_roof_3,Militia Lodge,dda,dda,missing,,,,data/json/overmap/overmap_terrain/overmap_terrain_militia.json,,
overmap,GMLODGE3_1,Militia Lodge,dda,dda,missing,,,,data/json/overmap/overmap_terrain/overmap_terrain_militia.json,,
overmap,GMLODGE3_2,Militia Lodge,dda,dda,missing,,,,data/json/overmap/overmap_terrain/overmap_terrain_militia.json,,
overmap,GMLODGE3_2_2,Militia Lodge,dda,dda,missing,,,,data/json/overmap/overmap_terrain/overmap_terrain_militia.json,,
overmap,GMLODGE3_3,Militia Lodge,dda,dda,missing,,,,data/json/overmap/overmap_terrain/overmap_terrain_militia.json,,
overmap,GMLODGE3_3_2,Militia Lodge,dda,dda,missing,,,,data/json/overmap/overmap_terrain/overmap_terrain_militia.json,,
overmap,GMLODGE3_4,Militia Lodge,dda,dda,missing,,,,data/json/overmap/overmap_terrain/overmap_terrain_militia.json,,
overmap,GMLODGE3_roof_2,Militia Lodge,dda,dda,missing,,,,data/json/overmap/overmap_terrain/overmap_terrain_militia.json,,
overmap,GMLODGE3_roof_3,Militia Lodge,dda,dda,missing,,,,data/json/overmap/overmap_terrain/overmap_terrain_militia.json,,
overmap,GMLODGE4_1,Militia Lodge,dda,dda,missing,,,,data/json/overmap/overmap_terrain/overmap_terrain_militia.json,,
overmap,GMLODGE4_2,Militia Lodge,dda,dda,missing,,,,data/json/overmap/overmap_terrain/overmap_terrain_militia.json,,
overmap,GMLODGE4_3,Militia Lodge,dda,dda,missing,,,,data/json/overmap/overmap_terrain/overmap_terrain_militia.json,,
overmap,GMLODGE4_4,Militia Lodge,dda,dda,missing,,,,data/json/overmap/overmap_terrain/overmap_terrain_militia.json,,
overmap,LIXA_device_1,LIXA device floor,dda,dda,missing,,,,data/json/overmap/overmap_terrain/overmap_terrain_LIXA.json,NO_ROTATE,
overmap,LIXA_device_2,LIXA device floor,dda,dda,missing,,,,data/json/overmap/overmap_terrain/overmap_terrain_LIXA.json,NO_ROTATE,
overmap,LIXA_device_2_roof,LIXA device floor,dda,dda,missing,,,,data/json/overmap/overmap_terrain/overmap_terrain_LIXA.json,NO_ROTATE,
overmap,LIXA_device_3,LIXA device floor,dda,dda,missing,,,,data/json/overmap/overmap_terrain/overmap_terrain_LIXA.json,NO_ROTATE,
overmap,LIXA_device_3_roof,LIXA device floor,dda,dda,missing,,,,data/json/overmap/overmap_terrain/overmap_terrain_LIXA.json,NO_ROTATE,
overmap,LIXA_device_unfolded_A,unfolded space,dda,dda,missing,,,,data/json/overmap/overmap_terrain/overmap_terrain_LIXA.json,NO_ROTATE,
overmap,LIXA_device_unfolded_B,unfolded space,dda,dda,missing,,,,data/json/overmap/overmap_terrain/overmap_terrain_LIXA.json,NO_ROTATE,
overmap,LIXA_device_unfolded_noaccess,unfolded space,dda,dda,missing,,,,data/json/overmap/overmap_terrain/overmap_terrain_LIXA.json,NO_ROTATE,
overmap,LIXA_entry_1,research facility gate,dda,dda,missing,,,,data/json/overmap/overmap_terrain/overmap_terrain_LIXA.json,NO_ROTATE,
overmap,LIXA_entry_2,research facility gate,dda,dda,missing,,,,data/json/overmap/overmap_terrain/overmap_terrain_LIXA.json,NO_ROTATE,
overmap,LIXA_road_guard,research facility checkpoint,dda,dda,missing,,,,data/json/overmap/overmap_terrain/overmap_terrain_LIXA.json,NO_ROTATE,
overmap,LIXA_road_guard_roof,research facility checkpoint,dda,dda,missing,,,,data/json/overmap/overmap_terrain/overmap_terrain_LIXA.json,NO_ROTATE,
overmap,LIXA_roof_1a,research facility roof,dda,dda,missing,,,,data/json/overmap/overmap_terrain/overmap_terrain_LIXA.json,NO_ROTATE,
overmap,LIXA_roof_1b,research facility roof,dda,dda,missing,,,,data/json/overmap/overmap_terrain/overmap_terrain_LIXA.json,NO_ROTATE,
overmap,LIXA_roof_2a,research facility roof,dda,dda,missing,,,,data/json/overmap/overmap_terrain/overmap_terrain_LIXA.json,NO_ROTATE,
overmap,LIXA_roof_2b,research facility roof,dda,dda,missing,,,,data/json/overmap/overmap_terrain/overmap_terrain_LIXA.json,NO_ROTATE,
overmap,LIXA_stairshaft_1a,LIXA experiment floor access,dda,dda,missing,,,,data/json/overmap/overmap_terrain/overmap_terrain_LIXA.json,NO_ROTATE,
overmap,LIXA_stairshaft_1b,LIXA experiment floor access,dda,dda,missing,,,,data/json/overmap/overmap_terrain/overmap_terrain_LIXA.json,NO_ROTATE,
overmap,LIXA_stairshaft_1c,LIXA experiment floor access,dda,dda,missing,,,,data/json/overmap/overmap_terrain/overmap_terrain_LIXA.json,NO_ROTATE,
overmap,LIXA_stairshaft_1d,LIXA experiment floor access,dda,dda,missing,,,,data/json/overmap/overmap_terrain/overmap_terrain_LIXA.json,NO_ROTATE,
overmap,LIXA_stairshaft_2a,LIXA experiment floor access,dda,dda,missing,,,,data/json/overmap/overmap_terrain/overmap_terrain_LIXA.json,NO_ROTATE,
overmap,LIXA_stairshaft_2b,LIXA experiment floor access,dda,dda,missing,,,,data/json/overmap/overmap_terrain/overmap_terrain_LIXA.json,NO_ROTATE,
overmap,LIXA_stairshaft_2c,LIXA experiment floor access,dda,dda,missing,,,,data/json/overmap/overmap_terrain/overmap_terrain_LIXA.json,NO_ROTATE,
overmap,LIXA_stairshaft_2d,LIXA experiment floor access,dda,dda,missing,,,,data/json/overmap/overmap_terrain/overmap_terrain_LIXA.json,NO_ROTATE,
overmap,LIXA_surface_1a,research facility,dda,dda,missing,,,,data/json/overmap/overmap_terrain/overmap_terrain_LIXA.json,NO_ROTATE,
overmap,LIXA_surface_1b,research facility,dda,dda,missing,,,,data/json/overmap/overmap_terrain/overmap_terrain_LIXA.json,NO_ROTATE,
overmap,LIXA_surface_2a,research facility,dda,dda,missing,,,,data/json/overmap/overmap_terrain/overmap_terrain_LIXA.json,NO_ROTATE,
overmap,LIXA_surface_2b,research facility,dda,dda,missing,,,,data/json/overmap/overmap_terrain/overmap_terrain_LIXA.json,NO_ROTATE,
overmap,LIXA_workfloor_1a,LIXA research floor,dda,dda,missing,,,,data/json/overmap/overmap_terrain/overmap_terrain_LIXA.json,NO_ROTATE,
overmap,LIXA_workfloor_1b,LIXA research floor,dda,dda,missing,,,,data/json/overmap/overmap_terrain/overmap_terrain_LIXA.json,NO_ROTATE,
overmap,LIXA_workfloor_2a,LIXA research floor,dda,dda,missing,,,,data/json/overmap/overmap_terrain/overmap_terrain_LIXA.json,NO_ROTATE,
overmap,LIXA_workfloor_2b,LIXA research floor,dda,dda,missing,,,,data/json/overmap/overmap_terrain/overmap_terrain_LIXA.json,NO_ROTATE,
overmap,TreeFarm_1a_roof,tree farm,dda,dda,missing,,,,data/json/overmap/overmap_terrain/overmap_terrain_recreational.json,,
overmap,acid_ants,ant tunnel,dda,dda,missing,,,,data/json/overmap/overmap_terrain/overmap_terrain_ants.json,LINEAR,
overmap,acid_ants_food,ant food storage,dda,dda,missing,,,,data/json/overmap/overmap_terrain/overmap_terrain_ants.json,,
overmap,acid_ants_fungus_colony,ant fungus colony,dda,dda,missing,,,acid_ants_food,data/json/overmap/overmap_terrain/overmap_terrain_ants.json,,
overmap,aircraft_carrier_10a,aircraft carrier,dda,dda,missing,,,,data/json/overmap/overmap_terrain/overmap_terrain_aircraft_carrier.json,RISK_EXTREME | LAKE,
overmap,aircraft_carrier_10a_-1,aircraft carrier,dda,dda,missing,,,,data/json/overmap/overmap_terrain/overmap_terrain_aircraft_carrier.json,RISK_EXTREME | LAKE,
overmap,aircraft_carrier_10a_1,aircraft carrier,dda,dda,missing,,,,data/json/overmap/overmap_terrain/overmap_terrain_aircraft_carrier.json,RISK_EXTREME | LAKE,
overmap,aircraft_carrier_10a_2,aircraft carrier,dda,dda,missing,,,,data/json/overmap/overmap_terrain/overmap_terrain_aircraft_carrier.json,RISK_EXTREME | LAKE,
overmap,aircraft_carrier_10b,aircraft carrier,dda,dda,missing,,,,data/json/overmap/overmap_terrain/overmap_terrain_aircraft_carrier.json,RISK_EXTREME | LAKE,
overmap,aircraft_carrier_10b_-1,aircraft carrier,dda,dda,missing,,,,data/json/overmap/overmap_terrain/overmap_terrain_aircraft_carrier.json,RISK_EXTREME | LAKE,
overmap,aircraft_carrier_10b_1,aircraft carrier,dda,dda,missing,,,,data/json/overmap/overmap_terrain/overmap_terrain_aircraft_carrier.json,RISK_EXTREME | LAKE,
overmap,aircraft_carrier_10b_2,aircraft carrier,dda,dda,missing,,,,data/json/overmap/overmap_terrain/overmap_terrain_aircraft_carrier.json,RISK_EXTREME | LAKE,
overmap,aircraft_carrier_10c,aircraft carrier,dda,dda,missing,,,,data/json/overmap/overmap_terrain/overmap_terrain_aircraft_carrier.json,RISK_EXTREME | LAKE,
overmap,aircraft_carrier_10c_-1,aircraft carrier,dda,dda,missing,,,,data/json/overmap/overmap_terrain/overmap_terrain_aircraft_carrier.json,RISK_EXTREME | LAKE,
overmap,aircraft_carrier_10c_1,aircraft carrier,dda,dda,missing,,,,data/json/overmap/overmap_terrain/overmap_terrain_aircraft_carrier.json,RISK_EXTREME | LAKE,
overmap,aircraft_carrier_10c_2,aircraft carrier,dda,dda,missing,,,,data/json/overmap/overmap_terrain/overmap_terrain_aircraft_carrier.json,RISK_EXTREME | LAKE,
overmap,aircraft_carrier_11a,aircraft carrier,dda,dda,missing,,,,data/json/overmap/overmap_terrain/overmap_terrain_aircraft_carrier.json,RISK_EXTREME | LAKE,
overmap,aircraft_carrier_11a_-1,aircraft carrier,dda,dda,missing,,,,data/json/overmap/overmap_terrain/overmap_terrain_aircraft_carrier.json,RISK_EXTREME | LAKE,
overmap,aircraft_carrier_11a_1,aircraft carrier,dda,dda,missing,,,,data/json/overmap/overmap_terrain/overmap_terrain_aircraft_carrier.json,RISK_EXTREME | LAKE,
overmap,aircraft_carrier_11a_2,aircraft carrier,dda,dda,missing,,,,data/json/overmap/overmap_terrain/overmap_terrain_aircraft_carrier.json,RISK_EXTREME | LAKE,
overmap,aircraft_carrier_11b,aircraft carrier,dda,dda,missing,,,,data/json/overmap/overmap_terrain/overmap_terrain_aircraft_carrier.json,RISK_EXTREME | LAKE,
overmap,aircraft_carrier_11b_-1,aircraft carrier,dda,dda,missing,,,,data/json/overmap/overmap_terrain/overmap_terrain_aircraft_carrier.json,RISK_EXTREME | LAKE,
overmap,aircraft_carrier_11b_1,aircraft carrier,dda,dda,missing,,,,data/json/overmap/overmap_terrain/overmap_terrain_aircraft_carrier.json,RISK_EXTREME | LAKE,
overmap,aircraft_carrier_11b_2,aircraft carrier,dda,dda,missing,,,,data/json/overmap/overmap_terrain/overmap_terrain_aircraft_carrier.json,RISK_EXTREME | LAKE,
overmap,aircraft_carrier_11c,aircraft carrier,dda,dda,missing,,,,data/json/overmap/overmap_terrain/overmap_terrain_aircraft_carrier.json,RISK_EXTREME | LAKE,
overmap,aircraft_carrier_11c_-1,aircraft carrier,dda,dda,missing,,,,data/json/overmap/overmap_terrain/overmap_terrain_aircraft_carrier.json,RISK_EXTREME | LAKE,
overmap,aircraft_carrier_11c_1,aircraft carrier,dda,dda,missing,,,,data/json/overmap/overmap_terrain/overmap_terrain_aircraft_carrier.json,RISK_EXTREME | LAKE,
overmap,aircraft_carrier_11c_2,aircraft carrier,dda,dda,missing,,,,data/json/overmap/overmap_terrain/overmap_terrain_aircraft_carrier.json,RISK_EXTREME | LAKE,
overmap,aircraft_carrier_12a,aircraft carrier,dda,dda,missing,,,,data/json/overmap/overmap_terrain/overmap_terrain_aircraft_carrier.json,RISK_EXTREME | LAKE,
overmap,aircraft_carrier_12a_-1,aircraft carrier,dda,dda,missing,,,,data/json/overmap/overmap_terrain/overmap_terrain_aircraft_carrier.json,RISK_EXTREME | LAKE,
overmap,aircraft_carrier_12a_1,aircraft carrier,dda,dda,missing,,,,data/json/overmap/overmap_terrain/overmap_terrain_aircraft_carrier.json,RISK_EXTREME | LAKE,
overmap,aircraft_carrier_12a_2,aircraft carrier,dda,dda,missing,,,,data/json/overmap/overmap_terrain/overmap_terrain_aircraft_carrier.json,RISK_EXTREME | LAKE,
overmap,aircraft_carrier_12b,aircraft carrier,dda,dda,missing,,,,data/json/overmap/overmap_terrain/overmap_terrain_aircraft_carrier.json,RISK_EXTREME | LAKE,
overmap,aircraft_carrier_12b_-1,aircraft carrier,dda,dda,missing,,,,data/json/overmap/overmap_terrain/overmap_terrain_aircraft_carrier.json,RISK_EXTREME | LAKE,
overmap,aircraft_carrier_12b_1,aircraft carrier,dda,dda,missing,,,,data/json/overmap/overmap_terrain/overmap_terrain_aircraft_carrier.json,RISK_EXTREME | LAKE,
overmap,aircraft_carrier_12b_2,aircraft carrier,dda,dda,missing,,,,data/json/overmap/overmap_terrain/overmap_terrain_aircraft_carrier.json,RISK_EXTREME | LAKE,
overmap,aircraft_carrier_12c,aircraft carrier,dda,dda,missing,,,,data/json/overmap/overmap_terrain/overmap_terrain_aircraft_carrier.json,RISK_EXTREME | LAKE,
overmap,aircraft_carrier_12c_-1,aircraft carrier,dda,dda,missing,,,,data/json/overmap/overmap_terrain/overmap_terrain_aircraft_carrier.json,RISK_EXTREME | LAKE,
overmap,aircraft_carrier_12c_1,aircraft carrier,dda,dda,missing,,,,data/json/overmap/overmap_terrain/overmap_terrain_aircraft_carrier.json,RISK_EXTREME | LAKE,
overmap,aircraft_carrier_12c_2,aircraft carrier,dda,dda,missing,,,,data/json/overmap/overmap_terrain/overmap_terrain_aircraft_carrier.json,RISK_EXTREME | LAKE,
overmap,aircraft_carrier_13a,aircraft carrier,dda,dda,missing,,,,data/json/overmap/overmap_terrain/overmap_terrain_aircraft_carrier.json,RISK_EXTREME | LAKE,
overmap,aircraft_carrier_13a_-1,aircraft carrier,dda,dda,missing,,,,data/json/overmap/overmap_terrain/overmap_terrain_aircraft_carrier.json,RISK_EXTREME | LAKE,
overmap,aircraft_carrier_13a_1,aircraft carrier,dda,dda,missing,,,,data/json/overmap/overmap_terrain/overmap_terrain_aircraft_carrier.json,RISK_EXTREME | LAKE,
overmap,aircraft_carrier_13a_2,aircraft carrier,dda,dda,missing,,,,data/json/overmap/overmap_terrain/overmap_terrain_aircraft_carrier.json,RISK_EXTREME | LAKE,
overmap,aircraft_carrier_13b,aircraft carrier,dda,dda,missing,,,,data/json/overmap/overmap_terrain/overmap_terrain_aircraft_carrier.json,RISK_EXTREME | LAKE,
overmap,aircraft_carrier_13b_-1,aircraft carrier,dda,dda,missing,,,,data/json/overmap/overmap_terrain/overmap_terrain_aircraft_carrier.json,RISK_EXTREME | LAKE,
overmap,aircraft_carrier_13b_1,aircraft carrier,dda,dda,missing,,,,data/json/overmap/overmap_terrain/overmap_terrain_aircraft_carrier.json,RISK_EXTREME | LAKE,
overmap,aircraft_carrier_13b_2,aircraft carrier,dda,dda,missing,,,,data/json/overmap/overmap_terrain/overmap_terrain_aircraft_carrier.json,RISK_EXTREME | LAKE,
overmap,aircraft_carrier_13c,aircraft carrier,dda,dda,missing,,,,data/json/overmap/overmap_terrain/overmap_terrain_aircraft_carrier.json,RISK_EXTREME | LAKE,
overmap,aircraft_carrier_13c_-1,aircraft carrier,dda,dda,missing,,,,data/json/overmap/overmap_terrain/overmap_terrain_aircraft_carrier.json,RISK_EXTREME | LAKE,
overmap,aircraft_carrier_13c_1,aircraft carrier,dda,dda,missing,,,,data/json/overmap/overmap_terrain/overmap_terrain_aircraft_carrier.json,RISK_EXTREME | LAKE,
overmap,aircraft_carrier_13c_2,aircraft carrier,dda,dda,missing,,,,data/json/overmap/overmap_terrain/overmap_terrain_aircraft_carrier.json,RISK_EXTREME | LAKE,
overmap,aircraft_carrier_1a,aircraft carrier,dda,dda,missing,,,,data/json/overmap/overmap_terrain/overmap_terrain_aircraft_carrier.json,RISK_EXTREME | LAKE,
overmap,aircraft_carrier_1a_-1,aircraft carrier,dda,dda,missing,,,,data/json/overmap/overmap_terrain/overmap_terrain_aircraft_carrier.json,RISK_EXTREME | LAKE,
overmap,aircraft_carrier_1a_1,aircraft carrier,dda,dda,missing,,,,data/json/overmap/overmap_terrain/overmap_terrain_aircraft_carrier.json,RISK_EXTREME | LAKE,
overmap,aircraft_carrier_1a_2,aircraft carrier,dda,dda,missing,,,,data/json/overmap/overmap_terrain/overmap_terrain_aircraft_carrier.json,RISK_EXTREME | LAKE,
overmap,aircraft_carrier_1a_3,aircraft carrier,dda,dda,missing,,,,data/json/overmap/overmap_terrain/overmap_terrain_aircraft_carrier.json,RISK_EXTREME | LAKE,
overmap,aircraft_carrier_1a_4,aircraft carrier,dda,dda,missing,,,,data/json/overmap/overmap_terrain/overmap_terrain_aircraft_carrier.json,RISK_EXTREME | LAKE,
overmap,aircraft_carrier_1b,aircraft carrier,dda,dda,missing,,,,data/json/overmap/overmap_terrain/overmap_terrain_aircraft_carrier.json,RISK_EXTREME | LAKE,
overmap,aircraft_carrier_1b_-1,aircraft carrier,dda,dda,missing,,,,data/json/overmap/overmap_terrain/overmap_terrain_aircraft_carrier.json,RISK_EXTREME | LAKE,
overmap,aircraft_carrier_1b_1,aircraft carrier,dda,dda,missing,,,,data/json/overmap/overmap_terrain/overmap_terrain_aircraft_carrier.json,RISK_EXTREME | LAKE,
overmap,aircraft_carrier_1b_2,aircraft carrier,dda,dda,missing,,,,data/json/overmap/overmap_terrain/overmap_terrain_aircraft_carrier.json,RISK_EXTREME | LAKE,
overmap,aircraft_carrier_1c,aircraft carrier,dda,dda,missing,,,,data/json/overmap/overmap_terrain/overmap_terrain_aircraft_carrier.json,RISK_EXTREME | LAKE,
overmap,aircraft_carrier_1c_-1,aircraft carrier,dda,dda,missing,,,,data/json/overmap/overmap_terrain/overmap_terrain_aircraft_carrier.json,RISK_EXTREME | LAKE,
overmap,aircraft_carrier_1c_1,aircraft carrier,dda,dda,missing,,,,data/json/overmap/overmap_terrain/overmap_terrain_aircraft_carrier.json,RISK_EXTREME | LAKE,
overmap,aircraft_carrier_1c_2,aircraft carrier,dda,dda,missing,,,,data/json/overmap/overmap_terrain/overmap_terrain_aircraft_carrier.json,RISK_EXTREME | LAKE,
overmap,aircraft_carrier_2a,aircraft carrier,dda,dda,missing,,,,data/json/overmap/overmap_terrain/overmap_terrain_aircraft_carrier.json,RISK_EXTREME | LAKE,
overmap,aircraft_carrier_2a_-1,aircraft carrier,dda,dda,missing,,,,data/json/overmap/overmap_terrain/overmap_terrain_aircraft_carrier.json,RISK_EXTREME | LAKE,
overmap,aircraft_carrier_2a_1,aircraft carrier,dda,dda,missing,,,,data/json/overmap/overmap_terrain/overmap_terrain_aircraft_carrier.json,RISK_EXTREME | LAKE,
overmap,aircraft_carrier_2a_2,aircraft carrier,dda,dda,missing,,,,data/json/overmap/overmap_terrain/overmap_terrain_aircraft_carrier.json,RISK_EXTREME | LAKE,
overmap,aircraft_carrier_2a_3,aircraft carrier,dda,dda,missing,,,,data/json/overmap/overmap_terrain/overmap_terrain_aircraft_carrier.json,RISK_EXTREME | LAKE,
overmap,aircraft_carrier_2a_4,aircraft carrier,dda,dda,missing,,,,data/json/overmap/overmap_terrain/overmap_terrain_aircraft_carrier.json,RISK_EXTREME | LAKE,
overmap,aircraft_carrier_2b,aircraft carrier,dda,dda,missing,,,,data/json/overmap/overmap_terrain/overmap_terrain_aircraft_carrier.json,RISK_EXTREME | LAKE,
overmap,aircraft_carrier_2b_-1,aircraft carrier,dda,dda,missing,,,,data/json/overmap/overmap_terrain/overmap_terrain_aircraft_carrier.json,RISK_EXTREME | LAKE,
overmap,aircraft_carrier_2b_1,aircraft carrier,dda,dda,missing,,,,data/json/overmap/overmap_terrain/overmap_terrain_aircraft_carrier.json,RISK_EXTREME | LAKE,
overmap,aircraft_carrier_2b_2,aircraft carrier,dda,dda,missing,,,,data/json/overmap/overmap_terrain/overmap_terrain_aircraft_carrier.json,RISK_EXTREME | LAKE,
overmap,aircraft_carrier_2c,aircraft carrier,dda,dda,missing,,,,data/json/overmap/overmap_terrain/overmap_terrain_aircraft_carrier.json,RISK_EXTREME | LAKE,
overmap,aircraft_carrier_2c_-1,aircraft carrier,dda,dda,missing,,,,data/json/overmap/overmap_terrain/overmap_terrain_aircraft_carrier.json,RISK_EXTREME | LAKE,
overmap,aircraft_carrier_2c_1,aircraft carrier,dda,dda,missing,,,,data/json/overmap/overmap_terrain/overmap_terrain_aircraft_carrier.json,RISK_EXTREME | LAKE,
overmap,aircraft_carrier_2c_2,aircraft carrier,dda,dda,missing,,,,data/json/overmap/overmap_terrain/overmap_terrain_aircraft_carrier.json,RISK_EXTREME | LAKE,
overmap,aircraft_carrier_3a,aircraft carrier,dda,dda,missing,,,,data/json/overmap/overmap_terrain/overmap_terrain_aircraft_carrier.json,RISK_EXTREME | LAKE,
overmap,aircraft_carrier_3a_-1,aircraft carrier,dda,dda,missing,,,,data/json/overmap/overmap_terrain/overmap_terrain_aircraft_carrier.json,RISK_EXTREME | LAKE,
overmap,aircraft_carrier_3a_1,aircraft carrier,dda,dda,missing,,,,data/json/overmap/overmap_terrain/overmap_terrain_aircraft_carrier.json,RISK_EXTREME | LAKE,
overmap,aircraft_carrier_3a_2,aircraft carrier,dda,dda,missing,,,,data/json/overmap/overmap_terrain/overmap_terrain_aircraft_carrier.json,RISK_EXTREME | LAKE,
overmap,aircraft_carrier_3b,aircraft carrier,dda,dda,missing,,,,data/json/overmap/overmap_terrain/overmap_terrain_aircraft_carrier.json,RISK_EXTREME | LAKE,
overmap,aircraft_carrier_3b_-1,aircraft carrier,dda,dda,missing,,,,data/json/overmap/overmap_terrain/overmap_terrain_aircraft_carrier.json,RISK_EXTREME | LAKE,
overmap,aircraft_carrier_3b_1,aircraft carrier,dda,dda,missing,,,,data/json/overmap/overmap_terrain/overmap_terrain_aircraft_carrier.json,RISK_EXTREME | LAKE,
overmap,aircraft_carrier_3b_2,aircraft carrier,dda,dda,missing,,,,data/json/overmap/overmap_terrain/overmap_terrain_aircraft_carrier.json,RISK_EXTREME | LAKE,
overmap,aircraft_carrier_3c,aircraft carrier,dda,dda,missing,,,,data/json/overmap/overmap_terrain/overmap_terrain_aircraft_carrier.json,RISK_EXTREME | LAKE,
overmap,aircraft_carrier_3c_-1,aircraft carrier,dda,dda,missing,,,,data/json/overmap/overmap_terrain/overmap_terrain_aircraft_carrier.json,RISK_EXTREME | LAKE,
overmap,aircraft_carrier_3c_1,aircraft carrier,dda,dda,missing,,,,data/json/overmap/overmap_terrain/overmap_terrain_aircraft_carrier.json,RISK_EXTREME | LAKE,
overmap,aircraft_carrier_3c_2,aircraft carrier,dda,dda,missing,,,,data/json/overmap/overmap_terrain/overmap_terrain_aircraft_carrier.json,RISK_EXTREME | LAKE,
overmap,aircraft_carrier_4a,aircraft carrier,dda,dda,missing,,,,data/json/overmap/overmap_terrain/overmap_terrain_aircraft_carrier.json,RISK_EXTREME | LAKE,
overmap,aircraft_carrier_4a_-1,aircraft carrier,dda,dda,missing,,,,data/json/overmap/overmap_terrain/overmap_terrain_aircraft_carrier.json,RISK_EXTREME | LAKE,
overmap,aircraft_carrier_4a_1,aircraft carrier,dda,dda,missing,,,,data/json/overmap/overmap_terrain/overmap_terrain_aircraft_carrier.json,RISK_EXTREME | LAKE,
overmap,aircraft_carrier_4a_2,aircraft carrier,dda,dda,missing,,,,data/json/overmap/overmap_terrain/overmap_terrain_aircraft_carrier.json,RISK_EXTREME | LAKE,
overmap,aircraft_carrier_4b,aircraft carrier,dda,dda,missing,,,,data/json/overmap/overmap_terrain/overmap_terrain_aircraft_carrier.json,RISK_EXTREME | LAKE,
overmap,aircraft_carrier_4b_-1,aircraft carrier,dda,dda,missing,,,,data/json/overmap/overmap_terrain/overmap_terrain_aircraft_carrier.json,RISK_EXTREME | LAKE,
overmap,aircraft_carrier_4b_1,aircraft carrier,dda,dda,missing,,,,data/json/overmap/overmap_terrain/overmap_terrain_aircraft_carrier.json,RISK_EXTREME | LAKE,
overmap,aircraft_carrier_4b_2,aircraft carrier,dda,dda,missing,,,,data/json/overmap/overmap_terrain/overmap_terrain_aircraft_carrier.json,RISK_EXTREME | LAKE,
overmap,aircraft_carrier_4c,aircraft carrier,dda,dda,missing,,,,data/json/overmap/overmap_terrain/overmap_terrain_aircraft_carrier.json,RISK_EXTREME | LAKE,
overmap,aircraft_carrier_4c_-1,aircraft carrier,dda,dda,missing,,,,data/json/overmap/overmap_terrain/overmap_terrain_aircraft_carrier.json,RISK_EXTREME | LAKE,
overmap,aircraft_carrier_4c_1,aircraft carrier,dda,dda,missing,,,,data/json/overmap/overmap_terrain/overmap_terrain_aircraft_carrier.json,RISK_EXTREME | LAKE,
overmap,aircraft_carrier_4c_2,aircraft carrier,dda,dda,missing,,,,data/json/overmap/overmap_terrain/overmap_terrain_aircraft_carrier.json,RISK_EXTREME | LAKE,
overmap,aircraft_carrier_5a,aircraft carrier,dda,dda,missing,,,,data/json/overmap/overmap_terrain/overmap_terrain_aircraft_carrier.json,RISK_EXTREME | LAKE,
overmap,aircraft_carrier_5a_-1,aircraft carrier,dda,dda,missing,,,,data/json/overmap/overmap_terrain/overmap_terrain_aircraft_carrier.json,RISK_EXTREME | LAKE,
overmap,aircraft_carrier_5a_1,aircraft carrier,dda,dda,missing,,,,data/json/overmap/overmap_terrain/overmap_terrain_aircraft_carrier.json,RISK_EXTREME | LAKE,
overmap,aircraft_carrier_5a_2,aircraft carrier,dda,dda,missing,,,,data/json/overmap/overmap_terrain/overmap_terrain_aircraft_carrier.json,RISK_EXTREME | LAKE,
overmap,aircraft_carrier_5b,aircraft carrier,dda,dda,missing,,,,data/json/overmap/overmap_terrain/overmap_terrain_aircraft_carrier.json,RISK_EXTREME | LAKE,
overmap,aircraft_carrier_5b_-1,aircraft carrier,dda,dda,missing,,,,data/json/overmap/overmap_terrain/overmap_terrain_aircraft_carrier.json,RISK_EXTREME | LAKE,
overmap,aircraft_carrier_5b_1,aircraft carrier,dda,dda,missing,,,,data/json/overmap/overmap_terrain/overmap_terrain_aircraft_carrier.json,RISK_EXTREME | LAKE,
overmap,aircraft_carrier_5b_2,aircraft carrier,dda,dda,missing,,,,data/json/overmap/overmap_terrain/overmap_terrain_aircraft_carrier.json,RISK_EXTREME | LAKE,
overmap,aircraft_carrier_5c,aircraft carrier,dda,dda,missing,,,,data/json/overmap/overmap_terrain/overmap_terrain_aircraft_carrier.json,RISK_EXTREME | LAKE,
overmap,aircraft_carrier_5c_-1,aircraft carrier,dda,dda,missing,,,,data/json/overmap/overmap_terrain/overmap_terrain_aircraft_carrier.json,RISK_EXTREME | LAKE,
overmap,aircraft_carrier_5c_1,aircraft carrier,dda,dda,missing,,,,data/json/overmap/overmap_terrain/overmap_terrain_aircraft_carrier.json,RISK_EXTREME | LAKE,
overmap,aircraft_carrier_5c_2,aircraft carrier,dda,dda,missing,,,,data/json/overmap/overmap_terrain/overmap_terrain_aircraft_carrier.json,RISK_EXTREME | LAKE,
overmap,aircraft_carrier_6a,aircraft carrier,dda,dda,missing,,,,data/json/overmap/overmap_terrain/overmap_terrain_aircraft_carrier.json,RISK_EXTREME | LAKE,
overmap,aircraft_carrier_6a_-1,aircraft carrier,dda,dda,missing,,,,data/json/overmap/overmap_terrain/overmap_terrain_aircraft_carrier.json,RISK_EXTREME | LAKE,
overmap,aircraft_carrier_6a_1,aircraft carrier,dda,dda,missing,,,,data/json/overmap/overmap_terrain/overmap_terrain_aircraft_carrier.json,RISK_EXTREME | LAKE,
overmap,aircraft_carrier_6a_2,aircraft carrier,dda,dda,missing,,,,data/json/overmap/overmap_terrain/overmap_terrain_aircraft_carrier.json,RISK_EXTREME | LAKE,
overmap,aircraft_carrier_6b,aircraft carrier,dda,dda,missing,,,,data/json/overmap/overmap_terrain/overmap_terrain_aircraft_carrier.json,RISK_EXTREME | LAKE,
overmap,aircraft_carrier_6b_-1,aircraft carrier,dda,dda,missing,,,,data/json/overmap/overmap_terrain/overmap_terrain_aircraft_carrier.json,RISK_EXTREME | LAKE,
overmap,aircraft_carrier_6b_1,aircraft carrier,dda,dda,missing,,,,data/json/overmap/overmap_terrain/overmap_terrain_aircraft_carrier.json,RISK_EXTREME | LAKE,
overmap,aircraft_carrier_6b_2,aircraft carrier,dda,dda,missing,,,,data/json/overmap/overmap_terrain/overmap_terrain_aircraft_carrier.json,RISK_EXTREME | LAKE,
overmap,aircraft_carrier_6c,aircraft carrier,dda,dda,missing,,,,data/json/overmap/overmap_terrain/overmap_terrain_aircraft_carrier.json,RISK_EXTREME | LAKE,
overmap,aircraft_carrier_6c_-1,aircraft carrier,dda,dda,missing,,,,data/json/overmap/overmap_terrain/overmap_terrain_aircraft_carrier.json,RISK_EXTREME | LAKE,
overmap,aircraft_carrier_6c_1,aircraft carrier,dda,dda,missing,,,,data/json/overmap/overmap_terrain/overmap_terrain_aircraft_carrier.json,RISK_EXTREME | LAKE,
overmap,aircraft_carrier_6c_2,aircraft carrier,dda,dda,missing,,,,data/json/overmap/overmap_terrain/overmap_terrain_aircraft_carrier.json,RISK_EXTREME | LAKE,
overmap,aircraft_carrier_7a,aircraft carrier,dda,dda,missing,,,,data/json/overmap/overmap_terrain/overmap_terrain_aircraft_carrier.json,RISK_EXTREME | LAKE,
overmap,aircraft_carrier_7a_-1,aircraft carrier,dda,dda,missing,,,,data/json/overmap/overmap_terrain/overmap_terrain_aircraft_carrier.json,RISK_EXTREME | LAKE,
overmap,aircraft_carrier_7a_1,aircraft carrier,dda,dda,missing,,,,data/json/overmap/overmap_terrain/overmap_terrain_aircraft_carrier.json,RISK_EXTREME | LAKE,
overmap,aircraft_carrier_7a_2,aircraft carrier,dda,dda,missing,,,,data/json/overmap/overmap_terrain/overmap_terrain_aircraft_carrier.json,RISK_EXTREME | LAKE,
overmap,aircraft_carrier_7b,aircraft carrier,dda,dda,missing,,,,data/json/overmap/overmap_terrain/overmap_terrain_aircraft_carrier.json,RISK_EXTREME | LAKE,
overmap,aircraft_carrier_7b_-1,aircraft carrier,dda,dda,missing,,,,data/json/overmap/overmap_terrain/overmap_terrain_aircraft_carrier.json,RISK_EXTREME | LAKE,
overmap,aircraft_carrier_7b_1,aircraft carrier,dda,dda,missing,,,,data/json/overmap/overmap_terrain/overmap_terrain_aircraft_carrier.json,RISK_EXTREME | LAKE,
overmap,aircraft_carrier_7b_2,aircraft carrier,dda,dda,missing,,,,data/json/overmap/overmap_terrain/overmap_terrain_aircraft_carrier.json,RISK_EXTREME | LAKE,
overmap,aircraft_carrier_7c,aircraft carrier,dda,dda,missing,,,,data/json/overmap/overmap_terrain/overmap_terrain_aircraft_carrier.json,RISK_EXTREME | LAKE,
overmap,aircraft_carrier_7c_-1,aircraft carrier,dda,dda,missing,,,,data/json/overmap/overmap_terrain/overmap_terrain_aircraft_carrier.json,RISK_EXTREME | LAKE,
overmap,aircraft_carrier_7c_1,aircraft carrier,dda,dda,missing,,,,data/json/overmap/overmap_terrain/overmap_terrain_aircraft_carrier.json,RISK_EXTREME | LAKE,
overmap,aircraft_carrier_7c_2,aircraft carrier,dda,dda,missing,,,,data/json/overmap/overmap_terrain/overmap_terrain_aircraft_carrier.json,RISK_EXTREME | LAKE,
overmap,aircraft_carrier_8a,aircraft carrier,dda,dda,missing,,,,data/json/overmap/overmap_terrain/overmap_terrain_aircraft_carrier.json,RISK_EXTREME | LAKE,
overmap,aircraft_carrier_8a_-1,aircraft carrier,dda,dda,missing,,,,data/json/overmap/overmap_terrain/overmap_terrain_aircraft_carrier.json,RISK_EXTREME | LAKE,
overmap,aircraft_carrier_8a_1,aircraft carrier,dda,dda,missing,,,,data/json/overmap/overmap_terrain/overmap_terrain_aircraft_carrier.json,RISK_EXTREME | LAKE,
overmap,aircraft_carrier_8a_2,aircraft carrier,dda,dda,missing,,,,data/json/overmap/overmap_terrain/overmap_terrain_aircraft_carrier.json,RISK_EXTREME | LAKE,
overmap,aircraft_carrier_8b,aircraft carrier,dda,dda,missing,,,,data/json/overmap/overmap_terrain/overmap_terrain_aircraft_carrier.json,RISK_EXTREME | LAKE,
overmap,aircraft_carrier_8b_-1,aircraft carrier,dda,dda,missing,,,,data/json/overmap/overmap_terrain/overmap_terrain_aircraft_carrier.json,RISK_EXTREME | LAKE,
overmap,aircraft_carrier_8b_1,aircraft carrier,dda,dda,missing,,,,data/json/overmap/overmap_terrain/overmap_terrain_aircraft_carrier.json,RISK_EXTREME | LAKE,
overmap,aircraft_carrier_8b_2,aircraft carrier,dda,dda,missing,,,,data/json/overmap/overmap_terrain/overmap_terrain_aircraft_carrier.json,RISK_EXTREME | LAKE,
overmap,aircraft_carrier_8c,aircraft carrier,dda,dda,missing,,,,data/json/overmap/overmap_terrain/overmap_terrain_aircraft_carrier.json,RISK_EXTREME | LAKE,
overmap,aircraft_carrier_8c_-1,aircraft carrier,dda,dda,missing,,,,data/json/overmap/overmap_terrain/overmap_terrain_aircraft_carrier.json,RISK_EXTREME | LAKE,
overmap,aircraft_carrier_8c_1,aircraft carrier,dda,dda,missing,,,,data/json/overmap/overmap_terrain/overmap_terrain_aircraft_carrier.json,RISK_EXTREME | LAKE,
overmap,aircraft_carrier_8c_2,aircraft carrier,dda,dda,missing,,,,data/json/overmap/overmap_terrain/overmap_terrain_aircraft_carrier.json,RISK_EXTREME | LAKE,
overmap,aircraft_carrier_9a,aircraft carrier,dda,dda,missing,,,,data/json/overmap/overmap_terrain/overmap_terrain_aircraft_carrier.json,RISK_EXTREME | LAKE,
overmap,aircraft_carrier_9a_-1,aircraft carrier,dda,dda,missing,,,,data/json/overmap/overmap_terrain/overmap_terrain_aircraft_carrier.json,RISK_EXTREME | LAKE,
overmap,aircraft_carrier_9a_1,aircraft carrier,dda,dda,missing,,,,data/json/overmap/overmap_terrain/overmap_terrain_aircraft_carrier.json,RISK_EXTREME | LAKE,
overmap,aircraft_carrier_9a_2,aircraft carrier,dda,dda,missing,,,,data/json/overmap/overmap_terrain/overmap_terrain_aircraft_carrier.json,RISK_EXTREME | LAKE,
overmap,aircraft_carrier_9b,aircraft carrier,dda,dda,missing,,,,data/json/overmap/overmap_terrain/overmap_terrain_aircraft_carrier.json,RISK_EXTREME | LAKE,
overmap,aircraft_carrier_9b_-1,aircraft carrier,dda,dda,missing,,,,data/json/overmap/overmap_terrain/overmap_terrain_aircraft_carrier.json,RISK_EXTREME | LAKE,
overmap,aircraft_carrier_9b_1,aircraft carrier,dda,dda,missing,,,,data/json/overmap/overmap_terrain/overmap_terrain_aircraft_carrier.json,RISK_EXTREME | LAKE,
overmap,aircraft_carrier_9b_2,aircraft carrier,dda,dda,missing,,,,data/json/overmap/overmap_terrain/overmap_terrain_aircraft_carrier.json,RISK_EXTREME | LAKE,
overmap,aircraft_carrier_9c,aircraft carrier,dda,dda,missing,,,,data/json/overmap/overmap_terrain/overmap_terrain_aircraft_carrier.json,RISK_EXTREME | LAKE,
overmap,aircraft_carrier_9c_-1,aircraft carrier,dda,dda,missing,,,,data/json/overmap/overmap_terrain/overmap_terrain_aircraft_carrier.json,RISK_EXTREME | LAKE,
overmap,aircraft_carrier_9c_1,aircraft carrier,dda,dda,missing,,,,data/json/overmap/overmap_terrain/overmap_terrain_aircraft_carrier.json,RISK_EXTREME | LAKE,
overmap,aircraft_carrier_9c_2,aircraft carrier,dda,dda,missing,,,,data/json/overmap/overmap_terrain/overmap_terrain_aircraft_carrier.json,RISK_EXTREME | LAKE,
overmap,apartment_complex_center_stairs_even_roof,apartment complex roof,dda,dda,missing,,,apartments_tower_roof_any,data/json/overmap/overmap_terrain/overmap_terrain_residential.json,SIDEWALK | GENERIC_LOOT,
overmap,apartment_complex_center_stairs_odd_roof,apartment complex roof,dda,dda,missing,,,apartments_tower_roof_any,data/json/overmap/overmap_terrain/overmap_terrain_residential.json,SIDEWALK | GENERIC_LOOT,
overmap,apartment_complex_center_stairs_roof_+1,apartment complex roof,dda,dda,missing,,,apartments_tower_roof_any,data/json/overmap/overmap_terrain/overmap_terrain_residential.json,SIDEWALK | GENERIC_LOOT,
overmap,apartment_complex_corner_inner_roof,apartment complex roof,dda,dda,missing,,,apartments_tower_roof_any,data/json/overmap/overmap_terrain/overmap_terrain_residential.json,SIDEWALK | GENERIC_LOOT,
overmap,apartment_complex_corner_roof,apartment complex roof,dda,dda,missing,,,apartments_tower_roof_any,data/json/overmap/overmap_terrain/overmap_terrain_residential.json,SIDEWALK | GENERIC_LOOT,
overmap,apartment_complex_straight_roof,apartment complex roof,dda,dda,missing,,,apartments_tower_roof_any,data/json/overmap/overmap_terrain/overmap_terrain_residential.json,SIDEWALK | GENERIC_LOOT,
overmap,apartment_complex_straight_stairs_even_roof,apartment complex roof,dda,dda,missing,,,apartments_tower_roof_any,data/json/overmap/overmap_terrain/overmap_terrain_residential.json,SIDEWALK | GENERIC_LOOT,
overmap,apartment_complex_straight_stairs_odd_roof,apartment complex roof,dda,dda,missing,,,apartments_tower_roof_any,data/json/overmap/overmap_terrain/overmap_terrain_residential.json,SIDEWALK | GENERIC_LOOT,
overmap,apartment_complex_straight_stairs_roof_+1,apartment complex roof,dda,dda,missing,,,apartments_tower_roof_any,data/json/overmap/overmap_terrain/overmap_terrain_residential.json,SIDEWALK | GENERIC_LOOT,
overmap,apartments_mod_tower_shack_roof,apartment tower roof,dda,dda,missing,,,apartments_tower_roof_any,data/json/overmap/overmap_terrain/overmap_terrain_residential.json,SIDEWALK | GENERIC_LOOT,
overmap,balthazar_bunker_00,bunker complex,dda,dda,missing,,,,data/json/overmap/overmap_terrain/overmap_terrain_balthazar.json,,
overmap,balthazar_bunker_00_-1,underground bunker complex,dda,dda,missing,,,,data/json/overmap/overmap_terrain/overmap_terrain_balthazar.json,,
overmap,balthazar_bunker_01,bunker complex,dda,dda,missing,,,,data/json/overmap/overmap_terrain/overmap_terrain_balthazar.json,,
overmap,balthazar_bunker_01_-1,underground bunker complex,dda,dda,missing,,,,data/json/overmap/overmap_terrain/overmap_terrain_balthazar.json,,
overmap,balthazar_bunker_01_1,bunker complex roof,dda,dda,missing,,,,data/json/overmap/overmap_terrain/overmap_terrain_balthazar.json,,
overmap,balthazar_bunker_01_2,bunker complex roof,dda,dda,missing,,,,data/json/overmap/overmap_terrain/overmap_terrain_balthazar.json,,
overmap,balthazar_bunker_02,bunker solar farm,dda,dda,missing,,,,data/json/overmap/overmap_terrain/overmap_terrain_balthazar.json,,
overmap,balthazar_bunker_02_-1,underground bunker complex,dda,dda,missing,,,,data/json/overmap/overmap_terrain/overmap_terrain_balthazar.json,,
overmap,balthazar_bunker_02_-2,underground bunker complex,dda,dda,missing,,,,data/json/overmap/overmap_terrain/overmap_terrain_balthazar.json,,
overmap,balthazar_bunker_03,bunker solar farm,dda,dda,missing,,,,data/json/overmap/overmap_terrain/overmap_terrain_balthazar.json,,
overmap,balthazar_bunker_03_-1,underground bunker complex,dda,dda,missing,,,,data/json/overmap/overmap_terrain/overmap_terrain_balthazar.json,,
overmap,bandit_drug_lab,drug lab,dda,dda,missing,,,,data/json/overmap/overmap_terrain/overmap_terrain.json,,
overmap,bandit_farm_1,farm,dda,dda,missing,,,,data/json/overmap/overmap_terrain/overmap_terrain.json,RISK_LOW | SOURCE_SAFETY,
overmap,bandit_farm_2,farm,dda,dda,missing,,,,data/json/overmap/overmap_terrain/overmap_terrain.json,RISK_LOW | SOURCE_SAFETY,
overmap,bandit_farm_2_roof,farm,dda,dda,missing,,,,data/json/overmap/overmap_terrain/overmap_terrain.json,RISK_LOW | SOURCE_SAFETY,
overmap,bandit_farm_3,farm,dda,dda,missing,,,,data/json/overmap/overmap_terrain/overmap_terrain.json,RISK_LOW | SOURCE_SAFETY,
overmap,bandit_farm_3_roof,farm,dda,dda,missing,,,,data/json/overmap/overmap_terrain/overmap_terrain.json,RISK_LOW | SOURCE_SAFETY,
overmap,bandit_farm_4,farm,dda,dda,missing,,,,data/json/overmap/overmap_terrain/overmap_terrain.json,RISK_LOW | SOURCE_SAFETY,
overmap,bandit_farm_5,farm,dda,dda,missing,,,,data/json/overmap/overmap_terrain/overmap_terrain.json,RISK_LOW | SOURCE_SAFETY,
overmap,bandit_farm_6,farm,dda,dda,missing,,,,data/json/overmap/overmap_terrain/overmap_terrain.json,RISK_LOW | SOURCE_SAFETY,
overmap,bandit_farm_7,farm,dda,dda,missing,,,,data/json/overmap/overmap_terrain/overmap_terrain.json,RISK_LOW | SOURCE_SAFETY,
overmap,bandit_farm_8,farm,dda,dda,missing,,,,data/json/overmap/overmap_terrain/overmap_terrain.json,RISK_LOW | SOURCE_SAFETY,
overmap,bandit_farm_9,farm,dda,dda,missing,,,,data/json/overmap/overmap_terrain/overmap_terrain.json,RISK_LOW | SOURCE_SAFETY,
overmap,billboard_1,billboard,dda,dda,missing,,,,data/json/overmap/overmap_terrain/overmap_terrain_transportation.json,,
overmap,billboard_2,billboard,dda,dda,missing,,,,data/json/overmap/overmap_terrain/overmap_terrain_transportation.json,,
overmap,bunker_roof,military bunker,dda,dda,missing,,,,data/json/overmap/overmap_terrain/overmap_terrain_military.json,RISK_EXTREME | SOURCE_WEAPON | SOURCE_AMMO,
overmap,cabin_3_reverberation,cabin,dda,dda,missing,,,,data/json/overmap/overmap_terrain/overmap_terrain_reverberations.json,RISK_LOW | SOURCE_SAFETY | SOURCE_FOOD,
overmap,cabin_3_reverberation_hint,cabin,dda,dda,missing,,,,data/json/overmap/overmap_terrain/overmap_terrain.json,RISK_LOW | SOURCE_SAFETY | SOURCE_FOOD,
overmap,cabin_roof_3_reverberation,cabin roof,dda,dda,missing,,,,data/json/overmap/overmap_terrain/overmap_terrain_reverberations.json,,
overmap,cabin_roof_3_reverberation_hint,cabin roof,dda,dda,missing,,,,data/json/overmap/overmap_terrain/overmap_terrain.json,,
overmap,campsite_cabin_incomplete_roof,incomplete cabin roof,dda,dda,missing,,,,data/json/overmap/overmap_terrain/overmap_terrain.json,,
overmap,chemical_lab_ocu,small cabin,dda,dda,missing,,,,data/json/overmap/overmap_terrain/overmap_terrain.json,SOURCE_CONSTRUCTION | SOURCE_FABRICATION,
overmap,chemical_lab_roof_ocu,small cabin,dda,dda,missing,,,,data/json/overmap/overmap_terrain/overmap_terrain.json,SOURCE_CONSTRUCTION | SOURCE_FABRICATION,
overmap,container_yard_inland_base_1,inland container depot,dda,dda,missing,,,,data/json/overmap/overmap_terrain/overmap_terrain_industrial.json,,
overmap,container_yard_inland_base_1_bandit,inland container depot,dda,dda,missing,,,,data/json/overmap/overmap_terrain/overmap_terrain_industrial.json,,
overmap,container_yard_inland_base_1a,inland container depot,dda,dda,missing,,,,data/json/overmap/overmap_terrain/overmap_terrain_industrial.json,,
overmap,container_yard_inland_base_1a_bandit,inland container depot,dda,dda,missing,,,,data/json/overmap/overmap_terrain/overmap_terrain_industrial.json,,
overmap,container_yard_inland_base_1b,inland container depot,dda,dda,missing,,,,data/json/overmap/overmap_terrain/overmap_terrain_industrial.json,,
overmap,container_yard_inland_base_1b_bandit,inland container depot,dda,dda,missing,,,,data/json/overmap/overmap_terrain/overmap_terrain_industrial.json,,
overmap,container_yard_inland_base_2,inland container depot,dda,dda,missing,,,,data/json/overmap/overmap_terrain/overmap_terrain_industrial.json,,
overmap,container_yard_inland_base_2_bandit,inland container depot,dda,dda,missing,,,,data/json/overmap/overmap_terrain/overmap_terrain_industrial.json,,
overmap,container_yard_inland_base_3,inland container depot,dda,dda,missing,,,,data/json/overmap/overmap_terrain/overmap_terrain_industrial.json,,
overmap,container_yard_inland_base_3_bandit,inland container depot,dda,dda,missing,,,,data/json/overmap/overmap_terrain/overmap_terrain_industrial.json,,
overmap,container_yard_inland_base_4,inland container depot,dda,dda,missing,,,,data/json/overmap/overmap_terrain/overmap_terrain_industrial.json,,
overmap,container_yard_inland_base_4_bandit,inland container depot,dda,dda,missing,,,,data/json/overmap/overmap_terrain/overmap_terrain_industrial.json,,
overmap,container_yard_inland_base_5,inland container depot,dda,dda,missing,,,,data/json/overmap/overmap_terrain/overmap_terrain_industrial.json,,
overmap,container_yard_inland_base_5_bandit,inland container depot,dda,dda,missing,,,,data/json/overmap/overmap_terrain/overmap_terrain_industrial.json,,
overmap,container_yard_inland_base_5a,inland container depot,dda,dda,missing,,,,data/json/overmap/overmap_terrain/overmap_terrain_industrial.json,,
overmap,container_yard_inland_base_5a_bandit,inland container depot,dda,dda,missing,,,,data/json/overmap/overmap_terrain/overmap_terrain_industrial.json,,
overmap,container_yard_inland_base_6,inland container depot,dda,dda,missing,,,,data/json/overmap/overmap_terrain/overmap_terrain_industrial.json,,
overmap,container_yard_inland_base_6_bandit,inland container depot,dda,dda,missing,,,,data/json/overmap/overmap_terrain/overmap_terrain_industrial.json,,
overmap,container_yard_inland_fence,inland container depot,dda,dda,missing,,,,data/json/overmap/overmap_terrain/overmap_terrain_industrial.json,,
overmap,container_yard_inland_fence_bandit,inland container depot,dda,dda,missing,,,,data/json/overmap/overmap_terrain/overmap_terrain_industrial.json,,
overmap,container_yard_inland_fence_corner,inland container depot,dda,dda,missing,,,,data/json/overmap/overmap_terrain/overmap_terrain_industrial.json,,
overmap,container_yard_inland_fence_corner_bandit,inland container depot,dda,dda,missing,,,,data/json/overmap/overmap_terrain/overmap_terrain_industrial.json,,
overmap,container_yard_inland_fence_corner_garage,inland container depot,dda,dda,missing,,,,data/json/overmap/overmap_terrain/overmap_terrain_industrial.json,,
overmap,container_yard_inland_fence_corner_garage_bandit,inland container depot,dda,dda,missing,,,,data/json/overmap/overmap_terrain/overmap_terrain_industrial.json,,
overmap,container_yard_inland_fence_corner_garage_roof,inland container depot,dda,dda,missing,,,,data/json/overmap/overmap_terrain/overmap_terrain_industrial.json,,
overmap,container_yard_inland_fence_corner_garage_roof_bandit,inland container depot,dda,dda,missing,,,,data/json/overmap/overmap_terrain/overmap_terrain_industrial.json,,
overmap,container_yard_inland_fence_corner_office,inland container depot,dda,dda,missing,,,,data/json/overmap/overmap_terrain/overmap_terrain_industrial.json,,
overmap,container_yard_inland_fence_corner_office_bandit,inland container depot,dda,dda,missing,,,,data/json/overmap/overmap_terrain/overmap_terrain_industrial.json,,
overmap,container_yard_inland_fence_corner_office_roof,inland container depot,dda,dda,missing,,,,data/json/overmap/overmap_terrain/overmap_terrain_industrial.json,,
overmap,container_yard_inland_fence_corner_office_roof_bandit,inland container depot,dda,dda,missing,,,,data/json/overmap/overmap_terrain/overmap_terrain_industrial.json,,
overmap,container_yard_inland_fence_entry,inland container depot,dda,dda,missing,,,,data/json/overmap/overmap_terrain/overmap_terrain_industrial.json,,
overmap,container_yard_inland_fence_entry_bandit,inland container depot,dda,dda,missing,,,,data/json/overmap/overmap_terrain/overmap_terrain_industrial.json,,
overmap,container_yard_inland_fence_front,inland container depot,dda,dda,missing,,,,data/json/overmap/overmap_terrain/overmap_terrain_industrial.json,,
overmap,container_yard_inland_fence_front_bandit,inland container depot,dda,dda,missing,,,,data/json/overmap/overmap_terrain/overmap_terrain_industrial.json,,
overmap,debug_itemgroup_test,debug_item_group_test,dda,dda,missing,,,,data/json/mapgen/debug.json,NO_ROTATE | SHOULD_NOT_SPAWN,
overmap,debug_ramps,ramp testing area,dda,dda,missing,,,,data/json/overmap/overmap_terrain/overmap_terrain.json,NO_ROTATE | SHOULD_NOT_SPAWN,
overmap,default_portal_storm_dungeon_overmap,somewhere,dda,dda,missing,,,nether_glass,data/json/overmap/overmap_terrain/overmap_terrain_nether.json,NO_ROTATE | RISK_EXTREME,
overmap,derelict_property_roof,derelict property roof,dda,dda,missing,,,,data/json/overmap/overmap_terrain/overmap_terrain_residential.json,,
overmap,dls_small_-1,limnological station,dda,dda,missing,,,,data/json/overmap/overmap_terrain/overmap_terrain_dls.json,,
overmap,dls_small_-2,limnological station,dda,dda,missing,,,,data/json/overmap/overmap_terrain/overmap_terrain_dls.json,,
overmap,dls_small_-3,limnological station,dda,dda,missing,,,,data/json/overmap/overmap_terrain/overmap_terrain_dls.json,,
overmap,dls_small_-4,limnological station,dda,dda,missing,,,,data/json/overmap/overmap_terrain/overmap_terrain_dls.json,,
overmap,dls_small_-5,limnological station,dda,dda,missing,,,,data/json/overmap/overmap_terrain/overmap_terrain_dls.json,,
overmap,dls_small_roof,limnological station,dda,dda,missing,,,,data/json/overmap/overmap_terrain/overmap_terrain_dls.json,,
overmap,dls_small_surface,limnological station,dda,dda,missing,,,,data/json/overmap/overmap_terrain/overmap_terrain_dls.json,,
overmap,drug_lab,drug lab,dda,dda,missing,,,,data/json/overmap/overmap_terrain/overmap_terrain.json,,
overmap,drug_lab_roof,drug lab roof,dda,dda,missing,,,,data/json/overmap/overmap_terrain/overmap_terrain.json,,
overmap,evac_center_12_z2,refugee center roof,dda,dda,missing,,,,data/json/overmap/overmap_terrain/overmap_terrain_evac_center.json,,
overmap,evac_center_13_z2,refugee center roof,dda,dda,missing,,,,data/json/overmap/overmap_terrain/overmap_terrain_evac_center.json,,
overmap,evac_center_14_z2,refugee center roof,dda,dda,missing,,,,data/json/overmap/overmap_terrain/overmap_terrain_evac_center.json,,
overmap,exo_base_safehouse_stone_0,unusual stone barn,dda,dda,missing,,,,data/json/overmap/overmap_terrain/overmap_terrain_alien.json,KNOWN_UP,
overmap,exo_warehouse_1,strange warehouse,dda,dda,missing,,,,data/json/overmap/overmap_terrain/overmap_terrain_alien.json,KNOWN_UP,
overmap,exo_warehouse_2,strange warehouse,dda,dda,missing,,,exo_warehouse_1,data/json/overmap/overmap_terrain/overmap_terrain_alien.json,KNOWN_DOWN,
overmap,faction_base_mansion_c1,mansion base swimming pool,dda,dda,missing,,,,data/json/overmap/overmap_terrain/overmap_terrain_faction_base.json,SOURCE_PEOPLE | NO_ROTATE,
overmap,faction_base_mansion_c2,mansion base bar,dda,dda,missing,,,,data/json/overmap/overmap_terrain/overmap_terrain_faction_base.json,SOURCE_PEOPLE | NO_ROTATE,
overmap,faction_base_mansion_c3,mansion base living rooms,dda,dda,missing,,,,data/json/overmap/overmap_terrain/overmap_terrain_faction_base.json,SOURCE_PEOPLE | NO_ROTATE,
overmap,faction_base_mansion_c4,mansion base bedroom,dda,dda,missing,,,,data/json/overmap/overmap_terrain/overmap_terrain_faction_base.json,SOURCE_PEOPLE | NO_ROTATE,
overmap,faction_base_mansion_c5,mansion base kitchen,dda,dda,missing,,,,data/json/overmap/overmap_terrain/overmap_terrain_faction_base.json,SOURCE_PEOPLE | NO_ROTATE,
overmap,faction_base_mansion_e1,mansion base entrance,dda,dda,missing,,,,data/json/overmap/overmap_terrain/overmap_terrain_faction_base.json,SOURCE_PEOPLE | NO_ROTATE,
overmap,faction_base_mansion_e2,mansion base entrance,dda,dda,missing,,,faction_base_mansion_e1,data/json/overmap/overmap_terrain/overmap_terrain_faction_base.json,SOURCE_PEOPLE | NO_ROTATE,
overmap,faction_base_mansion_t1,mansion base swimming pool,dda,dda,missing,,,,data/json/overmap/overmap_terrain/overmap_terrain_faction_base.json,SOURCE_PEOPLE | NO_ROTATE,
overmap,faction_base_mansion_t2,mansion base bedrooms,dda,dda,missing,,,,data/json/overmap/overmap_terrain/overmap_terrain_faction_base.json,SOURCE_PEOPLE | NO_ROTATE,
overmap,faction_base_mansion_t3,mansion base???,dda,dda,missing,,,,data/json/overmap/overmap_terrain/overmap_terrain_faction_base.json,SOURCE_PEOPLE | NO_ROTATE,
overmap,faction_base_mansion_t4,mansion base kitchen,dda,dda,missing,,,,data/json/overmap/overmap_terrain/overmap_terrain_faction_base.json,SOURCE_PEOPLE | NO_ROTATE,
overmap,faction_base_mansion_t5,mansion base library,dda,dda,missing,,,,data/json/overmap/overmap_terrain/overmap_terrain_faction_base.json,SOURCE_PEOPLE | NO_ROTATE,
overmap,faction_base_mansion_t6,mansion base bedroom,dda,dda,missing,,,,data/json/overmap/overmap_terrain/overmap_terrain_faction_base.json,SOURCE_PEOPLE | NO_ROTATE,
overmap,faction_base_mansion_t7,mansion base living rooms,dda,dda,missing,,,,data/json/overmap/overmap_terrain/overmap_terrain_faction_base.json,SOURCE_PEOPLE | NO_ROTATE,
overmap,fema_bus,FEMA camp bus stop,dda,dda,missing,,,,data/json/overmap/overmap_terrain/overmap_terrain_military.json,RISK_EXTREME,
overmap,fema_housing,FEMA camp housing,dda,dda,missing,,,,data/json/overmap/overmap_terrain/overmap_terrain_military.json,SOURCE_FOOD | RISK_EXTREME | GENERIC_LOOT | SOURCE_COOKING,
overmap,fema_military_building,FEMA camp outpost,dda,dda,missing,,,,data/json/overmap/overmap_terrain/overmap_terrain_military.json,RISK_EXTREME | SOURCE_GUN | SOURCE_AMMO | SOURCE_FOOD,
overmap,fema_road,FEMA camp road,dda,dda,missing,,,,data/json/overmap/overmap_terrain/overmap_terrain_military.json,LINEAR,
overmap,fema_storage,FEMA camp storage,dda,dda,missing,,,,data/json/overmap/overmap_terrain/overmap_terrain_military.json,RISK_EXTREME | GENERIC_LOOT | SOURCE_COOKING | SOURCE_FOOD,
overmap,full_mutagen_lab_roof,Trans-Coast Logistics roof,dda,dda,missing,,,,data/json/overmap/overmap_terrain/overmap_terrain_lab.json,NO_ROTATE | RISK_EXTREME,
overmap,godco_1_3,church retreat roof,dda,dda,missing,,,,data/json/overmap/overmap_terrain/overmap_terrain.json,,
overmap,godco_2,church retreat,dda,dda,missing,,,,data/json/overmap/overmap_terrain/overmap_terrain.json,RISK_LOW | SOURCE_SAFETY | SOURCE_FOOD,
overmap,godco_5,church retreat,dda,dda,missing,,,,data/json/overmap/overmap_terrain/overmap_terrain.json,RISK_LOW | SOURCE_SAFETY | SOURCE_FOOD,
overmap,gunshow_0_roof,gun show,dda,dda,missing,,,,data/json/overmap/overmap_terrain/overmap_terrain_isolated_road.json,,
overmap,gunshow_1_roof,gun show,dda,dda,missing,,,,data/json/overmap/overmap_terrain/overmap_terrain_isolated_road.json,,
overmap,haz_sar_1_1_2,hazardous waste sarcophagus,dda,dda,missing,,,,data/json/overmap/overmap_terrain/overmap_terrain_waste_junk.json,RISK_HIGH,
overmap,haz_sar_1_2_2,hazardous waste sarcophagus,dda,dda,missing,,,,data/json/overmap/overmap_terrain/overmap_terrain_waste_junk.json,RISK_HIGH,
overmap,haz_sar_1_3_2,hazardous waste sarcophagus,dda,dda,missing,,,,data/json/overmap/overmap_terrain/overmap_terrain_waste_junk.json,RISK_HIGH,
overmap,haz_sar_1_4_2,hazardous waste sarcophagus,dda,dda,missing,,,,data/json/overmap/overmap_terrain/overmap_terrain_waste_junk.json,RISK_HIGH,
overmap,hdwr_large_1_1_2,home improvement superstore roof,dda,dda,missing,,,,data/json/overmap/overmap_terrain/overmap_terrain_commercial.json,,
overmap,highland_crossroads_temple,crossroads temple,dda,dda,missing,,,,data/json/overmap/overmap_terrain/overmap_terrain.json,,
overmap,highland_crossroads_temple_above,crossroads temple,dda,dda,missing,,,,data/json/overmap/overmap_terrain/overmap_terrain.json,,
overmap,highland_crossroads_temple_above2,crossroads temple,dda,dda,missing,,,,data/json/overmap/overmap_terrain/overmap_terrain.json,,
overmap,highland_crypt_above,crossroads temple,dda,dda,missing,,,,data/json/overmap/overmap_terrain/overmap_terrain.json,,
overmap,highland_crypt_royal,crossroads temple,dda,dda,missing,,,,data/json/overmap/overmap_terrain/overmap_terrain.json,,
overmap,highland_crypt_royal_1,crossroads temple,dda,dda,missing,,,,data/json/overmap/overmap_terrain/overmap_terrain.json,,
overmap,highland_crypt_small,crossroads temple,dda,dda,missing,,,,data/json/overmap/overmap_terrain/overmap_terrain.json,,
overmap,highland_crypt_surface,crossroads temple,dda,dda,missing,,,,data/json/overmap/overmap_terrain/overmap_terrain.json,,
overmap,highland_road,cobblestone road,dda,dda,missing,,,,data/json/overmap/overmap_terrain/overmap_terrain_transportation.json,LINEAR,
overmap,highland_ruins,city ruins,dda,dda,missing,,,,data/json/overmap/overmap_terrain/overmap_terrain.json,SIDEWALK,
overmap,highway_ramp_down_0,highway,dda,dda,missing,,,generic_highway_road | generic_highway | generic_open_land,data/json/overmap/overmap_terrain/overmap_terrain_transportation.json,HIGHWAY | KNOWN_DOWN | REQUIRES_PREDECESSOR,
overmap,highway_ramp_down_1,highway,dda,dda,missing,,,generic_highway_road | generic_highway | generic_open_land,data/json/overmap/overmap_terrain/overmap_terrain_transportation.json,HIGHWAY | KNOWN_DOWN | REQUIRES_PREDECESSOR,
overmap,highway_ramp_up_0,highway,dda,dda,missing,,,generic_highway_road | generic_highway | generic_open_land,data/json/overmap/overmap_terrain/overmap_terrain_transportation.json,HIGHWAY | KNOWN_UP | REQUIRES_PREDECESSOR,
overmap,highway_ramp_up_1,highway,dda,dda,missing,,,generic_highway_road | generic_highway | generic_open_land,data/json/overmap/overmap_terrain/overmap_terrain_transportation.json,HIGHWAY | KNOWN_UP | REQUIRES_PREDECESSOR,
overmap,homeless_0_0_4,homeless shelter,dda,dda,missing,,,,data/json/overmap/overmap_terrain/overmap_terrain_public_institutional.json,,
overmap,house_fungus_01,strange house,dda,dda,missing,,,,data/json/overmap/overmap_terrain/overmap_terrain_fungal.json,,
overmap,house_fungus_roof_01,house roof,dda,dda,missing,,,,data/json/overmap/overmap_terrain/overmap_terrain_fungal.json,,
overmap,hw_fallback_four_way_0_0_0,highway,dda,dda,missing,,,generic_highway_road | generic_highway | generic_open_land,data/json/overmap/overmap_terrain/overmap_terrain_transportation.json,HIGHWAY | HIGHWAY_SPECIAL | REQUIRES_PREDECESSOR,
overmap,hw_fallback_four_way_0_0_1,highway,dda,dda,missing,,,generic_highway_road_r | generic_highway_road | generic_highway | generic_open_land,data/json/overmap/overmap_terrain/overmap_terrain_transportation.json,HIGHWAY | HIGHWAY_SPECIAL | REQUIRES_PREDECESSOR,
overmap,hw_fallback_four_way_0_1_0,highway,dda,dda,missing,,,generic_highway_road | generic_highway | generic_open_land,data/json/overmap/overmap_terrain/overmap_terrain_transportation.json,HIGHWAY | HIGHWAY_SPECIAL | REQUIRES_PREDECESSOR,
overmap,hw_fallback_four_way_0_1_1,highway,dda,dda,missing,,,generic_highway_road_r | generic_highway_road | generic_highway | generic_open_land,data/json/overmap/overmap_terrain/overmap_terrain_transportation.json,HIGHWAY | HIGHWAY_SPECIAL | REQUIRES_PREDECESSOR,
overmap,hw_fallback_four_way_1_0_0,highway,dda,dda,missing,,,generic_highway_road | generic_highway | generic_open_land,data/json/overmap/overmap_terrain/overmap_terrain_transportation.json,HIGHWAY | HIGHWAY_SPECIAL | REQUIRES_PREDECESSOR,
overmap,hw_fallback_four_way_1_0_1,highway,dda,dda,missing,,,generic_highway_road_r | generic_highway_road | generic_highway | generic_open_land,data/json/overmap/overmap_terrain/overmap_terrain_transportation.json,HIGHWAY | HIGHWAY_SPECIAL | REQUIRES_PREDECESSOR,
overmap,hw_fallback_four_way_1_1_0,highway,dda,dda,missing,,,generic_highway_road | generic_highway | generic_open_land,data/json/overmap/overmap_terrain/overmap_terrain_transportation.json,HIGHWAY | HIGHWAY_SPECIAL | REQUIRES_PREDECESSOR,
overmap,hw_fallback_four_way_1_1_1,highway,dda,dda,missing,,,generic_highway_road_r | generic_highway_road | generic_highway | generic_open_land,data/json/overmap/overmap_terrain/overmap_terrain_transportation.json,HIGHWAY | HIGHWAY_SPECIAL | REQUIRES_PREDECESSOR,
overmap,hw_fb_crossroad,highway,dda,dda,missing,,,generic_highway_road | generic_highway | generic_open_land,data/json/overmap/overmap_terrain/overmap_terrain_transportation.json,HIGHWAY | REQUIRES_PREDECESSOR | HIGHWAY_SPECIAL,
overmap,hw_fb_supports,highway,dda,dda,missing,,,generic_highway | generic_open_land,data/json/overmap/overmap_terrain/overmap_terrain_transportation.json,HIGHWAY | RIVER | LAKE | REQUIRES_PREDECESSOR | NO_ROTATE,
overmap,hw_fb_tee,highway,dda,dda,missing,,,generic_highway_road | generic_highway | generic_open_land,data/json/overmap/overmap_terrain/overmap_terrain_transportation.json,HIGHWAY | REQUIRES_PREDECESSOR | HIGHWAY_SPECIAL,
overmap,hw_merge_to_road_e,highway,dda,dda,missing,,,generic_highway_road | generic_highway | generic_open_land,data/json/overmap/overmap_terrain/overmap_terrain_transportation.json,HIGHWAY | HIGHWAY_SPECIAL | REQUIRES_PREDECESSOR,
overmap,hw_merge_to_road_w,highway,dda,dda,missing,,,generic_highway_road | generic_highway | generic_open_land,data/json/overmap/overmap_terrain/overmap_terrain_transportation.json,HIGHWAY | HIGHWAY_SPECIAL | REQUIRES_PREDECESSOR,
overmap,hw_road_bridge,road bridge,dda,dda,missing,,,generic_open_land,data/json/overmap/overmap_terrain/overmap_terrain_transportation.json,ROAD | HIGHWAY,
overmap,hw_supports,highway,dda,dda,missing,,,generic_highway | generic_open_land,data/json/overmap/overmap_terrain/overmap_terrain_transportation.json,HIGHWAY | RIVER | LAKE | REQUIRES_PREDECESSOR,
overmap,hw_trumpet_-1_1,highway,dda,dda,missing,,,generic_highway_road_r | generic_highway_road | generic_highway | generic_open_land,data/json/overmap/overmap_terrain/overmap_terrain_transportation.json,HIGHWAY | HIGHWAY_SPECIAL | REQUIRES_PREDECESSOR,
overmap,hw_trumpet_-1_2,highway,dda,dda,missing,,,generic_highway_road | generic_highway | generic_open_land,data/json/overmap/overmap_terrain/overmap_terrain_transportation.json,HIGHWAY | REQUIRES_PREDECESSOR | HIGHWAY_SPECIAL,
overmap,hw_trumpet_-1_3,highway,dda,dda,missing,,,generic_highway_road | generic_highway | generic_open_land,data/json/overmap/overmap_terrain/overmap_terrain_transportation.json,HIGHWAY | REQUIRES_PREDECESSOR | HIGHWAY_SPECIAL,
overmap,hw_trumpet_-2_1,highway,dda,dda,missing,,,generic_highway_road | generic_highway | generic_open_land,data/json/overmap/overmap_terrain/overmap_terrain_transportation.json,HIGHWAY | REQUIRES_PREDECESSOR | HIGHWAY_SPECIAL,
overmap,hw_trumpet_-2_2,highway,dda,dda,missing,,,generic_highway_road | generic_highway | generic_open_land,data/json/overmap/overmap_terrain/overmap_terrain_transportation.json,HIGHWAY | REQUIRES_PREDECESSOR | HIGHWAY_SPECIAL,
overmap,hw_trumpet_-3_1,highway,dda,dda,missing,,,generic_highway_road_r | generic_highway_road | generic_highway | generic_open_land,data/json/overmap/overmap_terrain/overmap_terrain_transportation.json,HIGHWAY | HIGHWAY_SPECIAL | REQUIRES_PREDECESSOR,
overmap,hw_trumpet_0_-1,highway,dda,dda,missing,,,generic_highway_road | generic_highway | generic_open_land,data/json/overmap/overmap_terrain/overmap_terrain_transportation.json,HIGHWAY | HIGHWAY_SPECIAL | REQUIRES_PREDECESSOR,
overmap,hw_trumpet_0_-2,highway,dda,dda,missing,,,generic_highway_road | generic_highway | generic_open_land,data/json/overmap/overmap_terrain/overmap_terrain_transportation.json,HIGHWAY | REQUIRES_PREDECESSOR | HIGHWAY_SPECIAL,
overmap,hw_trumpet_0_0,highway,dda,dda,missing,,,generic_highway_road | generic_highway | generic_open_land,data/json/overmap/overmap_terrain/overmap_terrain_transportation.json,HIGHWAY | HIGHWAY_SPECIAL | REQUIRES_PREDECESSOR,
overmap,hw_trumpet_0_1,highway,dda,dda,missing,,,generic_highway_road | generic_highway | generic_open_land,data/json/overmap/overmap_terrain/overmap_terrain_transportation.json,HIGHWAY | HIGHWAY_SPECIAL | REQUIRES_PREDECESSOR,
overmap,hw_trumpet_0_2,highway,dda,dda,missing,,,generic_highway_road | generic_highway | generic_open_land,data/json/overmap/overmap_terrain/overmap_terrain_transportation.json,HIGHWAY | HIGHWAY_SPECIAL | REQUIRES_PREDECESSOR,
overmap,hw_trumpet_0_3,highway,dda,dda,missing,,,generic_highway_road | generic_highway | generic_open_land,data/json/overmap/overmap_terrain/overmap_terrain_transportation.json,HIGHWAY | REQUIRES_PREDECESSOR | HIGHWAY_SPECIAL,
overmap,hw_trumpet_0_4,highway,dda,dda,missing,,,generic_highway_road | generic_highway | generic_open_land,data/json/overmap/overmap_terrain/overmap_terrain_transportation.json,HIGHWAY | HIGHWAY_SPECIAL | REQUIRES_PREDECESSOR,
overmap,hw_trumpet_1_-1,highway,dda,dda,missing,,,generic_highway_road | generic_highway | generic_open_land,data/json/overmap/overmap_terrain/overmap_terrain_transportation.json,HIGHWAY | HIGHWAY_SPECIAL | REQUIRES_PREDECESSOR,
overmap,hw_trumpet_1_-2,highway,dda,dda,missing,,,generic_highway_road | generic_highway | generic_open_land,data/json/overmap/overmap_terrain/overmap_terrain_transportation.json,HIGHWAY | REQUIRES_PREDECESSOR | HIGHWAY_SPECIAL,
overmap,hw_trumpet_1_-3,highway,dda,dda,missing,,,generic_highway_road | generic_highway | generic_open_land,data/json/overmap/overmap_terrain/overmap_terrain_transportation.json,HIGHWAY | REQUIRES_PREDECESSOR | HIGHWAY_SPECIAL,
overmap,hw_trumpet_1_0,highway,dda,dda,missing,,,generic_highway_road | generic_highway | generic_open_land,data/json/overmap/overmap_terrain/overmap_terrain_transportation.json,HIGHWAY | HIGHWAY_SPECIAL | REQUIRES_PREDECESSOR,
overmap,hw_trumpet_1_1,highway,dda,dda,missing,,,generic_highway_road | generic_highway | generic_open_land,data/json/overmap/overmap_terrain/overmap_terrain_transportation.json,HIGHWAY | HIGHWAY_SPECIAL | REQUIRES_PREDECESSOR,
overmap,hw_trumpet_1_2,highway,dda,dda,missing,,,generic_highway_road | generic_highway | generic_open_land,data/json/overmap/overmap_terrain/overmap_terrain_transportation.json,HIGHWAY | HIGHWAY_SPECIAL | REQUIRES_PREDECESSOR,
overmap,hw_trumpet_1_3,highway,dda,dda,missing,,,generic_highway_road | generic_highway | generic_open_land,data/json/overmap/overmap_terrain/overmap_terrain_transportation.json,HIGHWAY | REQUIRES_PREDECESSOR | HIGHWAY_SPECIAL,
overmap,hw_trumpet_1_4,highway,dda,dda,missing,,,generic_highway_road | generic_highway | generic_open_land,data/json/overmap/overmap_terrain/overmap_terrain_transportation.json,HIGHWAY | HIGHWAY_SPECIAL | REQUIRES_PREDECESSOR,
overmap,hw_trumpet_2_-2,highway,dda,dda,missing,,,generic_highway_road_r | generic_highway_road | generic_highway | generic_open_land,data/json/overmap/overmap_terrain/overmap_terrain_transportation.json,HIGHWAY | HIGHWAY_SPECIAL | REQUIRES_PREDECESSOR,
overmap,hw_trumpet_2_-3,highway,dda,dda,missing,,,generic_highway_road_r | generic_highway_road | generic_highway | generic_open_land,data/json/overmap/overmap_terrain/overmap_terrain_transportation.json,HIGHWAY | HIGHWAY_SPECIAL | REQUIRES_PREDECESSOR,
overmap,hw_trumpet_2_1,highway,dda,dda,missing,,,generic_highway_road_r | generic_highway_road | generic_highway | generic_open_land,data/json/overmap/overmap_terrain/overmap_terrain_transportation.json,HIGHWAY | HIGHWAY_SPECIAL | REQUIRES_PREDECESSOR,
overmap,hw_trumpet_2_2,highway,dda,dda,missing,,,generic_highway_road | generic_highway | generic_open_land,data/json/overmap/overmap_terrain/overmap_terrain_transportation.json,HIGHWAY | REQUIRES_PREDECESSOR | HIGHWAY_SPECIAL,
overmap,hw_trumpet_2_3,highway,dda,dda,missing,,,generic_highway_road | generic_highway | generic_open_land,data/json/overmap/overmap_terrain/overmap_terrain_transportation.json,HIGHWAY | REQUIRES_PREDECESSOR | HIGHWAY_SPECIAL,
overmap,hw_trumpet_3_-1,highway,dda,dda,missing,,,generic_highway_road | generic_highway | generic_open_land,data/json/overmap/overmap_terrain/overmap_terrain_transportation.json,HIGHWAY | REQUIRES_PREDECESSOR | HIGHWAY_SPECIAL,
overmap,hw_trumpet_3_-2,highway,dda,dda,missing,,,generic_highway_road | generic_highway | generic_open_land,data/json/overmap/overmap_terrain/overmap_terrain_transportation.json,HIGHWAY | REQUIRES_PREDECESSOR | HIGHWAY_SPECIAL,
overmap,hw_trumpet_3_-3,highway,dda,dda,missing,,,generic_highway_road_r | generic_highway_road | generic_highway | generic_open_land,data/json/overmap/overmap_terrain/overmap_terrain_transportation.json,HIGHWAY | HIGHWAY_SPECIAL | REQUIRES_PREDECESSOR,
overmap,hw_trumpet_3_1,highway,dda,dda,missing,,,generic_highway_road | generic_highway | generic_open_land,data/json/overmap/overmap_terrain/overmap_terrain_transportation.json,HIGHWAY | REQUIRES_PREDECESSOR | HIGHWAY_SPECIAL,
overmap,hw_trumpet_3_2,highway,dda,dda,missing,,,generic_highway_road | generic_highway | generic_open_land,data/json/overmap/overmap_terrain/overmap_terrain_transportation.json,HIGHWAY | REQUIRES_PREDECESSOR | HIGHWAY_SPECIAL,
overmap,hw_trumpet_4_-1,highway,dda,dda,missing,,,generic_highway_road | generic_highway | generic_open_land,data/json/overmap/overmap_terrain/overmap_terrain_transportation.json,HIGHWAY | REQUIRES_PREDECESSOR | HIGHWAY_SPECIAL,
overmap,hw_trumpet_4_-2,highway,dda,dda,missing,,,generic_highway_road | generic_highway | generic_open_land,data/json/overmap/overmap_terrain/overmap_terrain_transportation.json,HIGHWAY | REQUIRES_PREDECESSOR | HIGHWAY_SPECIAL,
overmap,hw_trumpet_4_-3,highway,dda,dda,missing,,,generic_highway_road | generic_highway | generic_open_land,data/json/overmap/overmap_terrain/overmap_terrain_transportation.json,HIGHWAY | REQUIRES_PREDECESSOR | HIGHWAY_SPECIAL,
overmap,hw_trumpet_4_0,highway,dda,dda,missing,,,generic_highway_road | generic_highway | generic_open_land,data/json/overmap/overmap_terrain/overmap_terrain_transportation.json,HIGHWAY | REQUIRES_PREDECESSOR | HIGHWAY_SPECIAL,
overmap,hw_trumpet_5_-1,highway,dda,dda,missing,,,generic_highway_road | generic_highway | generic_open_land,data/json/overmap/overmap_terrain/overmap_terrain_transportation.json,HIGHWAY | REQUIRES_PREDECESSOR | HIGHWAY_SPECIAL,
overmap,hw_trumpet_5_-2,highway,dda,dda,missing,,,generic_highway_road | generic_highway | generic_open_land,data/json/overmap/overmap_terrain/overmap_terrain_transportation.json,HIGHWAY | REQUIRES_PREDECESSOR | HIGHWAY_SPECIAL,
overmap,hw_trumpet_5_0,highway,dda,dda,missing,,,generic_highway_road_r | generic_highway_road | generic_highway | generic_open_land,data/json/overmap/overmap_terrain/overmap_terrain_transportation.json,HIGHWAY | HIGHWAY_SPECIAL | REQUIRES_PREDECESSOR,
overmap,hw_trumpet_6_-1,highway,dda,dda,missing,,,generic_highway_road | generic_highway | generic_open_land,data/json/overmap/overmap_terrain/overmap_terrain_transportation.json,HIGHWAY | REQUIRES_PREDECESSOR | HIGHWAY_SPECIAL,
overmap,hw_trumpet_6_0,highway,dda,dda,missing,,,generic_highway_road | generic_highway | generic_open_land,data/json/overmap/overmap_terrain/overmap_terrain_transportation.json,HIGHWAY | REQUIRES_PREDECESSOR | HIGHWAY_SPECIAL,
overmap,hw_trumpet_7_0,highway,dda,dda,missing,,,generic_highway_road_r | generic_highway_road | generic_highway | generic_open_land,data/json/overmap/overmap_terrain/overmap_terrain_transportation.json,HIGHWAY | HIGHWAY_SPECIAL | REQUIRES_PREDECESSOR,
overmap,hw_trumpet_bridge_0_0,highway,dda,dda,missing,,,generic_highway_road_r | generic_highway_road | generic_highway | generic_open_land,data/json/overmap/overmap_terrain/overmap_terrain_transportation.json,HIGHWAY | HIGHWAY_SPECIAL | REQUIRES_PREDECESSOR,
overmap,hw_trumpet_bridge_0_1,highway,dda,dda,missing,,,generic_highway_road_r | generic_highway_road | generic_highway | generic_open_land,data/json/overmap/overmap_terrain/overmap_terrain_transportation.json,HIGHWAY | HIGHWAY_SPECIAL | REQUIRES_PREDECESSOR,
overmap,hw_trumpet_bridge_1_0,highway,dda,dda,missing,,,generic_highway_road_r | generic_highway_road | generic_highway | generic_open_land,data/json/overmap/overmap_terrain/overmap_terrain_transportation.json,HIGHWAY | HIGHWAY_SPECIAL | REQUIRES_PREDECESSOR,
overmap,hw_trumpet_bridge_1_1,highway,dda,dda,missing,,,generic_highway_road_r | generic_highway_road | generic_highway | generic_open_land,data/json/overmap/overmap_terrain/overmap_terrain_transportation.json,HIGHWAY | HIGHWAY_SPECIAL | REQUIRES_PREDECESSOR,
overmap,inner_cabins_cabin_roof,cabin roof,dda,dda,missing,,,,data/json/overmap/overmap_terrain/overmap_terrain_reverberations.json,,
overmap,inner_cabins_depths,cellar depths,dda,dda,missing,,,,data/json/overmap/overmap_terrain/overmap_terrain_reverberations.json,,
overmap,inner_cabins_depths_cathedral_b_NE,cellar depths,dda,dda,missing,,,,data/json/overmap/overmap_terrain/overmap_terrain_reverberations.json,,
overmap,inner_cabins_depths_cathedral_b_NW,cellar depths,dda,dda,missing,,,,data/json/overmap/overmap_terrain/overmap_terrain_reverberations.json,,
overmap,inner_cabins_depths_cathedral_b_SE,cellar depths,dda,dda,missing,,,,data/json/overmap/overmap_terrain/overmap_terrain_reverberations.json,,
overmap,inner_cabins_depths_cathedral_b_SW,cellar depths,dda,dda,missing,,,,data/json/overmap/overmap_terrain/overmap_terrain_reverberations.json,,
overmap,inner_cabins_depths_hotel_tower_b_1,cellar depths,dda,dda,missing,,,,data/json/overmap/overmap_terrain/overmap_terrain_reverberations.json,,
overmap,inner_cabins_depths_hotel_tower_b_2,cellar depths,dda,dda,missing,,,,data/json/overmap/overmap_terrain/overmap_terrain_reverberations.json,,
overmap,inner_cabins_depths_hotel_tower_b_3,cellar depths,dda,dda,missing,,,,data/json/overmap/overmap_terrain/overmap_terrain_reverberations.json,,
overmap,inner_cabins_depths_mall_a_56_basement,cellar depths,dda,dda,missing,,,,data/json/overmap/overmap_terrain/overmap_terrain_reverberations.json,,
overmap,inner_cabins_depths_mall_a_57_basement,cellar depths,dda,dda,missing,,,,data/json/overmap/overmap_terrain/overmap_terrain_reverberations.json,,
overmap,inner_cabins_depths_mall_a_58_basement,cellar depths,dda,dda,missing,,,,data/json/overmap/overmap_terrain/overmap_terrain_reverberations.json,,
overmap,inner_cabins_depths_mall_a_59_basement,cellar depths,dda,dda,missing,,,,data/json/overmap/overmap_terrain/overmap_terrain_reverberations.json,,
overmap,inner_cabins_depths_mall_a_60_basement,cellar depths,dda,dda,missing,,,,data/json/overmap/overmap_terrain/overmap_terrain_reverberations.json,,
overmap,inner_cabins_depths_mall_a_61_basement,cellar depths,dda,dda,missing,,,,data/json/overmap/overmap_terrain/overmap_terrain_reverberations.json,,
overmap,inner_cabins_depths_mall_a_62_basement,cellar depths,dda,dda,missing,,,,data/json/overmap/overmap_terrain/overmap_terrain_reverberations.json,,
overmap,inner_cabins_depths_mall_a_65_basement,cellar depths,dda,dda,missing,,,,data/json/overmap/overmap_terrain/overmap_terrain_reverberations.json,,
overmap,inner_cabins_depths_mall_a_66_basement,cellar depths,dda,dda,missing,,,,data/json/overmap/overmap_terrain/overmap_terrain_reverberations.json,,
overmap,inner_cabins_depths_mall_a_67_basement,cellar depths,dda,dda,missing,,,,data/json/overmap/overmap_terrain/overmap_terrain_reverberations.json,,
overmap,inner_cabins_depths_mall_a_67_sub_basement,cellar depths,dda,dda,missing,,,,data/json/overmap/overmap_terrain/overmap_terrain_reverberations.json,,
overmap,inner_cabins_depths_mall_a_68_basement,cellar depths,dda,dda,missing,,,,data/json/overmap/overmap_terrain/overmap_terrain_reverberations.json,,
overmap,inner_cabins_depths_mall_a_68_sub_basement,cellar depths,dda,dda,missing,,,,data/json/overmap/overmap_terrain/overmap_terrain_reverberations.json,,
overmap,inner_cabins_depths_mall_a_69_basement,cellar depths,dda,dda,missing,,,,data/json/overmap/overmap_terrain/overmap_terrain_reverberations.json,,
overmap,inner_cabins_depths_mall_a_69_sub_basement,cellar depths,dda,dda,missing,,,,data/json/overmap/overmap_terrain/overmap_terrain_reverberations.json,,
overmap,inner_cabins_depths_mall_a_70_basement,cellar depths,dda,dda,missing,,,,data/json/overmap/overmap_terrain/overmap_terrain_reverberations.json,,
overmap,inner_cabins_depths_mall_a_71_basement,cellar depths,dda,dda,missing,,,,data/json/overmap/overmap_terrain/overmap_terrain_reverberations.json,,
overmap,inner_cabins_depths_office_skyscraper_1,cellar depths,dda,dda,missing,,,,data/json/overmap/overmap_terrain/overmap_terrain_reverberations.json,,
overmap,inner_cabins_depths_office_skyscraper_2,cellar depths,dda,dda,missing,,,,data/json/overmap/overmap_terrain/overmap_terrain_reverberations.json,,
overmap,inner_cabins_depths_office_skyscraper_3,cellar depths,dda,dda,missing,,,,data/json/overmap/overmap_terrain/overmap_terrain_reverberations.json,,
overmap,inner_cabins_depths_office_skyscraper_4,cellar depths,dda,dda,missing,,,,data/json/overmap/overmap_terrain/overmap_terrain_reverberations.json,,
overmap,inner_cabins_depths_sewer_sub_station,cellar depths,dda,dda,missing,,,,data/json/overmap/overmap_terrain/overmap_terrain_reverberations.json,,
overmap,inner_cabins_depths_zoo_3_2_basement,cellar depths,dda,dda,missing,,,,data/json/overmap/overmap_terrain/overmap_terrain_reverberations.json,,
overmap,inner_cabins_depths_zoo_3_3_basement,cellar depths,dda,dda,missing,,,,data/json/overmap/overmap_terrain/overmap_terrain_reverberations.json,,
overmap,inner_cabins_empty_cabin_roof,cabin roof,dda,dda,missing,,,,data/json/overmap/overmap_terrain/overmap_terrain_reverberations.json,,
overmap,inner_cabins_void_exit,retracting pond,dda,dda,missing,,,,data/json/overmap/overmap_terrain/overmap_terrain_reverberations.json,,
overmap,inner_cabins_warped_cabin_1,black smear,dda,dda,missing,,,,data/json/overmap/overmap_terrain/overmap_terrain_reverberations.json,,
overmap,inner_cabins_warped_cabin_10,black smear,dda,dda,missing,,,,data/json/overmap/overmap_terrain/overmap_terrain_reverberations.json,,
overmap,inner_cabins_warped_cabin_2,black smear,dda,dda,missing,,,,data/json/overmap/overmap_terrain/overmap_terrain_reverberations.json,,
overmap,inner_cabins_warped_cabin_3,black smear,dda,dda,missing,,,,data/json/overmap/overmap_terrain/overmap_terrain_reverberations.json,,
overmap,inner_cabins_warped_cabin_4,black smear,dda,dda,missing,,,,data/json/overmap/overmap_terrain/overmap_terrain_reverberations.json,,
overmap,inner_cabins_warped_cabin_5,black smear,dda,dda,missing,,,,data/json/overmap/overmap_terrain/overmap_terrain_reverberations.json,,
overmap,inner_cabins_warped_cabin_6,black smear,dda,dda,missing,,,,data/json/overmap/overmap_terrain/overmap_terrain_reverberations.json,,
overmap,inner_cabins_warped_cabin_7,black smear,dda,dda,missing,,,,data/json/overmap/overmap_terrain/overmap_terrain_reverberations.json,,
overmap,inner_cabins_warped_cabin_8,black smear,dda,dda,missing,,,,data/json/overmap/overmap_terrain/overmap_terrain_reverberations.json,,
overmap,inner_cabins_warped_cabin_9,black smear,dda,dda,missing,,,,data/json/overmap/overmap_terrain/overmap_terrain_reverberations.json,,
overmap,isherwood_barry_rescue_field,field,dda,dda,missing,,,generic_open_land,data/json/overmap/overmap_terrain/overmap_terrain_hardcoded.json,NO_ROTATE,
overmap,isolated_road_field_1_roof,yard,dda,dda,missing,,,,data/json/overmap/overmap_terrain/overmap_terrain_isolated_road.json,NO_ROTATE,
overmap,kelp_forest_core,kelp forest,dda,dda,missing,,,generic_kelp_forest | generic_ocean | generic_water,data/json/overmap/overmap_terrain/overmap_terrain_kelp_forest.json,NO_ROTATE | OCEAN | REQUIRES_PREDECESSOR,
overmap,kelp_forest_end,kelp forest,dda,dda,missing,,,generic_kelp_forest | generic_ocean | generic_water,data/json/overmap/overmap_terrain/overmap_terrain_kelp_forest.json,OCEAN | REQUIRES_PREDECESSOR,
overmap,lab_1x1_RES_8_bedrooms_maintenance,Lab Residential Zone,dda,dda,missing,,,,data/json/overmap/overmap_terrain/overmap_terrain_lab.json,RISK_EXTREME,
overmap,lab_1x1_RES_8_bedrooms_security,Lab Residential Zone,dda,dda,missing,,,,data/json/overmap/overmap_terrain/overmap_terrain_lab.json,RISK_EXTREME,
overmap,lab_1x1_RES_8_commons_MAINT,Lab Residential Zone,dda,dda,missing,,,,data/json/overmap/overmap_terrain/overmap_terrain_lab.json,RISK_EXTREME,
overmap,lab_1x1_RES_8_commons_SEC,Lab Residential Zone,dda,dda,missing,,,,data/json/overmap/overmap_terrain/overmap_terrain_lab.json,RISK_EXTREME,
overmap,lab_1x1x2_RES_8_apartments_lower,Lab Residential Zone,dda,dda,missing,,,,data/json/overmap/overmap_terrain/overmap_terrain_lab.json,RISK_EXTREME,
overmap,lab_1x1x2_RES_8_apartments_upper,Lab Residential Zone,dda,dda,missing,,,,data/json/overmap/overmap_terrain/overmap_terrain_lab.json,RISK_EXTREME,
overmap,lab_2x1_CORE_-1E,Lab Cargo Zone,dda,dda,missing,,,,data/json/overmap/overmap_terrain/overmap_terrain_lab.json,RISK_EXTREME,
overmap,lab_2x1_CORE_-1W,Lab Cargo Zone,dda,dda,missing,,,,data/json/overmap/overmap_terrain/overmap_terrain_lab.json,RISK_EXTREME,
overmap,lab_2x2_MUT_tier_1_NE,Lab Research Zone,dda,dda,missing,,,,data/json/overmap/overmap_terrain/overmap_terrain_lab.json,RISK_EXTREME | SOURCE_CHEMISTRY | SOURCE_MEDICINE,
overmap,lab_2x2_MUT_tier_1_NW,Lab Research Zone,dda,dda,missing,,,,data/json/overmap/overmap_terrain/overmap_terrain_lab.json,RISK_EXTREME | SOURCE_CHEMISTRY | SOURCE_MEDICINE,
overmap,lab_2x2_MUT_tier_1_SE,Lab Research Zone,dda,dda,missing,,,,data/json/overmap/overmap_terrain/overmap_terrain_lab.json,RISK_EXTREME | SOURCE_CHEMISTRY | SOURCE_MEDICINE,
overmap,lab_2x2_MUT_tier_1_SW,Lab Research Zone,dda,dda,missing,,,,data/json/overmap/overmap_terrain/overmap_terrain_lab.json,RISK_EXTREME | SOURCE_CHEMISTRY | SOURCE_MEDICINE,
overmap,lab_2x2_MUT_tier_2_NE,Lab Research Zone,dda,dda,missing,,,,data/json/overmap/overmap_terrain/overmap_terrain_lab.json,RISK_EXTREME | SOURCE_CHEMISTRY | SOURCE_MEDICINE,
overmap,lab_2x2_MUT_tier_2_NW_final_flr,Lab Research Zone,dda,dda,missing,,,,data/json/overmap/overmap_terrain/overmap_terrain_lab.json,RISK_EXTREME | SOURCE_CHEMISTRY | SOURCE_MEDICINE,
overmap,lab_2x2_MUT_tier_2_SE,Lab Research Zone,dda,dda,missing,,,,data/json/overmap/overmap_terrain/overmap_terrain_lab.json,RISK_EXTREME | SOURCE_CHEMISTRY | SOURCE_MEDICINE,
overmap,lab_2x2_MUT_tier_2_SW,Lab Research Zone,dda,dda,missing,,,,data/json/overmap/overmap_terrain/overmap_terrain_lab.json,RISK_EXTREME | SOURCE_CHEMISTRY | SOURCE_MEDICINE,
overmap,lab_2x2_cargo_NE,Lab Cargo Zone,dda,dda,missing,,,,data/json/overmap/overmap_terrain/overmap_terrain_lab.json,RISK_EXTREME,
overmap,lab_2x2_cargo_NW,Lab Cargo Zone,dda,dda,missing,,,,data/json/overmap/overmap_terrain/overmap_terrain_lab.json,RISK_EXTREME,
overmap,lab_2x2_cargo_SE,Lab Cargo Zone,dda,dda,missing,,,,data/json/overmap/overmap_terrain/overmap_terrain_lab.json,RISK_EXTREME,
overmap,lab_2x2_cargo_SW,Lab Cargo Zone,dda,dda,missing,,,,data/json/overmap/overmap_terrain/overmap_terrain_lab.json,RISK_EXTREME,
overmap,lab_CORE_2x1_1DN,Lab Recreation Zone,dda,dda,missing,,,,data/json/overmap/overmap_terrain/overmap_terrain_lab.json,RISK_EXTREME,
overmap,lab_CORE_2x1_1UP,Lab Recreation Zone,dda,dda,missing,,,,data/json/overmap/overmap_terrain/overmap_terrain_lab.json,RISK_EXTREME,
overmap,lab_CORE_2x1_2DN,Lab Recreation Zone,dda,dda,missing,,,,data/json/overmap/overmap_terrain/overmap_terrain_lab.json,RISK_EXTREME,
overmap,lab_CORE_2x1_2UP,Lab Recreation Zone,dda,dda,missing,,,,data/json/overmap/overmap_terrain/overmap_terrain_lab.json,RISK_EXTREME,
overmap,lab_health_z-2_A,Lab Health Clinic,dda,dda,missing,,,,data/json/overmap/overmap_terrain/overmap_terrain_lab.json,RISK_EXTREME | SOURCE_CHEMISTRY | SOURCE_MEDICINE,
overmap,lab_health_z-2_B,Lab Health Clinic,dda,dda,missing,,,,data/json/overmap/overmap_terrain/overmap_terrain_lab.json,RISK_EXTREME | SOURCE_CHEMISTRY | SOURCE_MEDICINE,
overmap,lab_health_z-3_A,Lab Health Clinic,dda,dda,missing,,,,data/json/overmap/overmap_terrain/overmap_terrain_lab.json,RISK_EXTREME | SOURCE_CHEMISTRY | SOURCE_MEDICINE,
overmap,lab_health_z-3_B,Lab Health Clinic,dda,dda,missing,,,,data/json/overmap/overmap_terrain/overmap_terrain_lab.json,RISK_EXTREME | SOURCE_CHEMISTRY | SOURCE_MEDICINE,
overmap,lab_maintenance_z-2&3_A,Lab Maintenance Zone,dda,dda,missing,,,,data/json/overmap/overmap_terrain/overmap_terrain_lab.json,RISK_EXTREME,
overmap,lab_maintenance_z-2&3_B,Lab Maintenance Zone,dda,dda,missing,,,,data/json/overmap/overmap_terrain/overmap_terrain_lab.json,RISK_EXTREME,
overmap,lab_res_8_NE,Lab Residential Zone,dda,dda,missing,,,,data/json/overmap/overmap_terrain/overmap_terrain_lab.json,RISK_EXTREME,
overmap,lab_res_8_NED,Lab Residential Zone,dda,dda,missing,,,,data/json/overmap/overmap_terrain/overmap_terrain_lab.json,RISK_EXTREME,
overmap,lab_res_8_NW,Lab Residential Zone,dda,dda,missing,,,,data/json/overmap/overmap_terrain/overmap_terrain_lab.json,RISK_EXTREME,
overmap,lab_res_8_NWD,Lab Residential Zone,dda,dda,missing,,,,data/json/overmap/overmap_terrain/overmap_terrain_lab.json,RISK_EXTREME,
overmap,lab_res_8_SE,Lab Residential Zone,dda,dda,missing,,,,data/json/overmap/overmap_terrain/overmap_terrain_lab.json,RISK_EXTREME,
overmap,lab_res_8_SED,Lab Residential Zone,dda,dda,missing,,,,data/json/overmap/overmap_terrain/overmap_terrain_lab.json,RISK_EXTREME,
overmap,lab_res_8_SW,Lab Residential Zone,dda,dda,missing,,,,data/json/overmap/overmap_terrain/overmap_terrain_lab.json,RISK_EXTREME,
overmap,lab_res_8_SWD,Lab Residential Zone,dda,dda,missing,,,,data/json/overmap/overmap_terrain/overmap_terrain_lab.json,RISK_EXTREME,
overmap,lab_security_z-1,Lab Security Zone,dda,dda,missing,,,,data/json/overmap/overmap_terrain/overmap_terrain_lab.json,RISK_EXTREME,
overmap,lab_security_z-2,Lab Security Zone,dda,dda,missing,,,,data/json/overmap/overmap_terrain/overmap_terrain_lab.json,RISK_EXTREME,
overmap,lab_security_z-3,Lab Security Zone,dda,dda,missing,,,,data/json/overmap/overmap_terrain/overmap_terrain_lab.json,RISK_EXTREME,
overmap,lab_security_z-4,Lab Security Zone,dda,dda,missing,,,,data/json/overmap/overmap_terrain/overmap_terrain_lab.json,RISK_EXTREME,
overmap,lab_security_z-5,Lab Security Zone,dda,dda,missing,,,,data/json/overmap/overmap_terrain/overmap_terrain_lab.json,RISK_EXTREME,
overmap,lab_security_z-6_final_flr,Lab Security Zone,dda,dda,missing,,,,data/json/overmap/overmap_terrain/overmap_terrain_lab.json,RISK_EXTREME,
overmap,labyrinth2,labyrinthian hallways,dda,dda,missing,,,,data/json/overmap/overmap_terrain/overmap_terrain_netherum_labyrinth.json,,
overmap,labyrinth2_scarlet_sea_portal_x0_y0,labyrinthian structure,dda,dda,missing,,,,data/json/overmap/overmap_terrain/overmap_terrain_netherum_labyrinth.json,NO_ROTATE,
overmap,labyrinth2_scarlet_sea_portal_x0_y1,labyrinthian structure,dda,dda,missing,,,,data/json/overmap/overmap_terrain/overmap_terrain_netherum_labyrinth.json,NO_ROTATE,
overmap,labyrinth2_scarlet_sea_portal_x1_y0,labyrinthian structure,dda,dda,missing,,,,data/json/overmap/overmap_terrain/overmap_terrain_netherum_labyrinth.json,NO_ROTATE,
overmap,labyrinth2_scarlet_sea_portal_x1_y1,labyrinthian structure,dda,dda,missing,,,,data/json/overmap/overmap_terrain/overmap_terrain_netherum_labyrinth.json,NO_ROTATE,
overmap,labyrinth_entrance,terminal,dda,dda,missing,,,,data/json/overmap/overmap_terrain/overmap_terrain_netherum_labyrinth.json,,
overmap,labyrinth_flooded_entrance,terminal,dda,dda,missing,,,,data/json/overmap/overmap_terrain/overmap_terrain_netherum_labyrinth.json,,
overmap,labyrinth_flooded_hall,labyrinthian gangways,dda,dda,missing,,,,data/json/overmap/overmap_terrain/overmap_terrain_netherum_labyrinth.json,LINEAR,
overmap,labyrinth_hall,labyrinthian structures,dda,dda,missing,,,,data/json/overmap/overmap_terrain/overmap_terrain_netherum_labyrinth.json,LINEAR,
overmap,labyrinth_nl_exit_boiler,central node,dda,dda,missing,,,,data/json/overmap/overmap_terrain/overmap_terrain_netherum_labyrinth.json,,
overmap,labyrinth_overgrown_entrance,root,dda,dda,missing,,,,data/json/overmap/overmap_terrain/overmap_terrain_netherum_labyrinth.json,,
overmap,labyrinth_overgrown_hall,bosky labyrinth,dda,dda,missing,,,,data/json/overmap/overmap_terrain/overmap_terrain_netherum_labyrinth.json,LINEAR,
overmap,labyrinth_safehouse,home away from home,dda,dda,missing,,,,data/json/overmap/overmap_terrain/overmap_terrain_netherum_labyrinth.json,NO_ROTATE,
overmap,labyrinth_string_dimension_tunnel_end,flattened landscape,dda,dda,missing,,,,data/json/overmap/overmap_terrain/overmap_terrain_netherum_labyrinth.json,NO_ROTATE,
overmap,labyrinth_string_dimension_tunnel_left,flattened landscape,dda,dda,missing,,,,data/json/overmap/overmap_terrain/overmap_terrain_netherum_labyrinth.json,NO_ROTATE,
overmap,labyrinth_string_dimension_tunnel_over,flattened landscape,dda,dda,missing,,,,data/json/overmap/overmap_terrain/overmap_terrain_netherum_labyrinth.json,NO_ROTATE,
overmap,labyrinth_string_dimension_tunnel_portal,flattened landscape,dda,dda,missing,,,,data/json/overmap/overmap_terrain/overmap_terrain_netherum_labyrinth.json,NO_ROTATE,
overmap,labyrinth_string_dimension_tunnel_right,flattened landscape,dda,dda,missing,,,,data/json/overmap/overmap_terrain/overmap_terrain_netherum_labyrinth.json,NO_ROTATE,
overmap,labyrinth_string_dimension_tunnel_start,flattened landscape,dda,dda,missing,,,,data/json/overmap/overmap_terrain/overmap_terrain_netherum_labyrinth.json,NO_ROTATE,
overmap,labyrinth_string_dimension_tunnel_under,flattened landscape,dda,dda,missing,,,,data/json/overmap/overmap_terrain/overmap_terrain_netherum_labyrinth.json,NO_ROTATE,
overmap,lighthouse_small_roof,small lighthouse,dda,dda,missing,,,lighthouse_abstract,data/json/overmap/overmap_terrain/overmap_terrain.json,,
overmap,lighthouse_small_z1,small lighthouse,dda,dda,missing,,,lighthouse_abstract,data/json/overmap/overmap_terrain/overmap_terrain.json,,
overmap,lighthouse_small_z2,small lighthouse,dda,dda,missing,,,lighthouse_abstract,data/json/overmap/overmap_terrain/overmap_terrain.json,,
overmap,lighthouse_small_z3,small lighthouse,dda,dda,missing,,,lighthouse_abstract,data/json/overmap/overmap_terrain/overmap_terrain.json,,
overmap,lighthouse_small_z4,small lighthouse,dda,dda,missing,,,lighthouse_abstract,data/json/overmap/overmap_terrain/overmap_terrain.json,,
overmap,looted_hospital,looted hospital,dda,dda,missing,,,,data/json/overmap/overmap_terrain/overmap_terrain.json,NO_ROTATE | SHOULD_NOT_SPAWN,
overmap,looted_hospital_roof,looted hospital roof,dda,dda,missing,,,,data/json/overmap/overmap_terrain/overmap_terrain.json,NO_ROTATE | SHOULD_NOT_SPAWN,
overmap,looted_house,looted house,dda,dda,missing,,,,data/json/overmap/overmap_terrain/overmap_terrain.json,NO_ROTATE | SHOULD_NOT_SPAWN,
overmap,looted_house_basement,looted house basement,dda,dda,missing,,,,data/json/overmap/overmap_terrain/overmap_terrain.json,NO_ROTATE | SHOULD_NOT_SPAWN,
overmap,looted_house_roof,looted house roof,dda,dda,missing,,,,data/json/overmap/overmap_terrain/overmap_terrain.json,NO_ROTATE | SHOULD_NOT_SPAWN,
overmap,mall_a_56_basement,solid earth,dda,dda,missing,,,,data/json/overmap/overmap_terrain/overmap_terrain_mall.json,,
overmap,mall_a_57_basement,solid earth,dda,dda,missing,,,,data/json/overmap/overmap_terrain/overmap_terrain_mall.json,,
overmap,mall_a_61_basement,solid earth,dda,dda,missing,,,,data/json/overmap/overmap_terrain/overmap_terrain_mall.json,,
overmap,mall_a_62_basement,solid earth,dda,dda,missing,,,,data/json/overmap/overmap_terrain/overmap_terrain_mall.json,,
overmap,mall_a_65_basement,solid earth,dda,dda,missing,,,,data/json/overmap/overmap_terrain/overmap_terrain_mall.json,,
overmap,mall_a_66_basement,solid earth,dda,dda,missing,,,,data/json/overmap/overmap_terrain/overmap_terrain_mall.json,,
overmap,mall_a_70_basement,solid earth,dda,dda,missing,,,,data/json/overmap/overmap_terrain/overmap_terrain_mall.json,,
overmap,mall_a_71_basement,solid earth,dda,dda,missing,,,,data/json/overmap/overmap_terrain/overmap_terrain_mall.json,,
overmap,mi-go_camp1-1,mi-go encampment,dda,dda,missing,,,,data/json/overmap/overmap_terrain/overmap_terrain_mi-go.json,RISK_EXTREME,
overmap,mi-go_portal_roof,mi-go structure roof,dda,dda,missing,,,,data/json/overmap/overmap_terrain/overmap_terrain_mi-go.json,RISK_EXTREME,
overmap,microlab_distorted_hallway,distorted hallway,dda,dda,missing,,,,data/json/overmap/overmap_terrain/overmap_terrain_microlab.json,LINEAR,
overmap,microlab_generic_edge_room_connector,science lab,dda,dda,missing,,,,data/json/overmap/overmap_terrain/overmap_terrain_microlab.json,RISK_EXTREME | SOURCE_CHEMISTRY | SOURCE_MEDICINE,
overmap,microlab_generic_hallway_blind_end,science lab,dda,dda,missing,,,,data/json/overmap/overmap_terrain/overmap_terrain_microlab.json,RISK_EXTREME | SOURCE_CHEMISTRY | SOURCE_MEDICINE,
overmap,microlab_generic_isolated_elevator_pit,science lab,dda,dda,missing,,,,data/json/overmap/overmap_terrain/overmap_terrain_microlab.json,RISK_EXTREME | SOURCE_CHEMISTRY | SOURCE_MEDICINE,
overmap,microlab_generic_isolated_stairs_up,science lab,dda,dda,missing,,,,data/json/overmap/overmap_terrain/overmap_terrain_microlab.json,RISK_EXTREME | SOURCE_CHEMISTRY | SOURCE_MEDICINE,
overmap,microlab_portal_MSU14,Hub 14,dda,dda,missing,,,,data/json/overmap/overmap_terrain/overmap_terrain_microlab.json,RISK_EXTREME,
overmap,microlab_portal_MSU14_elevator,Hub 14 elevator,dda,dda,missing,,,,data/json/overmap/overmap_terrain/overmap_terrain_microlab.json,,
overmap,microlab_portal_dressroom,science lab,dda,dda,missing,,,,data/json/overmap/overmap_terrain/overmap_terrain_microlab.json,RISK_EXTREME | SOURCE_CHEMISTRY | SOURCE_MEDICINE,
overmap,microlab_portal_elevator,physics department elevator,dda,dda,missing,,,,data/json/overmap/overmap_terrain/overmap_terrain_microlab.json,,
overmap,microlab_portal_elevator_nether_glass,lost level,dda,dda,missing,,,,data/json/overmap/overmap_terrain/overmap_terrain_microlab.json,,
overmap,microlab_portal_elevator_physics_glass,physics department elevator,dda,dda,missing,,,,data/json/overmap/overmap_terrain/overmap_terrain_microlab.json,,
overmap,microlab_portal_security1,physics lab,dda,dda,missing,,,,data/json/overmap/overmap_terrain/overmap_terrain_microlab.json,RISK_EXTREME,
overmap,microlab_portal_security2,physics lab,dda,dda,missing,,,,data/json/overmap/overmap_terrain/overmap_terrain_microlab.json,RISK_EXTREME,
overmap,microlab_portal_security3,physics lab,dda,dda,missing,,,,data/json/overmap/overmap_terrain/overmap_terrain_microlab.json,RISK_EXTREME,
overmap,microlab_portal_security4,physics lab,dda,dda,missing,,,,data/json/overmap/overmap_terrain/overmap_terrain_microlab.json,RISK_EXTREME,
overmap,microlab_portal_security5,physics lab,dda,dda,missing,,,,data/json/overmap/overmap_terrain/overmap_terrain_microlab.json,RISK_EXTREME,
overmap,microlab_portal_security6,physics lab,dda,dda,missing,,,,data/json/overmap/overmap_terrain/overmap_terrain_microlab.json,RISK_EXTREME,
overmap,microlab_portal_security7,physics lab,dda,dda,missing,,,,data/json/overmap/overmap_terrain/overmap_terrain_microlab.json,RISK_EXTREME,
overmap,microlab_portal_security8,physics lab,dda,dda,missing,,,,data/json/overmap/overmap_terrain/overmap_terrain_microlab.json,RISK_EXTREME,
overmap,microlab_portal_security_hallway1,physics lab,dda,dda,missing,,,,data/json/overmap/overmap_terrain/overmap_terrain_microlab.json,RISK_EXTREME,
overmap,microlab_portal_security_hallway2,physics lab,dda,dda,missing,,,,data/json/overmap/overmap_terrain/overmap_terrain_microlab.json,RISK_EXTREME,
overmap,microlab_ratkin,science lab,dda,dda,missing,,,,data/json/overmap/overmap_terrain/overmap_terrain_microlab.json,NO_ROTATE | RISK_EXTREME | SOURCE_CHEMISTRY | SOURCE_MEDICINE,
overmap,microlab_ratkin_edge,science lab,dda,dda,missing,,,microlab_ratkin,data/json/overmap/overmap_terrain/overmap_terrain_microlab.json,NO_ROTATE | RISK_EXTREME | SOURCE_CHEMISTRY | SOURCE_MEDICINE,
overmap,microlab_ratkin_sub_entry,science lab,dda,dda,missing,,,,data/json/overmap/overmap_terrain/overmap_terrain_microlab.json,RISK_EXTREME | SOURCE_CHEMISTRY | SOURCE_MEDICINE,
overmap,microlab_ratkin_surface_connector,science lab,dda,dda,missing,,,microlab_ratkin,data/json/overmap/overmap_terrain/overmap_terrain_microlab.json,SHOULD_NOT_SPAWN,
overmap,microlab_ratkin_vent_shaft_connector,science lab,dda,dda,missing,,,microlab_ratkin,data/json/overmap/overmap_terrain/overmap_terrain_microlab.json,SHOULD_NOT_SPAWN,
overmap,microlab_reactor,science lab reactor,dda,dda,missing,,,,data/json/overmap/overmap_terrain/overmap_terrain_microlab.json,RISK_EXTREME,
overmap,microlab_reactor_b,science lab reactor,dda,dda,missing,,,,data/json/overmap/overmap_terrain/overmap_terrain_microlab.json,RISK_EXTREME,
overmap,microlab_sub_station_ratkin,pump station?,dda,dda,missing,,,,data/json/overmap/overmap_terrain/overmap_terrain_microlab.json,RISK_EXTREME | SOURCE_CHEMISTRY | SOURCE_MEDICINE,
overmap,mil_base_1b2,military base roof,dda,dda,missing,,,,data/json/overmap/overmap_terrain/overmap_terrain_military.json,,
overmap,mil_base_1g2,military base roof,dda,dda,missing,,,,data/json/overmap/overmap_terrain/overmap_terrain_military.json,,
overmap,mil_base_1k2,military base roof,dda,dda,missing,,,,data/json/overmap/overmap_terrain/overmap_terrain_military.json,,
overmap,mil_base_2b2,military base roof,dda,dda,missing,,,,data/json/overmap/overmap_terrain/overmap_terrain_military.json,,
overmap,mil_base_2g2,military base roof,dda,dda,missing,,,,data/json/overmap/overmap_terrain/overmap_terrain_military.json,,
overmap,mil_base_2k2,military base roof,dda,dda,missing,,,,data/json/overmap/overmap_terrain/overmap_terrain_military.json,,
overmap,mil_base_3b2,military base roof,dda,dda,missing,,,,data/json/overmap/overmap_terrain/overmap_terrain_military.json,,
overmap,mil_base_3g2,military base roof,dda,dda,missing,,,,data/json/overmap/overmap_terrain/overmap_terrain_military.json,,
overmap,mil_base_3k2,military base roof,dda,dda,missing,,,,data/json/overmap/overmap_terrain/overmap_terrain_military.json,,
overmap,mil_base_4b2,military base roof,dda,dda,missing,,,,data/json/overmap/overmap_terrain/overmap_terrain_military.json,,
overmap,mil_base_4k2,military base roof,dda,dda,missing,,,,data/json/overmap/overmap_terrain/overmap_terrain_military.json,,
overmap,mil_base_5b2,military base roof,dda,dda,missing,,,,data/json/overmap/overmap_terrain/overmap_terrain_military.json,,
overmap,mil_base_6b2,military base roof,dda,dda,missing,,,,data/json/overmap/overmap_terrain/overmap_terrain_military.json,,
overmap,mil_base_7b2,military base roof,dda,dda,missing,,,,data/json/overmap/overmap_terrain/overmap_terrain_military.json,,
overmap,mil_base_8b2,military base roof,dda,dda,missing,,,,data/json/overmap/overmap_terrain/overmap_terrain_military.json,,
overmap,mil_base_8g2,military base roof,dda,dda,missing,,,,data/json/overmap/overmap_terrain/overmap_terrain_military.json,,
overmap,mil_base_8k2,military base roof,dda,dda,missing,,,,data/json/overmap/overmap_terrain/overmap_terrain_military.json,,
overmap,mil_base_minefield_gate_left,military base perimeter,dda,dda,missing,,,generic_mil_base_minefield,data/json/overmap/overmap_terrain/overmap_terrain_military.json,,
overmap,mil_base_minefield_gate_right,military base perimeter,dda,dda,missing,,,generic_mil_base_minefield,data/json/overmap/overmap_terrain/overmap_terrain_military.json,,
overmap,mine_amigara_-1_central,mine tunnels,dda,dda,missing,,,,data/json/overmap/overmap_terrain/overmap_terrain_industrial.json,KNOWN_UP,
overmap,mine_amigara_-1_east,mine tunnels,dda,dda,missing,,,,data/json/overmap/overmap_terrain/overmap_terrain_industrial.json,KNOWN_UP,
overmap,mine_amigara_-1_west,mine tunnels,dda,dda,missing,,,,data/json/overmap/overmap_terrain/overmap_terrain_industrial.json,KNOWN_UP,
overmap,mine_amigara_central,mine tunnels,dda,dda,missing,,,,data/json/overmap/overmap_terrain/overmap_terrain_industrial.json,KNOWN_UP,
overmap,mine_amigara_east,mine tunnels,dda,dda,missing,,,,data/json/overmap/overmap_terrain/overmap_terrain_industrial.json,KNOWN_UP,
overmap,mine_amigara_finale_central,mine tunnels,dda,dda,missing,,,,data/json/overmap/overmap_terrain/overmap_terrain_industrial.json,KNOWN_UP,
overmap,mine_amigara_finale_east,mine tunnels,dda,dda,missing,,,,data/json/overmap/overmap_terrain/overmap_terrain_industrial.json,KNOWN_UP,
overmap,mine_amigara_finale_west,mine tunnels,dda,dda,missing,,,,data/json/overmap/overmap_terrain/overmap_terrain_industrial.json,KNOWN_UP,
overmap,mine_amigara_west,mine tunnels,dda,dda,missing,,,,data/json/overmap/overmap_terrain/overmap_terrain_industrial.json,KNOWN_UP,
overmap,mine_spiral_-1_n,mine tunnels,dda,dda,missing,,,,data/json/overmap/overmap_terrain/overmap_terrain_industrial.json,KNOWN_UP,
overmap,mine_spiral_-1_ne,mine tunnels,dda,dda,missing,,,,data/json/overmap/overmap_terrain/overmap_terrain_industrial.json,KNOWN_UP,
overmap,mine_spiral_-1_nw,mine tunnels,dda,dda,missing,,,,data/json/overmap/overmap_terrain/overmap_terrain_industrial.json,KNOWN_UP,
overmap,mine_spiral_-1_s,mine tunnels,dda,dda,missing,,,,data/json/overmap/overmap_terrain/overmap_terrain_industrial.json,KNOWN_UP,
overmap,mine_spiral_-1_se,mine tunnels,dda,dda,missing,,,,data/json/overmap/overmap_terrain/overmap_terrain_industrial.json,KNOWN_UP,
overmap,mine_spiral_-1_sw,mine tunnels,dda,dda,missing,,,,data/json/overmap/overmap_terrain/overmap_terrain_industrial.json,KNOWN_UP,
overmap,mine_spiral_central,mine tunnels,dda,dda,missing,,,,data/json/overmap/overmap_terrain/overmap_terrain_industrial.json,KNOWN_UP,
overmap,mine_spiral_east,mine tunnels,dda,dda,missing,,,,data/json/overmap/overmap_terrain/overmap_terrain_industrial.json,KNOWN_UP,
overmap,mine_spiral_finale_n,mine tunnels,dda,dda,missing,,,,data/json/overmap/overmap_terrain/overmap_terrain_industrial.json,KNOWN_UP,
overmap,mine_spiral_finale_ne,mine tunnels,dda,dda,missing,,,,data/json/overmap/overmap_terrain/overmap_terrain_industrial.json,KNOWN_UP,
overmap,mine_spiral_finale_nw,mine tunnels,dda,dda,missing,,,,data/json/overmap/overmap_terrain/overmap_terrain_industrial.json,KNOWN_UP,
overmap,mine_spiral_finale_s,mine tunnels,dda,dda,missing,,,,data/json/overmap/overmap_terrain/overmap_terrain_industrial.json,KNOWN_UP,
overmap,mine_spiral_finale_se,mine tunnels,dda,dda,missing,,,,data/json/overmap/overmap_terrain/overmap_terrain_industrial.json,KNOWN_UP,
overmap,mine_spiral_finale_sw,mine tunnels,dda,dda,missing,,,,data/json/overmap/overmap_terrain/overmap_terrain_industrial.json,KNOWN_UP,
overmap,mine_spiral_west,mine tunnels,dda,dda,missing,,,,data/json/overmap/overmap_terrain/overmap_terrain_industrial.json,KNOWN_UP,
overmap,mine_tunnel,mine tunnels,dda,dda,missing,,,,data/json/overmap/overmap_terrain/overmap_terrain_industrial.json,LINEAR,
overmap,mine_wyrms_central,mine tunnels,dda,dda,missing,,,,data/json/overmap/overmap_terrain/overmap_terrain_industrial.json,KNOWN_UP,
overmap,mine_wyrms_east,mine tunnels,dda,dda,missing,,,,data/json/overmap/overmap_terrain/overmap_terrain_industrial.json,KNOWN_UP,
overmap,mine_wyrms_finale,mine tunnels,dda,dda,missing,,,,data/json/overmap/overmap_terrain/overmap_terrain_industrial.json,KNOWN_UP,
overmap,mine_wyrms_west,mine tunnels,dda,dda,missing,,,,data/json/overmap/overmap_terrain/overmap_terrain_industrial.json,KNOWN_UP,
overmap,morgantown_1a,forested ruins,dda,dda,missing,,,,data/json/overmap/overmap_terrain/overmap_terrain_xedra_fieldstations.json,,
overmap,morgantown_1b,forested ruins,dda,dda,missing,,,,data/json/overmap/overmap_terrain/overmap_terrain_xedra_fieldstations.json,,
overmap,morgantown_1c,forested ruins,dda,dda,missing,,,,data/json/overmap/overmap_terrain/overmap_terrain_xedra_fieldstations.json,,
overmap,morgantown_2a,forested ruins,dda,dda,missing,,,,data/json/overmap/overmap_terrain/overmap_terrain_xedra_fieldstations.json,,
overmap,morgantown_2b,forested ruins,dda,dda,missing,,,,data/json/overmap/overmap_terrain/overmap_terrain_xedra_fieldstations.json,,
overmap,morgantown_2c,forested ruins,dda,dda,missing,,,,data/json/overmap/overmap_terrain/overmap_terrain_xedra_fieldstations.json,,
overmap,morgantown_3a,forested ruins,dda,dda,missing,,,,data/json/overmap/overmap_terrain/overmap_terrain_xedra_fieldstations.json,,
overmap,morgantown_3b,forested ruins,dda,dda,missing,,,,data/json/overmap/overmap_terrain/overmap_terrain_xedra_fieldstations.json,,
overmap,morgantown_3c,forested ruins,dda,dda,missing,,,,data/json/overmap/overmap_terrain/overmap_terrain_xedra_fieldstations.json,,
overmap,morgantown_forest,fenced-off forest,dda,dda,missing,,,,data/json/overmap/overmap_terrain/overmap_terrain_xedra_fieldstations.json,,
overmap,morgantown_forest_fence_corner,fenced-off forest,dda,dda,missing,,,,data/json/overmap/overmap_terrain/overmap_terrain_xedra_fieldstations.json,,
overmap,morgantown_forest_fence_entry,fenced-off forest,dda,dda,missing,,,,data/json/overmap/overmap_terrain/overmap_terrain_xedra_fieldstations.json,,
overmap,morgantown_forest_fence_entry_2,fenced-off forest,dda,dda,missing,,,,data/json/overmap/overmap_terrain/overmap_terrain_xedra_fieldstations.json,,
overmap,morgantown_forest_fence_s,fenced-off forest,dda,dda,missing,,,,data/json/overmap/overmap_terrain/overmap_terrain_xedra_fieldstations.json,,
overmap,nether_cucumber_lake_bed,nether cucumber lake bed,dda,dda,missing,,,,data/json/overmap/overmap_terrain/overmap_terrain_sunkenheli.json,NO_ROTATE | LAKE,
overmap,nether_glass,abyss,dda,dda,missing,,,,data/json/overmap/overmap_terrain/overmap_terrain_nether.json,RISK_EXTREME,
overmap,nether_glass_deep,abyss,dda,dda,missing,,,,data/json/overmap/overmap_terrain/overmap_terrain_nether.json,RISK_EXTREME,
overmap,nether_glass_impassable,abyss,dda,dda,missing,,,,data/json/overmap/overmap_terrain/overmap_terrain_nether.json,RISK_EXTREME,
overmap,nether_glass_imperial_road,abyss,dda,dda,missing,,,,data/json/overmap/overmap_terrain/overmap_terrain_nether.json,RISK_EXTREME,
overmap,netherum_labyrinth_sparkling_chasm,sparkling chasm,dda,dda,missing,,,,data/json/overmap/overmap_terrain/overmap_terrain_netherum_labyrinth.json,NO_ROTATE,
overmap,nuclear_plant_0_0_-1,nuclear plant,dda,dda,missing,,,,data/json/overmap/overmap_terrain/overmap_terrain_nuclear_plant.json,,
overmap,nuclear_plant_0_1_-1,nuclear plant,dda,dda,missing,,,,data/json/overmap/overmap_terrain/overmap_terrain_nuclear_plant.json,,
overmap,nuclear_plant_0_2_-1,nuclear plant,dda,dda,missing,,,,data/json/overmap/overmap_terrain/overmap_terrain_nuclear_plant.json,,
overmap,nuclear_plant_0_3_-1,nuclear plant,dda,dda,missing,,,,data/json/overmap/overmap_terrain/overmap_terrain_nuclear_plant.json,,
overmap,nuclear_plant_0_4_-1,nuclear plant,dda,dda,missing,,,,data/json/overmap/overmap_terrain/overmap_terrain_nuclear_plant.json,,
overmap,nuclear_plant_0_5_-1,nuclear plant,dda,dda,missing,,,,data/json/overmap/overmap_terrain/overmap_terrain_nuclear_plant.json,,
overmap,nuclear_plant_0_6_-1,nuclear plant,dda,dda,missing,,,,data/json/overmap/overmap_terrain/overmap_terrain_nuclear_plant.json,,
overmap,nuclear_plant_0_7_-1,nuclear plant,dda,dda,missing,,,,data/json/overmap/overmap_terrain/overmap_terrain_nuclear_plant.json,,
overmap,nuclear_plant_10_0_-1,nuclear plant,dda,dda,missing,,,,data/json/overmap/overmap_terrain/overmap_terrain_nuclear_plant.json,,
overmap,nuclear_plant_10_1_-1,nuclear plant,dda,dda,missing,,,,data/json/overmap/overmap_terrain/overmap_terrain_nuclear_plant.json,,
overmap,nuclear_plant_10_2_-1,nuclear plant,dda,dda,missing,,,,data/json/overmap/overmap_terrain/overmap_terrain_nuclear_plant.json,,
overmap,nuclear_plant_10_3_-1,nuclear plant,dda,dda,missing,,,,data/json/overmap/overmap_terrain/overmap_terrain_nuclear_plant.json,,
overmap,nuclear_plant_10_4_-1,nuclear plant,dda,dda,missing,,,,data/json/overmap/overmap_terrain/overmap_terrain_nuclear_plant.json,,
overmap,nuclear_plant_10_5_-1,nuclear plant,dda,dda,missing,,,,data/json/overmap/overmap_terrain/overmap_terrain_nuclear_plant.json,,
overmap,nuclear_plant_10_6_-1,nuclear plant,dda,dda,missing,,,,data/json/overmap/overmap_terrain/overmap_terrain_nuclear_plant.json,,
overmap,nuclear_plant_10_7_-1,nuclear plant,dda,dda,missing,,,,data/json/overmap/overmap_terrain/overmap_terrain_nuclear_plant.json,,
overmap,nuclear_plant_11_0_-1,nuclear plant,dda,dda,missing,,,,data/json/overmap/overmap_terrain/overmap_terrain_nuclear_plant.json,,
overmap,nuclear_plant_11_1_-1,nuclear plant,dda,dda,missing,,,,data/json/overmap/overmap_terrain/overmap_terrain_nuclear_plant.json,,
overmap,nuclear_plant_11_2_-1,nuclear plant,dda,dda,missing,,,,data/json/overmap/overmap_terrain/overmap_terrain_nuclear_plant.json,,
overmap,nuclear_plant_11_3_-1,nuclear plant,dda,dda,missing,,,,data/json/overmap/overmap_terrain/overmap_terrain_nuclear_plant.json,,
overmap,nuclear_plant_11_4_-1,nuclear plant,dda,dda,missing,,,,data/json/overmap/overmap_terrain/overmap_terrain_nuclear_plant.json,,
overmap,nuclear_plant_11_5_-1,nuclear plant,dda,dda,missing,,,,data/json/overmap/overmap_terrain/overmap_terrain_nuclear_plant.json,,
overmap,nuclear_plant_11_6_-1,nuclear plant,dda,dda,missing,,,,data/json/overmap/overmap_terrain/overmap_terrain_nuclear_plant.json,,
overmap,nuclear_plant_11_7_-1,nuclear plant,dda,dda,missing,,,,data/json/overmap/overmap_terrain/overmap_terrain_nuclear_plant.json,,
overmap,nuclear_plant_12_0_-1,nuclear plant,dda,dda,missing,,,,data/json/overmap/overmap_terrain/overmap_terrain_nuclear_plant.json,,
overmap,nuclear_plant_12_1_-1,nuclear plant,dda,dda,missing,,,,data/json/overmap/overmap_terrain/overmap_terrain_nuclear_plant.json,,
overmap,nuclear_plant_12_2_-1,nuclear plant,dda,dda,missing,,,,data/json/overmap/overmap_terrain/overmap_terrain_nuclear_plant.json,,
overmap,nuclear_plant_12_3_-1,nuclear plant,dda,dda,missing,,,,data/json/overmap/overmap_terrain/overmap_terrain_nuclear_plant.json,,
overmap,nuclear_plant_12_4_-1,nuclear plant,dda,dda,missing,,,,data/json/overmap/overmap_terrain/overmap_terrain_nuclear_plant.json,,
overmap,nuclear_plant_12_5_-1,nuclear plant,dda,dda,missing,,,,data/json/overmap/overmap_terrain/overmap_terrain_nuclear_plant.json,,
overmap,nuclear_plant_12_6_-1,nuclear plant,dda,dda,missing,,,,data/json/overmap/overmap_terrain/overmap_terrain_nuclear_plant.json,,
overmap,nuclear_plant_12_7_-1,nuclear plant,dda,dda,missing,,,,data/json/overmap/overmap_terrain/overmap_terrain_nuclear_plant.json,,
overmap,nuclear_plant_13_0_-1,nuclear plant,dda,dda,missing,,,,data/json/overmap/overmap_terrain/overmap_terrain_nuclear_plant.json,,
overmap,nuclear_plant_13_1_-1,nuclear plant,dda,dda,missing,,,,data/json/overmap/overmap_terrain/overmap_terrain_nuclear_plant.json,,
overmap,nuclear_plant_13_2_-1,nuclear plant,dda,dda,missing,,,,data/json/overmap/overmap_terrain/overmap_terrain_nuclear_plant.json,,
overmap,nuclear_plant_13_3_-1,nuclear plant,dda,dda,missing,,,,data/json/overmap/overmap_terrain/overmap_terrain_nuclear_plant.json,,
overmap,nuclear_plant_13_4_-1,nuclear plant,dda,dda,missing,,,,data/json/overmap/overmap_terrain/overmap_terrain_nuclear_plant.json,,
overmap,nuclear_plant_13_5_-1,nuclear plant,dda,dda,missing,,,,data/json/overmap/overmap_terrain/overmap_terrain_nuclear_plant.json,,
overmap,nuclear_plant_13_6_-1,nuclear plant,dda,dda,missing,,,,data/json/overmap/overmap_terrain/overmap_terrain_nuclear_plant.json,,
overmap,nuclear_plant_13_7_-1,nuclear plant,dda,dda,missing,,,,data/json/overmap/overmap_terrain/overmap_terrain_nuclear_plant.json,,
overmap,nuclear_plant_14_0_-1,nuclear plant,dda,dda,missing,,,,data/json/overmap/overmap_terrain/overmap_terrain_nuclear_plant.json,,
overmap,nuclear_plant_14_1_-1,nuclear plant,dda,dda,missing,,,,data/json/overmap/overmap_terrain/overmap_terrain_nuclear_plant.json,,
overmap,nuclear_plant_14_2_-1,nuclear plant,dda,dda,missing,,,,data/json/overmap/overmap_terrain/overmap_terrain_nuclear_plant.json,,
overmap,nuclear_plant_14_3_-1,nuclear plant,dda,dda,missing,,,,data/json/overmap/overmap_terrain/overmap_terrain_nuclear_plant.json,,
overmap,nuclear_plant_14_4_-1,nuclear plant,dda,dda,missing,,,,data/json/overmap/overmap_terrain/overmap_terrain_nuclear_plant.json,,
overmap,nuclear_plant_14_5_-1,nuclear plant,dda,dda,missing,,,,data/json/overmap/overmap_terrain/overmap_terrain_nuclear_plant.json,,
overmap,nuclear_plant_14_6_-1,nuclear plant,dda,dda,missing,,,,data/json/overmap/overmap_terrain/overmap_terrain_nuclear_plant.json,,
overmap,nuclear_plant_14_7_-1,nuclear plant,dda,dda,missing,,,,data/json/overmap/overmap_terrain/overmap_terrain_nuclear_plant.json,,
overmap,nuclear_plant_15_0_-1,nuclear plant,dda,dda,missing,,,,data/json/overmap/overmap_terrain/overmap_terrain_nuclear_plant.json,,
overmap,nuclear_plant_15_1_-1,nuclear plant,dda,dda,missing,,,,data/json/overmap/overmap_terrain/overmap_terrain_nuclear_plant.json,,
overmap,nuclear_plant_15_2_-1,nuclear plant,dda,dda,missing,,,,data/json/overmap/overmap_terrain/overmap_terrain_nuclear_plant.json,,
overmap,nuclear_plant_15_3_-1,nuclear plant,dda,dda,missing,,,,data/json/overmap/overmap_terrain/overmap_terrain_nuclear_plant.json,,
overmap,nuclear_plant_15_4_-1,nuclear plant,dda,dda,missing,,,,data/json/overmap/overmap_terrain/overmap_terrain_nuclear_plant.json,,
overmap,nuclear_plant_15_5_-1,nuclear plant,dda,dda,missing,,,,data/json/overmap/overmap_terrain/overmap_terrain_nuclear_plant.json,,
overmap,nuclear_plant_15_6_-1,nuclear plant,dda,dda,missing,,,,data/json/overmap/overmap_terrain/overmap_terrain_nuclear_plant.json,,
overmap,nuclear_plant_15_7_-1,nuclear plant,dda,dda,missing,,,,data/json/overmap/overmap_terrain/overmap_terrain_nuclear_plant.json,,
overmap,nuclear_plant_1_0_-1,nuclear plant,dda,dda,missing,,,,data/json/overmap/overmap_terrain/overmap_terrain_nuclear_plant.json,,
overmap,nuclear_plant_1_1_-1,nuclear plant,dda,dda,missing,,,,data/json/overmap/overmap_terrain/overmap_terrain_nuclear_plant.json,,
overmap,nuclear_plant_1_2_-1,nuclear plant,dda,dda,missing,,,,data/json/overmap/overmap_terrain/overmap_terrain_nuclear_plant.json,,
overmap,nuclear_plant_1_3_-1,nuclear plant,dda,dda,missing,,,,data/json/overmap/overmap_terrain/overmap_terrain_nuclear_plant.json,,
overmap,nuclear_plant_1_4_-1,nuclear plant,dda,dda,missing,,,,data/json/overmap/overmap_terrain/overmap_terrain_nuclear_plant.json,,
overmap,nuclear_plant_1_5_-1,nuclear plant,dda,dda,missing,,,,data/json/overmap/overmap_terrain/overmap_terrain_nuclear_plant.json,,
overmap,nuclear_plant_1_6_-1,nuclear plant,dda,dda,missing,,,,data/json/overmap/overmap_terrain/overmap_terrain_nuclear_plant.json,,
overmap,nuclear_plant_1_7_-1,nuclear plant,dda,dda,missing,,,,data/json/overmap/overmap_terrain/overmap_terrain_nuclear_plant.json,,
overmap,nuclear_plant_2_0_-1,nuclear plant,dda,dda,missing,,,,data/json/overmap/overmap_terrain/overmap_terrain_nuclear_plant.json,,
overmap,nuclear_plant_2_1_-1,nuclear plant,dda,dda,missing,,,,data/json/overmap/overmap_terrain/overmap_terrain_nuclear_plant.json,,
overmap,nuclear_plant_2_2_-1,nuclear plant,dda,dda,missing,,,,data/json/overmap/overmap_terrain/overmap_terrain_nuclear_plant.json,,
overmap,nuclear_plant_2_3_-1,nuclear plant,dda,dda,missing,,,,data/json/overmap/overmap_terrain/overmap_terrain_nuclear_plant.json,,
overmap,nuclear_plant_2_4_-1,nuclear plant,dda,dda,missing,,,,data/json/overmap/overmap_terrain/overmap_terrain_nuclear_plant.json,,
overmap,nuclear_plant_2_5_-1,nuclear plant,dda,dda,missing,,,,data/json/overmap/overmap_terrain/overmap_terrain_nuclear_plant.json,,
overmap,nuclear_plant_2_6_-1,nuclear plant,dda,dda,missing,,,,data/json/overmap/overmap_terrain/overmap_terrain_nuclear_plant.json,,
overmap,nuclear_plant_2_7_-1,nuclear plant,dda,dda,missing,,,,data/json/overmap/overmap_terrain/overmap_terrain_nuclear_plant.json,,
overmap,nuclear_plant_3_0_-1,nuclear plant,dda,dda,missing,,,,data/json/overmap/overmap_terrain/overmap_terrain_nuclear_plant.json,,
overmap,nuclear_plant_3_1_-1,nuclear plant,dda,dda,missing,,,,data/json/overmap/overmap_terrain/overmap_terrain_nuclear_plant.json,,
overmap,nuclear_plant_3_2_-1,nuclear plant,dda,dda,missing,,,,data/json/overmap/overmap_terrain/overmap_terrain_nuclear_plant.json,,
overmap,nuclear_plant_3_3_-1,nuclear plant,dda,dda,missing,,,,data/json/overmap/overmap_terrain/overmap_terrain_nuclear_plant.json,,
overmap,nuclear_plant_3_4_-1,nuclear plant,dda,dda,missing,,,,data/json/overmap/overmap_terrain/overmap_terrain_nuclear_plant.json,,
overmap,nuclear_plant_3_5_-1,nuclear plant,dda,dda,missing,,,,data/json/overmap/overmap_terrain/overmap_terrain_nuclear_plant.json,,
overmap,nuclear_plant_3_6_-1,nuclear plant,dda,dda,missing,,,,data/json/overmap/overmap_terrain/overmap_terrain_nuclear_plant.json,,
overmap,nuclear_plant_3_7_-1,nuclear plant,dda,dda,missing,,,,data/json/overmap/overmap_terrain/overmap_terrain_nuclear_plant.json,,
overmap,nuclear_plant_4_0_-1,nuclear plant,dda,dda,missing,,,,data/json/overmap/overmap_terrain/overmap_terrain_nuclear_plant.json,,
overmap,nuclear_plant_4_1_-1,nuclear plant,dda,dda,missing,,,,data/json/overmap/overmap_terrain/overmap_terrain_nuclear_plant.json,,
overmap,nuclear_plant_4_2_-1,nuclear plant,dda,dda,missing,,,,data/json/overmap/overmap_terrain/overmap_terrain_nuclear_plant.json,,
overmap,nuclear_plant_4_3_-1,nuclear plant,dda,dda,missing,,,,data/json/overmap/overmap_terrain/overmap_terrain_nuclear_plant.json,,
overmap,nuclear_plant_4_4_-1,nuclear plant,dda,dda,missing,,,,data/json/overmap/overmap_terrain/overmap_terrain_nuclear_plant.json,,
overmap,nuclear_plant_4_5_-1,nuclear plant,dda,dda,missing,,,,data/json/overmap/overmap_terrain/overmap_terrain_nuclear_plant.json,,
overmap,nuclear_plant_4_6_-1,nuclear plant,dda,dda,missing,,,,data/json/overmap/overmap_terrain/overmap_terrain_nuclear_plant.json,,
overmap,nuclear_plant_4_7_-1,nuclear plant,dda,dda,missing,,,,data/json/overmap/overmap_terrain/overmap_terrain_nuclear_plant.json,,
overmap,nuclear_plant_5_0_-1,nuclear plant,dda,dda,missing,,,,data/json/overmap/overmap_terrain/overmap_terrain_nuclear_plant.json,,
overmap,nuclear_plant_5_1_-1,nuclear plant,dda,dda,missing,,,,data/json/overmap/overmap_terrain/overmap_terrain_nuclear_plant.json,,
overmap,nuclear_plant_5_2_-1,nuclear plant,dda,dda,missing,,,,data/json/overmap/overmap_terrain/overmap_terrain_nuclear_plant.json,,
overmap,nuclear_plant_5_3_-1,nuclear plant,dda,dda,missing,,,,data/json/overmap/overmap_terrain/overmap_terrain_nuclear_plant.json,,
overmap,nuclear_plant_5_4_-1,nuclear plant,dda,dda,missing,,,,data/json/overmap/overmap_terrain/overmap_terrain_nuclear_plant.json,,
overmap,nuclear_plant_5_5_-1,nuclear plant,dda,dda,missing,,,,data/json/overmap/overmap_terrain/overmap_terrain_nuclear_plant.json,,
overmap,nuclear_plant_5_6_-1,nuclear plant,dda,dda,missing,,,,data/json/overmap/overmap_terrain/overmap_terrain_nuclear_plant.json,,
overmap,nuclear_plant_5_7_-1,nuclear plant,dda,dda,missing,,,,data/json/overmap/overmap_terrain/overmap_terrain_nuclear_plant.json,,
overmap,nuclear_plant_6_0_-1,nuclear plant,dda,dda,missing,,,,data/json/overmap/overmap_terrain/overmap_terrain_nuclear_plant.json,,
overmap,nuclear_plant_6_1_-1,nuclear plant,dda,dda,missing,,,,data/json/overmap/overmap_terrain/overmap_terrain_nuclear_plant.json,,
overmap,nuclear_plant_6_2_-1,nuclear plant,dda,dda,missing,,,,data/json/overmap/overmap_terrain/overmap_terrain_nuclear_plant.json,,
overmap,nuclear_plant_6_3_-1,nuclear plant,dda,dda,missing,,,,data/json/overmap/overmap_terrain/overmap_terrain_nuclear_plant.json,,
overmap,nuclear_plant_6_4_-1,nuclear plant,dda,dda,missing,,,,data/json/overmap/overmap_terrain/overmap_terrain_nuclear_plant.json,,
overmap,nuclear_plant_6_5_-1,nuclear plant,dda,dda,missing,,,,data/json/overmap/overmap_terrain/overmap_terrain_nuclear_plant.json,,
overmap,nuclear_plant_6_6_-1,nuclear plant,dda,dda,missing,,,,data/json/overmap/overmap_terrain/overmap_terrain_nuclear_plant.json,,
overmap,nuclear_plant_6_7_-1,nuclear plant,dda,dda,missing,,,,data/json/overmap/overmap_terrain/overmap_terrain_nuclear_plant.json,,
overmap,nuclear_plant_7_0_-1,nuclear plant,dda,dda,missing,,,,data/json/overmap/overmap_terrain/overmap_terrain_nuclear_plant.json,,
overmap,nuclear_plant_7_1_-1,nuclear plant,dda,dda,missing,,,,data/json/overmap/overmap_terrain/overmap_terrain_nuclear_plant.json,,
overmap,nuclear_plant_7_2_-1,nuclear plant,dda,dda,missing,,,,data/json/overmap/overmap_terrain/overmap_terrain_nuclear_plant.json,,
overmap,nuclear_plant_7_3_-1,nuclear plant,dda,dda,missing,,,,data/json/overmap/overmap_terrain/overmap_terrain_nuclear_plant.json,,
overmap,nuclear_plant_7_4_-1,nuclear plant,dda,dda,missing,,,,data/json/overmap/overmap_terrain/overmap_terrain_nuclear_plant.json,,
overmap,nuclear_plant_7_5_-1,nuclear plant,dda,dda,missing,,,,data/json/overmap/overmap_terrain/overmap_terrain_nuclear_plant.json,,
overmap,nuclear_plant_7_6_-1,nuclear plant,dda,dda,missing,,,,data/json/overmap/overmap_terrain/overmap_terrain_nuclear_plant.json,,
overmap,nuclear_plant_7_7_-1,nuclear plant,dda,dda,missing,,,,data/json/overmap/overmap_terrain/overmap_terrain_nuclear_plant.json,,
overmap,nuclear_plant_8_0_-1,nuclear plant,dda,dda,missing,,,,data/json/overmap/overmap_terrain/overmap_terrain_nuclear_plant.json,,
overmap,nuclear_plant_8_1_-1,nuclear plant,dda,dda,missing,,,,data/json/overmap/overmap_terrain/overmap_terrain_nuclear_plant.json,,
overmap,nuclear_plant_8_2_-1,nuclear plant,dda,dda,missing,,,,data/json/overmap/overmap_terrain/overmap_terrain_nuclear_plant.json,,
overmap,nuclear_plant_8_3_-1,nuclear plant,dda,dda,missing,,,,data/json/overmap/overmap_terrain/overmap_terrain_nuclear_plant.json,,
overmap,nuclear_plant_8_4_-1,nuclear plant,dda,dda,missing,,,,data/json/overmap/overmap_terrain/overmap_terrain_nuclear_plant.json,,
overmap,nuclear_plant_8_5_-1,nuclear plant,dda,dda,missing,,,,data/json/overmap/overmap_terrain/overmap_terrain_nuclear_plant.json,,
overmap,nuclear_plant_8_6_-1,nuclear plant,dda,dda,missing,,,,data/json/overmap/overmap_terrain/overmap_terrain_nuclear_plant.json,,
overmap,nuclear_plant_8_7_-1,nuclear plant,dda,dda,missing,,,,data/json/overmap/overmap_terrain/overmap_terrain_nuclear_plant.json,,
overmap,nuclear_plant_9_0_-1,nuclear plant,dda,dda,missing,,,,data/json/overmap/overmap_terrain/overmap_terrain_nuclear_plant.json,,
overmap,nuclear_plant_9_1_-1,nuclear plant,dda,dda,missing,,,,data/json/overmap/overmap_terrain/overmap_terrain_nuclear_plant.json,,
overmap,nuclear_plant_9_2_-1,nuclear plant,dda,dda,missing,,,,data/json/overmap/overmap_terrain/overmap_terrain_nuclear_plant.json,,
overmap,nuclear_plant_9_3_-1,nuclear plant,dda,dda,missing,,,,data/json/overmap/overmap_terrain/overmap_terrain_nuclear_plant.json,,
overmap,nuclear_plant_9_4_-1,nuclear plant,dda,dda,missing,,,,data/json/overmap/overmap_terrain/overmap_terrain_nuclear_plant.json,,
overmap,nuclear_plant_9_5_-1,nuclear plant,dda,dda,missing,,,,data/json/overmap/overmap_terrain/overmap_terrain_nuclear_plant.json,,
overmap,nuclear_plant_9_6_-1,nuclear plant,dda,dda,missing,,,,data/json/overmap/overmap_terrain/overmap_terrain_nuclear_plant.json,,
overmap,nuclear_plant_9_7_-1,nuclear plant,dda,dda,missing,,,,data/json/overmap/overmap_terrain/overmap_terrain_nuclear_plant.json,,
overmap,nursing_home_b1,nursing home basement,dda,dda,missing,,,,data/json/overmap/overmap_terrain/overmap_terrain_public_institutional.json,,
overmap,nursing_home_b10,nursing home basement,dda,dda,missing,,,,data/json/overmap/overmap_terrain/overmap_terrain_public_institutional.json,,
overmap,nursing_home_b11,nursing home basement,dda,dda,missing,,,,data/json/overmap/overmap_terrain/overmap_terrain_public_institutional.json,,
overmap,nursing_home_b12,nursing home basement,dda,dda,missing,,,,data/json/overmap/overmap_terrain/overmap_terrain_public_institutional.json,,
overmap,nursing_home_b2,nursing home basement,dda,dda,missing,,,,data/json/overmap/overmap_terrain/overmap_terrain_public_institutional.json,,
overmap,nursing_home_b3,nursing home basement,dda,dda,missing,,,,data/json/overmap/overmap_terrain/overmap_terrain_public_institutional.json,,
overmap,nursing_home_b4,nursing home basement,dda,dda,missing,,,,data/json/overmap/overmap_terrain/overmap_terrain_public_institutional.json,,
overmap,nursing_home_b5,nursing home basement,dda,dda,missing,,,,data/json/overmap/overmap_terrain/overmap_terrain_public_institutional.json,,
overmap,nursing_home_b6,nursing home basement,dda,dda,missing,,,,data/json/overmap/overmap_terrain/overmap_terrain_public_institutional.json,,
overmap,nursing_home_b7,nursing home basement,dda,dda,missing,,,,data/json/overmap/overmap_terrain/overmap_terrain_public_institutional.json,,
overmap,nursing_home_b8,nursing home basement,dda,dda,missing,,,,data/json/overmap/overmap_terrain/overmap_terrain_public_institutional.json,,
overmap,nursing_home_b9,nursing home basement,dda,dda,missing,,,,data/json/overmap/overmap_terrain/overmap_terrain_public_institutional.json,,
overmap,nursing_home_bb1,nursing home basement,dda,dda,missing,,,,data/json/overmap/overmap_terrain/overmap_terrain_public_institutional.json,,
overmap,nursing_home_bb10,nursing home basement,dda,dda,missing,,,,data/json/overmap/overmap_terrain/overmap_terrain_public_institutional.json,,
overmap,nursing_home_bb11,nursing home basement,dda,dda,missing,,,,data/json/overmap/overmap_terrain/overmap_terrain_public_institutional.json,,
overmap,nursing_home_bb12,nursing home basement,dda,dda,missing,,,,data/json/overmap/overmap_terrain/overmap_terrain_public_institutional.json,,
overmap,nursing_home_bb2,nursing home basement,dda,dda,missing,,,,data/json/overmap/overmap_terrain/overmap_terrain_public_institutional.json,,
overmap,nursing_home_bb3,nursing home basement,dda,dda,missing,,,,data/json/overmap/overmap_terrain/overmap_terrain_public_institutional.json,,
overmap,nursing_home_bb4,nursing home basement,dda,dda,missing,,,,data/json/overmap/overmap_terrain/overmap_terrain_public_institutional.json,,
overmap,nursing_home_bb5,nursing home basement,dda,dda,missing,,,,data/json/overmap/overmap_terrain/overmap_terrain_public_institutional.json,,
overmap,nursing_home_bb6,nursing home basement,dda,dda,missing,,,,data/json/overmap/overmap_terrain/overmap_terrain_public_institutional.json,,
overmap,nursing_home_bb7,nursing home basement,dda,dda,missing,,,,data/json/overmap/overmap_terrain/overmap_terrain_public_institutional.json,,
overmap,nursing_home_bb8,nursing home basement,dda,dda,missing,,,,data/json/overmap/overmap_terrain/overmap_terrain_public_institutional.json,,
overmap,nursing_home_bb9,nursing home basement,dda,dda,missing,,,,data/json/overmap/overmap_terrain/overmap_terrain_public_institutional.json,,
overmap,nursing_home_lab1,nursing home lab,dda,dda,missing,,,,data/json/overmap/overmap_terrain/overmap_terrain_public_institutional.json,,
overmap,nursing_home_lab10,nursing home lab,dda,dda,missing,,,,data/json/overmap/overmap_terrain/overmap_terrain_public_institutional.json,,
overmap,nursing_home_lab11,nursing home lab,dda,dda,missing,,,,data/json/overmap/overmap_terrain/overmap_terrain_public_institutional.json,,
overmap,nursing_home_lab12,nursing home lab,dda,dda,missing,,,,data/json/overmap/overmap_terrain/overmap_terrain_public_institutional.json,,
overmap,nursing_home_lab2,nursing home lab,dda,dda,missing,,,,data/json/overmap/overmap_terrain/overmap_terrain_public_institutional.json,,
overmap,nursing_home_lab3,nursing home lab,dda,dda,missing,,,,data/json/overmap/overmap_terrain/overmap_terrain_public_institutional.json,,
overmap,nursing_home_lab4,nursing home lab,dda,dda,missing,,,,data/json/overmap/overmap_terrain/overmap_terrain_public_institutional.json,,
overmap,nursing_home_lab5,nursing home lab,dda,dda,missing,,,,data/json/overmap/overmap_terrain/overmap_terrain_public_institutional.json,,
overmap,nursing_home_lab6,nursing home lab,dda,dda,missing,,,,data/json/overmap/overmap_terrain/overmap_terrain_public_institutional.json,,
overmap,nursing_home_lab7,nursing home lab,dda,dda,missing,,,,data/json/overmap/overmap_terrain/overmap_terrain_public_institutional.json,,
overmap,nursing_home_lab8,nursing home lab,dda,dda,missing,,,,data/json/overmap/overmap_terrain/overmap_terrain_public_institutional.json,,
overmap,nursing_home_lab9,nursing home lab,dda,dda,missing,,,,data/json/overmap/overmap_terrain/overmap_terrain_public_institutional.json,,
overmap,ocean_bed,ocean bed (submerged),dda,dda,missing,,,generic_ocean | generic_water,data/json/overmap/overmap_terrain/overmap_terrain_waterbody.json,NO_ROTATE | OCEAN,
overmap,ocean_shore,ocean shore,dda,dda,missing,,,generic_ocean | generic_water,data/json/overmap/overmap_terrain/overmap_terrain_waterbody.json,NO_ROTATE | OCEAN_SHORE | IGNORE_ROTATION_FOR_ADJACENCY,
overmap,ocean_surface,ocean,dda,dda,missing,,,generic_ocean | generic_water,data/json/overmap/overmap_terrain/overmap_terrain_waterbody.json,NO_ROTATE | OCEAN,
overmap,ocean_water_cube,ocean (submerged),dda,dda,missing,,,generic_ocean | generic_water,data/json/overmap/overmap_terrain/overmap_terrain_waterbody.json,NO_ROTATE | OCEAN,
overmap,oil_platform_1a_0,oil platform,dda,dda,missing,,,,data/json/overmap/overmap_terrain/overmap_terrain_oil_platform.json,RISK_HIGH | OCEAN | SOURCE_FUEL | GENERIC_LOOT,
overmap,oil_platform_1a_1,oil platform,dda,dda,missing,,,,data/json/overmap/overmap_terrain/overmap_terrain_oil_platform.json,RISK_HIGH | OCEAN | SOURCE_FUEL | GENERIC_LOOT,
overmap,oil_platform_1a_2,oil platform,dda,dda,missing,,,,data/json/overmap/overmap_terrain/overmap_terrain_oil_platform.json,RISK_HIGH | OCEAN | SOURCE_FUEL | GENERIC_LOOT,
overmap,oil_platform_1a_3,oil platform,dda,dda,missing,,,,data/json/overmap/overmap_terrain/overmap_terrain_oil_platform.json,RISK_HIGH | OCEAN | SOURCE_FUEL | GENERIC_LOOT,
overmap,oil_platform_1a_4,oil platform,dda,dda,missing,,,,data/json/overmap/overmap_terrain/overmap_terrain_oil_platform.json,RISK_HIGH | OCEAN | SOURCE_FUEL | GENERIC_LOOT,
overmap,oil_platform_1a_5,oil platform,dda,dda,missing,,,,data/json/overmap/overmap_terrain/overmap_terrain_oil_platform.json,RISK_HIGH | OCEAN | SOURCE_FUEL | GENERIC_LOOT,
overmap,oil_platform_1a_6,oil platform,dda,dda,missing,,,,data/json/overmap/overmap_terrain/overmap_terrain_oil_platform.json,RISK_HIGH | OCEAN | SOURCE_FUEL | GENERIC_LOOT,
overmap,oil_platform_1a_7,oil platform,dda,dda,missing,,,,data/json/overmap/overmap_terrain/overmap_terrain_oil_platform.json,RISK_HIGH | OCEAN | SOURCE_FUEL | GENERIC_LOOT,
overmap,oil_platform_1a_uw,oil platform,dda,dda,missing,,,,data/json/overmap/overmap_terrain/overmap_terrain_oil_platform.json,RISK_HIGH | OCEAN | SOURCE_FUEL | GENERIC_LOOT,
overmap,oil_platform_1a_z-8,oil platform,dda,dda,missing,,,,data/json/overmap/overmap_terrain/overmap_terrain_oil_platform.json,RISK_HIGH | OCEAN | SOURCE_FUEL | GENERIC_LOOT,
overmap,oil_platform_1a_z-9,oil platform,dda,dda,missing,,,,data/json/overmap/overmap_terrain/overmap_terrain_oil_platform.json,RISK_HIGH | OCEAN | SOURCE_FUEL | GENERIC_LOOT,
overmap,oil_platform_1b_0,oil platform,dda,dda,missing,,,,data/json/overmap/overmap_terrain/overmap_terrain_oil_platform.json,RISK_HIGH | OCEAN | SOURCE_FUEL | GENERIC_LOOT,
overmap,oil_platform_1b_1,oil platform,dda,dda,missing,,,,data/json/overmap/overmap_terrain/overmap_terrain_oil_platform.json,RISK_HIGH | OCEAN | SOURCE_FUEL | GENERIC_LOOT,
overmap,oil_platform_1b_2,oil platform,dda,dda,missing,,,,data/json/overmap/overmap_terrain/overmap_terrain_oil_platform.json,RISK_HIGH | OCEAN | SOURCE_FUEL | GENERIC_LOOT,
overmap,oil_platform_1b_3,oil platform,dda,dda,missing,,,,data/json/overmap/overmap_terrain/overmap_terrain_oil_platform.json,RISK_HIGH | OCEAN | SOURCE_FUEL | GENERIC_LOOT,
overmap,oil_platform_1b_4,oil platform,dda,dda,missing,,,,data/json/overmap/overmap_terrain/overmap_terrain_oil_platform.json,RISK_HIGH | OCEAN | SOURCE_FUEL | GENERIC_LOOT,
overmap,oil_platform_1b_5,oil platform,dda,dda,missing,,,,data/json/overmap/overmap_terrain/overmap_terrain_oil_platform.json,RISK_HIGH | OCEAN | SOURCE_FUEL | GENERIC_LOOT,
overmap,oil_platform_1b_6,oil platform,dda,dda,missing,,,,data/json/overmap/overmap_terrain/overmap_terrain_oil_platform.json,RISK_HIGH | OCEAN | SOURCE_FUEL | GENERIC_LOOT,
overmap,oil_platform_1b_7,oil platform,dda,dda,missing,,,,data/json/overmap/overmap_terrain/overmap_terrain_oil_platform.json,RISK_HIGH | OCEAN | SOURCE_FUEL | GENERIC_LOOT,
overmap,oil_platform_1b_uw,oil platform,dda,dda,missing,,,,data/json/overmap/overmap_terrain/overmap_terrain_oil_platform.json,RISK_HIGH | OCEAN | SOURCE_FUEL | GENERIC_LOOT,
overmap,oil_platform_1b_z-8,oil platform,dda,dda,missing,,,,data/json/overmap/overmap_terrain/overmap_terrain_oil_platform.json,RISK_HIGH | OCEAN | SOURCE_FUEL | GENERIC_LOOT,
overmap,oil_platform_1b_z-9,oil platform,dda,dda,missing,,,,data/json/overmap/overmap_terrain/overmap_terrain_oil_platform.json,RISK_HIGH | OCEAN | SOURCE_FUEL | GENERIC_LOOT,
overmap,oil_platform_1c_0,oil platform,dda,dda,missing,,,,data/json/overmap/overmap_terrain/overmap_terrain_oil_platform.json,RISK_HIGH | OCEAN | SOURCE_FUEL | GENERIC_LOOT,
overmap,oil_platform_1c_1,oil platform,dda,dda,missing,,,,data/json/overmap/overmap_terrain/overmap_terrain_oil_platform.json,RISK_HIGH | OCEAN | SOURCE_FUEL | GENERIC_LOOT,
overmap,oil_platform_1c_2,oil platform,dda,dda,missing,,,,data/json/overmap/overmap_terrain/overmap_terrain_oil_platform.json,RISK_HIGH | OCEAN | SOURCE_FUEL | GENERIC_LOOT,
overmap,oil_platform_1c_3,oil platform,dda,dda,missing,,,,data/json/overmap/overmap_terrain/overmap_terrain_oil_platform.json,RISK_HIGH | OCEAN | SOURCE_FUEL | GENERIC_LOOT,
overmap,oil_platform_1c_4,oil platform,dda,dda,missing,,,,data/json/overmap/overmap_terrain/overmap_terrain_oil_platform.json,RISK_HIGH | OCEAN | SOURCE_FUEL | GENERIC_LOOT,
overmap,oil_platform_1c_5,oil platform,dda,dda,missing,,,,data/json/overmap/overmap_terrain/overmap_terrain_oil_platform.json,RISK_HIGH | OCEAN | SOURCE_FUEL | GENERIC_LOOT,
overmap,oil_platform_1c_6,oil platform,dda,dda,missing,,,,data/json/overmap/overmap_terrain/overmap_terrain_oil_platform.json,RISK_HIGH | OCEAN | SOURCE_FUEL | GENERIC_LOOT,
overmap,oil_platform_1c_7,oil platform,dda,dda,missing,,,,data/json/overmap/overmap_terrain/overmap_terrain_oil_platform.json,RISK_HIGH | OCEAN | SOURCE_FUEL | GENERIC_LOOT,
overmap,oil_platform_1c_uw,oil platform,dda,dda,missing,,,,data/json/overmap/overmap_terrain/overmap_terrain_oil_platform.json,RISK_HIGH | OCEAN | SOURCE_FUEL | GENERIC_LOOT,
overmap,oil_platform_1c_z-8,oil platform,dda,dda,missing,,,,data/json/overmap/overmap_terrain/overmap_terrain_oil_platform.json,RISK_HIGH | OCEAN | SOURCE_FUEL | GENERIC_LOOT,
overmap,oil_platform_1c_z-9,oil platform,dda,dda,missing,,,,data/json/overmap/overmap_terrain/overmap_terrain_oil_platform.json,RISK_HIGH | OCEAN | SOURCE_FUEL | GENERIC_LOOT,
overmap,oil_platform_2a_0,oil platform,dda,dda,missing,,,,data/json/overmap/overmap_terrain/overmap_terrain_oil_platform.json,RISK_HIGH | OCEAN | SOURCE_FUEL | GENERIC_LOOT,
overmap,oil_platform_2a_1,oil platform,dda,dda,missing,,,,data/json/overmap/overmap_terrain/overmap_terrain_oil_platform.json,RISK_HIGH | OCEAN | SOURCE_FUEL | GENERIC_LOOT,
overmap,oil_platform_2a_2,oil platform,dda,dda,missing,,,,data/json/overmap/overmap_terrain/overmap_terrain_oil_platform.json,RISK_HIGH | OCEAN | SOURCE_FUEL | GENERIC_LOOT,
overmap,oil_platform_2a_3,oil platform,dda,dda,missing,,,,data/json/overmap/overmap_terrain/overmap_terrain_oil_platform.json,RISK_HIGH | OCEAN | SOURCE_FUEL | GENERIC_LOOT,
overmap,oil_platform_2a_4,oil platform,dda,dda,missing,,,,data/json/overmap/overmap_terrain/overmap_terrain_oil_platform.json,RISK_HIGH | OCEAN | SOURCE_FUEL | GENERIC_LOOT,
overmap,oil_platform_2a_5,oil platform,dda,dda,missing,,,,data/json/overmap/overmap_terrain/overmap_terrain_oil_platform.json,RISK_HIGH | OCEAN | SOURCE_FUEL | GENERIC_LOOT,
overmap,oil_platform_2a_6,oil platform,dda,dda,missing,,,,data/json/overmap/overmap_terrain/overmap_terrain_oil_platform.json,RISK_HIGH | OCEAN | SOURCE_FUEL | GENERIC_LOOT,
overmap,oil_platform_2a_7,oil platform,dda,dda,missing,,,,data/json/overmap/overmap_terrain/overmap_terrain_oil_platform.json,RISK_HIGH | OCEAN | SOURCE_FUEL | GENERIC_LOOT,
overmap,oil_platform_2a_uw,oil platform,dda,dda,missing,,,,data/json/overmap/overmap_terrain/overmap_terrain_oil_platform.json,RISK_HIGH | OCEAN | SOURCE_FUEL | GENERIC_LOOT,
overmap,oil_platform_2a_z-8,oil platform,dda,dda,missing,,,,data/json/overmap/overmap_terrain/overmap_terrain_oil_platform.json,RISK_HIGH | OCEAN | SOURCE_FUEL | GENERIC_LOOT,
overmap,oil_platform_2a_z-9,oil platform,dda,dda,missing,,,,data/json/overmap/overmap_terrain/overmap_terrain_oil_platform.json,RISK_HIGH | OCEAN | SOURCE_FUEL | GENERIC_LOOT,
overmap,oil_platform_2b_0,oil platform,dda,dda,missing,,,,data/json/overmap/overmap_terrain/overmap_terrain_oil_platform.json,RISK_HIGH | OCEAN | SOURCE_FUEL | GENERIC_LOOT,
overmap,oil_platform_2b_1,oil platform,dda,dda,missing,,,,data/json/overmap/overmap_terrain/overmap_terrain_oil_platform.json,RISK_HIGH | OCEAN | SOURCE_FUEL | GENERIC_LOOT,
overmap,oil_platform_2b_2,oil platform,dda,dda,missing,,,,data/json/overmap/overmap_terrain/overmap_terrain_oil_platform.json,RISK_HIGH | OCEAN | SOURCE_FUEL | GENERIC_LOOT,
overmap,oil_platform_2b_3,oil platform,dda,dda,missing,,,,data/json/overmap/overmap_terrain/overmap_terrain_oil_platform.json,RISK_HIGH | OCEAN | SOURCE_FUEL | GENERIC_LOOT,
overmap,oil_platform_2b_4,oil platform,dda,dda,missing,,,,data/json/overmap/overmap_terrain/overmap_terrain_oil_platform.json,RISK_HIGH | OCEAN | SOURCE_FUEL | GENERIC_LOOT,
overmap,oil_platform_2b_5,oil platform,dda,dda,missing,,,,data/json/overmap/overmap_terrain/overmap_terrain_oil_platform.json,RISK_HIGH | OCEAN | SOURCE_FUEL | GENERIC_LOOT,
overmap,oil_platform_2b_6,oil platform,dda,dda,missing,,,,data/json/overmap/overmap_terrain/overmap_terrain_oil_platform.json,RISK_HIGH | OCEAN | SOURCE_FUEL | GENERIC_LOOT,
overmap,oil_platform_2b_7,oil platform,dda,dda,missing,,,,data/json/overmap/overmap_terrain/overmap_terrain_oil_platform.json,RISK_HIGH | OCEAN | SOURCE_FUEL | GENERIC_LOOT,
overmap,oil_platform_2b_uw,oil platform,dda,dda,missing,,,,data/json/overmap/overmap_terrain/overmap_terrain_oil_platform.json,RISK_HIGH | OCEAN | SOURCE_FUEL | GENERIC_LOOT,
overmap,oil_platform_2b_z-8,oil platform,dda,dda,missing,,,,data/json/overmap/overmap_terrain/overmap_terrain_oil_platform.json,RISK_HIGH | OCEAN | SOURCE_FUEL | GENERIC_LOOT,
overmap,oil_platform_2b_z-9,oil platform,dda,dda,missing,,,,data/json/overmap/overmap_terrain/overmap_terrain_oil_platform.json,RISK_HIGH | OCEAN | SOURCE_FUEL | GENERIC_LOOT,
overmap,oil_platform_2c_0,oil platform,dda,dda,missing,,,,data/json/overmap/overmap_terrain/overmap_terrain_oil_platform.json,RISK_HIGH | OCEAN | SOURCE_FUEL | GENERIC_LOOT,
overmap,oil_platform_2c_1,oil platform,dda,dda,missing,,,,data/json/overmap/overmap_terrain/overmap_terrain_oil_platform.json,RISK_HIGH | OCEAN | SOURCE_FUEL | GENERIC_LOOT,
overmap,oil_platform_2c_2,oil platform,dda,dda,missing,,,,data/json/overmap/overmap_terrain/overmap_terrain_oil_platform.json,RISK_HIGH | OCEAN | SOURCE_FUEL | GENERIC_LOOT,
overmap,oil_platform_2c_3,oil platform,dda,dda,missing,,,,data/json/overmap/overmap_terrain/overmap_terrain_oil_platform.json,RISK_HIGH | OCEAN | SOURCE_FUEL | GENERIC_LOOT,
overmap,oil_platform_2c_4,oil platform,dda,dda,missing,,,,data/json/overmap/overmap_terrain/overmap_terrain_oil_platform.json,RISK_HIGH | OCEAN | SOURCE_FUEL | GENERIC_LOOT,
overmap,oil_platform_2c_5,oil platform,dda,dda,missing,,,,data/json/overmap/overmap_terrain/overmap_terrain_oil_platform.json,RISK_HIGH | OCEAN | SOURCE_FUEL | GENERIC_LOOT,
overmap,oil_platform_2c_6,oil platform,dda,dda,missing,,,,data/json/overmap/overmap_terrain/overmap_terrain_oil_platform.json,RISK_HIGH | OCEAN | SOURCE_FUEL | GENERIC_LOOT,
overmap,oil_platform_2c_7,oil platform,dda,dda,missing,,,,data/json/overmap/overmap_terrain/overmap_terrain_oil_platform.json,RISK_HIGH | OCEAN | SOURCE_FUEL | GENERIC_LOOT,
overmap,oil_platform_2c_uw,oil platform,dda,dda,missing,,,,data/json/overmap/overmap_terrain/overmap_terrain_oil_platform.json,RISK_HIGH | OCEAN | SOURCE_FUEL | GENERIC_LOOT,
overmap,oil_platform_2c_z-8,oil platform,dda,dda,missing,,,,data/json/overmap/overmap_terrain/overmap_terrain_oil_platform.json,RISK_HIGH | OCEAN | SOURCE_FUEL | GENERIC_LOOT,
overmap,oil_platform_2c_z-9,oil platform,dda,dda,missing,,,,data/json/overmap/overmap_terrain/overmap_terrain_oil_platform.json,RISK_HIGH | OCEAN | SOURCE_FUEL | GENERIC_LOOT,
overmap,oil_platform_3a_0,oil platform,dda,dda,missing,,,,data/json/overmap/overmap_terrain/overmap_terrain_oil_platform.json,RISK_HIGH | OCEAN | SOURCE_FUEL | GENERIC_LOOT,
overmap,oil_platform_3a_1,oil platform,dda,dda,missing,,,,data/json/overmap/overmap_terrain/overmap_terrain_oil_platform.json,RISK_HIGH | OCEAN | SOURCE_FUEL | GENERIC_LOOT,
overmap,oil_platform_3a_2,oil platform,dda,dda,missing,,,,data/json/overmap/overmap_terrain/overmap_terrain_oil_platform.json,RISK_HIGH | OCEAN | SOURCE_FUEL | GENERIC_LOOT,
overmap,oil_platform_3a_3,oil platform,dda,dda,missing,,,,data/json/overmap/overmap_terrain/overmap_terrain_oil_platform.json,RISK_HIGH | OCEAN | SOURCE_FUEL | GENERIC_LOOT,
overmap,oil_platform_3a_4,oil platform,dda,dda,missing,,,,data/json/overmap/overmap_terrain/overmap_terrain_oil_platform.json,RISK_HIGH | OCEAN | SOURCE_FUEL | GENERIC_LOOT,
overmap,oil_platform_3a_5,oil platform,dda,dda,missing,,,,data/json/overmap/overmap_terrain/overmap_terrain_oil_platform.json,RISK_HIGH | OCEAN | SOURCE_FUEL | GENERIC_LOOT,
overmap,oil_platform_3a_6,oil platform,dda,dda,missing,,,,data/json/overmap/overmap_terrain/overmap_terrain_oil_platform.json,RISK_HIGH | OCEAN | SOURCE_FUEL | GENERIC_LOOT,
overmap,oil_platform_3a_7,oil platform,dda,dda,missing,,,,data/json/overmap/overmap_terrain/overmap_terrain_oil_platform.json,RISK_HIGH | OCEAN | SOURCE_FUEL | GENERIC_LOOT,
overmap,oil_platform_3a_uw,oil platform,dda,dda,missing,,,,data/json/overmap/overmap_terrain/overmap_terrain_oil_platform.json,RISK_HIGH | OCEAN | SOURCE_FUEL | GENERIC_LOOT,
overmap,oil_platform_3a_z-8,oil platform,dda,dda,missing,,,,data/json/overmap/overmap_terrain/overmap_terrain_oil_platform.json,RISK_HIGH | OCEAN | SOURCE_FUEL | GENERIC_LOOT,
overmap,oil_platform_3a_z-9,oil platform,dda,dda,missing,,,,data/json/overmap/overmap_terrain/overmap_terrain_oil_platform.json,RISK_HIGH | OCEAN | SOURCE_FUEL | GENERIC_LOOT,
overmap,oil_platform_3b_0,oil platform,dda,dda,missing,,,,data/json/overmap/overmap_terrain/overmap_terrain_oil_platform.json,RISK_HIGH | OCEAN | SOURCE_FUEL | GENERIC_LOOT,
overmap,oil_platform_3b_1,oil platform,dda,dda,missing,,,,data/json/overmap/overmap_terrain/overmap_terrain_oil_platform.json,RISK_HIGH | OCEAN | SOURCE_FUEL | GENERIC_LOOT,
overmap,oil_platform_3b_2,oil platform,dda,dda,missing,,,,data/json/overmap/overmap_terrain/overmap_terrain_oil_platform.json,RISK_HIGH | OCEAN | SOURCE_FUEL | GENERIC_LOOT,
overmap,oil_platform_3b_3,oil platform,dda,dda,missing,,,,data/json/overmap/overmap_terrain/overmap_terrain_oil_platform.json,RISK_HIGH | OCEAN | SOURCE_FUEL | GENERIC_LOOT,
overmap,oil_platform_3b_4,oil platform,dda,dda,missing,,,,data/json/overmap/overmap_terrain/overmap_terrain_oil_platform.json,RISK_HIGH | OCEAN | SOURCE_FUEL | GENERIC_LOOT,
overmap,oil_platform_3b_5,oil platform,dda,dda,missing,,,,data/json/overmap/overmap_terrain/overmap_terrain_oil_platform.json,RISK_HIGH | OCEAN | SOURCE_FUEL | GENERIC_LOOT,
overmap,oil_platform_3b_6,oil platform,dda,dda,missing,,,,data/json/overmap/overmap_terrain/overmap_terrain_oil_platform.json,RISK_HIGH | OCEAN | SOURCE_FUEL | GENERIC_LOOT,
overmap,oil_platform_3b_7,oil platform,dda,dda,missing,,,,data/json/overmap/overmap_terrain/overmap_terrain_oil_platform.json,RISK_HIGH | OCEAN | SOURCE_FUEL | GENERIC_LOOT,
overmap,oil_platform_3b_uw,oil platform,dda,dda,missing,,,,data/json/overmap/overmap_terrain/overmap_terrain_oil_platform.json,RISK_HIGH | OCEAN | SOURCE_FUEL | GENERIC_LOOT,
overmap,oil_platform_3b_z-8,oil platform,dda,dda,missing,,,,data/json/overmap/overmap_terrain/overmap_terrain_oil_platform.json,RISK_HIGH | OCEAN | SOURCE_FUEL | GENERIC_LOOT,
overmap,oil_platform_3b_z-9,oil platform,dda,dda,missing,,,,data/json/overmap/overmap_terrain/overmap_terrain_oil_platform.json,RISK_HIGH | OCEAN | SOURCE_FUEL | GENERIC_LOOT,
overmap,oil_platform_3c_0,oil platform,dda,dda,missing,,,,data/json/overmap/overmap_terrain/overmap_terrain_oil_platform.json,RISK_HIGH | OCEAN | SOURCE_FUEL | GENERIC_LOOT,
overmap,oil_platform_3c_1,oil platform,dda,dda,missing,,,,data/json/overmap/overmap_terrain/overmap_terrain_oil_platform.json,RISK_HIGH | OCEAN | SOURCE_FUEL | GENERIC_LOOT,
overmap,oil_platform_3c_2,oil platform,dda,dda,missing,,,,data/json/overmap/overmap_terrain/overmap_terrain_oil_platform.json,RISK_HIGH | OCEAN | SOURCE_FUEL | GENERIC_LOOT,
overmap,oil_platform_3c_3,oil platform,dda,dda,missing,,,,data/json/overmap/overmap_terrain/overmap_terrain_oil_platform.json,RISK_HIGH | OCEAN | SOURCE_FUEL | GENERIC_LOOT,
overmap,oil_platform_3c_4,oil platform,dda,dda,missing,,,,data/json/overmap/overmap_terrain/overmap_terrain_oil_platform.json,RISK_HIGH | OCEAN | SOURCE_FUEL | GENERIC_LOOT,
overmap,oil_platform_3c_5,oil platform,dda,dda,missing,,,,data/json/overmap/overmap_terrain/overmap_terrain_oil_platform.json,RISK_HIGH | OCEAN | SOURCE_FUEL | GENERIC_LOOT,
overmap,oil_platform_3c_6,oil platform,dda,dda,missing,,,,data/json/overmap/overmap_terrain/overmap_terrain_oil_platform.json,RISK_HIGH | OCEAN | SOURCE_FUEL | GENERIC_LOOT,
overmap,oil_platform_3c_7,oil platform,dda,dda,missing,,,,data/json/overmap/overmap_terrain/overmap_terrain_oil_platform.json,RISK_HIGH | OCEAN | SOURCE_FUEL | GENERIC_LOOT,
overmap,oil_platform_3c_uw,oil platform,dda,dda,missing,,,,data/json/overmap/overmap_terrain/overmap_terrain_oil_platform.json,RISK_HIGH | OCEAN | SOURCE_FUEL | GENERIC_LOOT,
overmap,oil_platform_3c_z-8,oil platform,dda,dda,missing,,,,data/json/overmap/overmap_terrain/overmap_terrain_oil_platform.json,RISK_HIGH | OCEAN | SOURCE_FUEL | GENERIC_LOOT,
overmap,oil_platform_3c_z-9,oil platform,dda,dda,missing,,,,data/json/overmap/overmap_terrain/overmap_terrain_oil_platform.json,RISK_HIGH | OCEAN | SOURCE_FUEL | GENERIC_LOOT,
overmap,oil_platform_4a_0,oil platform,dda,dda,missing,,,,data/json/overmap/overmap_terrain/overmap_terrain_oil_platform.json,RISK_HIGH | OCEAN | SOURCE_FUEL | GENERIC_LOOT,
overmap,oil_platform_4a_1,oil platform,dda,dda,missing,,,,data/json/overmap/overmap_terrain/overmap_terrain_oil_platform.json,RISK_HIGH | OCEAN | SOURCE_FUEL | GENERIC_LOOT,
overmap,oil_platform_4a_2,oil platform,dda,dda,missing,,,,data/json/overmap/overmap_terrain/overmap_terrain_oil_platform.json,RISK_HIGH | OCEAN | SOURCE_FUEL | GENERIC_LOOT,
overmap,oil_platform_4a_3,oil platform,dda,dda,missing,,,,data/json/overmap/overmap_terrain/overmap_terrain_oil_platform.json,RISK_HIGH | OCEAN | SOURCE_FUEL | GENERIC_LOOT,
overmap,oil_platform_4a_4,oil platform,dda,dda,missing,,,,data/json/overmap/overmap_terrain/overmap_terrain_oil_platform.json,RISK_HIGH | OCEAN | SOURCE_FUEL | GENERIC_LOOT,
overmap,oil_platform_4a_5,oil platform,dda,dda,missing,,,,data/json/overmap/overmap_terrain/overmap_terrain_oil_platform.json,RISK_HIGH | OCEAN | SOURCE_FUEL | GENERIC_LOOT,
overmap,oil_platform_4a_6,oil platform,dda,dda,missing,,,,data/json/overmap/overmap_terrain/overmap_terrain_oil_platform.json,RISK_HIGH | OCEAN | SOURCE_FUEL | GENERIC_LOOT,
overmap,oil_platform_4a_7,oil platform,dda,dda,missing,,,,data/json/overmap/overmap_terrain/overmap_terrain_oil_platform.json,RISK_HIGH | OCEAN | SOURCE_FUEL | GENERIC_LOOT,
overmap,oil_platform_4a_uw,oil platform,dda,dda,missing,,,,data/json/overmap/overmap_terrain/overmap_terrain_oil_platform.json,RISK_HIGH | OCEAN | SOURCE_FUEL | GENERIC_LOOT,
overmap,oil_platform_4a_z-8,oil platform,dda,dda,missing,,,,data/json/overmap/overmap_terrain/overmap_terrain_oil_platform.json,RISK_HIGH | OCEAN | SOURCE_FUEL | GENERIC_LOOT,
overmap,oil_platform_4a_z-9,oil platform,dda,dda,missing,,,,data/json/overmap/overmap_terrain/overmap_terrain_oil_platform.json,RISK_HIGH | OCEAN | SOURCE_FUEL | GENERIC_LOOT,
overmap,oil_platform_4b_0,oil platform,dda,dda,missing,,,,data/json/overmap/overmap_terrain/overmap_terrain_oil_platform.json,RISK_HIGH | OCEAN | SOURCE_FUEL | GENERIC_LOOT,
overmap,oil_platform_4b_1,oil platform,dda,dda,missing,,,,data/json/overmap/overmap_terrain/overmap_terrain_oil_platform.json,RISK_HIGH | OCEAN | SOURCE_FUEL | GENERIC_LOOT,
overmap,oil_platform_4b_2,oil platform,dda,dda,missing,,,,data/json/overmap/overmap_terrain/overmap_terrain_oil_platform.json,RISK_HIGH | OCEAN | SOURCE_FUEL | GENERIC_LOOT,
overmap,oil_platform_4b_3,oil platform,dda,dda,missing,,,,data/json/overmap/overmap_terrain/overmap_terrain_oil_platform.json,RISK_HIGH | OCEAN | SOURCE_FUEL | GENERIC_LOOT,
overmap,oil_platform_4b_4,oil platform,dda,dda,missing,,,,data/json/overmap/overmap_terrain/overmap_terrain_oil_platform.json,RISK_HIGH | OCEAN | SOURCE_FUEL | GENERIC_LOOT,
overmap,oil_platform_4b_5,oil platform,dda,dda,missing,,,,data/json/overmap/overmap_terrain/overmap_terrain_oil_platform.json,RISK_HIGH | OCEAN | SOURCE_FUEL | GENERIC_LOOT,
overmap,oil_platform_4b_6,oil platform,dda,dda,missing,,,,data/json/overmap/overmap_terrain/overmap_terrain_oil_platform.json,RISK_HIGH | OCEAN | SOURCE_FUEL | GENERIC_LOOT,
overmap,oil_platform_4b_7,oil platform,dda,dda,missing,,,,data/json/overmap/overmap_terrain/overmap_terrain_oil_platform.json,RISK_HIGH | OCEAN | SOURCE_FUEL | GENERIC_LOOT,
overmap,oil_platform_4b_uw,oil platform,dda,dda,missing,,,,data/json/overmap/overmap_terrain/overmap_terrain_oil_platform.json,RISK_HIGH | OCEAN | SOURCE_FUEL | GENERIC_LOOT,
overmap,oil_platform_4b_z-8,oil platform,dda,dda,missing,,,,data/json/overmap/overmap_terrain/overmap_terrain_oil_platform.json,RISK_HIGH | OCEAN | SOURCE_FUEL | GENERIC_LOOT,
overmap,oil_platform_4b_z-9,oil platform,dda,dda,missing,,,,data/json/overmap/overmap_terrain/overmap_terrain_oil_platform.json,RISK_HIGH | OCEAN | SOURCE_FUEL | GENERIC_LOOT,
overmap,oil_platform_4c_0,oil platform,dda,dda,missing,,,,data/json/overmap/overmap_terrain/overmap_terrain_oil_platform.json,RISK_HIGH | OCEAN | SOURCE_FUEL | GENERIC_LOOT,
overmap,oil_platform_4c_1,oil platform,dda,dda,missing,,,,data/json/overmap/overmap_terrain/overmap_terrain_oil_platform.json,RISK_HIGH | OCEAN | SOURCE_FUEL | GENERIC_LOOT,
overmap,oil_platform_4c_2,oil platform,dda,dda,missing,,,,data/json/overmap/overmap_terrain/overmap_terrain_oil_platform.json,RISK_HIGH | OCEAN | SOURCE_FUEL | GENERIC_LOOT,
overmap,oil_platform_4c_3,oil platform,dda,dda,missing,,,,data/json/overmap/overmap_terrain/overmap_terrain_oil_platform.json,RISK_HIGH | OCEAN | SOURCE_FUEL | GENERIC_LOOT,
overmap,oil_platform_4c_4,oil platform,dda,dda,missing,,,,data/json/overmap/overmap_terrain/overmap_terrain_oil_platform.json,RISK_HIGH | OCEAN | SOURCE_FUEL | GENERIC_LOOT,
overmap,oil_platform_4c_5,oil platform,dda,dda,missing,,,,data/json/overmap/overmap_terrain/overmap_terrain_oil_platform.json,RISK_HIGH | OCEAN | SOURCE_FUEL | GENERIC_LOOT,
overmap,oil_platform_4c_6,oil platform,dda,dda,missing,,,,data/json/overmap/overmap_terrain/overmap_terrain_oil_platform.json,RISK_HIGH | OCEAN | SOURCE_FUEL | GENERIC_LOOT,
overmap,oil_platform_4c_7,oil platform,dda,dda,missing,,,,data/json/overmap/overmap_terrain/overmap_terrain_oil_platform.json,RISK_HIGH | OCEAN | SOURCE_FUEL | GENERIC_LOOT,
overmap,oil_platform_4c_uw,oil platform,dda,dda,missing,,,,data/json/overmap/overmap_terrain/overmap_terrain_oil_platform.json,RISK_HIGH | OCEAN | SOURCE_FUEL | GENERIC_LOOT,
overmap,oil_platform_4c_z-8,oil platform,dda,dda,missing,,,,data/json/overmap/overmap_terrain/overmap_terrain_oil_platform.json,RISK_HIGH | OCEAN | SOURCE_FUEL | GENERIC_LOOT,
overmap,oil_platform_4c_z-9,oil platform,dda,dda,missing,,,,data/json/overmap/overmap_terrain/overmap_terrain_oil_platform.json,RISK_HIGH | OCEAN | SOURCE_FUEL | GENERIC_LOOT,
overmap,omt_obsolete,nether-chewed field,dda,dda,missing,,,,data/json/overmap/overmap_terrain/overmap_terrain.json,NO_ROTATE | SHOULD_NOT_SPAWN,
overmap,outcrop,outcrop,dda,dda,missing,,,,data/json/overmap/overmap_terrain/overmap_terrain.json,,
overmap,outcrop_bottom,outcrop base,dda,dda,missing,,,,data/json/overmap/overmap_terrain/overmap_terrain.json,,
overmap,outpost_parking,military outpost,dda,dda,missing,,,,data/json/overmap/overmap_terrain/overmap_terrain_military.json,RISK_EXTREME | SOURCE_WEAPON | SOURCE_AMMO,
overmap,outpost_roof,military outpost roof,dda,dda,missing,,,,data/json/overmap/overmap_terrain/overmap_terrain_military.json,,
overmap,parking_garage2x2_down_0,parking garage,dda,dda,missing,,,,data/json/overmap/overmap_terrain/overmap_terrain_transportation.json,SIDEWALK,
overmap,parking_garage2x2_down_1,parking garage,dda,dda,missing,,,,data/json/overmap/overmap_terrain/overmap_terrain_transportation.json,SIDEWALK,
overmap,parking_garage2x2_down_2,parking garage,dda,dda,missing,,,,data/json/overmap/overmap_terrain/overmap_terrain_transportation.json,SIDEWALK,
overmap,parking_garage2x2_down_3,parking garage,dda,dda,missing,,,,data/json/overmap/overmap_terrain/overmap_terrain_transportation.json,SIDEWALK,
overmap,pasture,pasture,dda,dda,missing,,,generic_rural_field | generic_open_land,data/json/overmap/overmap_terrain/overmap_terrain_agricultural.json,SOURCE_FOOD | SOURCE_SAFETY | RISK_LOW | SOURCE_FARMING,
overmap,pedestrian_10_11,campus pedestrian area,dda,dda,missing,,,,data/json/overmap/overmap_terrain/overmap_terrain_campus.json,SHOULD_NOT_SPAWN,
overmap,pedestrian_10_8,campus pedestrian area,dda,dda,missing,,,,data/json/overmap/overmap_terrain/overmap_terrain_campus.json,SHOULD_NOT_SPAWN,
overmap,pedestrian_11_5_0,campus pedestrian area,dda,dda,missing,,,,data/json/overmap/overmap_terrain/overmap_terrain_campus.json,SHOULD_NOT_SPAWN,
overmap,pedestrian_11_6_0,campus pedestrian area,dda,dda,missing,,,,data/json/overmap/overmap_terrain/overmap_terrain_campus.json,SHOULD_NOT_SPAWN,
overmap,pedestrian_11_7_0,campus pedestrian area,dda,dda,missing,,,,data/json/overmap/overmap_terrain/overmap_terrain_campus.json,SHOULD_NOT_SPAWN,
overmap,pedestrian_11_8_0,campus pedestrian area,dda,dda,missing,,,,data/json/overmap/overmap_terrain/overmap_terrain_campus.json,SHOULD_NOT_SPAWN,
overmap,pedestrian_12_5_0,campus pedestrian area,dda,dda,missing,,,,data/json/overmap/overmap_terrain/overmap_terrain_campus.json,SHOULD_NOT_SPAWN,
overmap,pedestrian_12_6_0,campus pedestrian area,dda,dda,missing,,,,data/json/overmap/overmap_terrain/overmap_terrain_campus.json,SHOULD_NOT_SPAWN,
overmap,pedestrian_12_7_0,campus pedestrian area,dda,dda,missing,,,,data/json/overmap/overmap_terrain/overmap_terrain_campus.json,SHOULD_NOT_SPAWN,
overmap,pedestrian_12_8_0,campus pedestrian area,dda,dda,missing,,,,data/json/overmap/overmap_terrain/overmap_terrain_campus.json,SHOULD_NOT_SPAWN,
overmap,pedestrian_12_9_0,campus pedestrian area,dda,dda,missing,,,,data/json/overmap/overmap_terrain/overmap_terrain_campus.json,SHOULD_NOT_SPAWN,
overmap,pedestrian_13_5_0,campus pedestrian area,dda,dda,missing,,,,data/json/overmap/overmap_terrain/overmap_terrain_campus.json,SHOULD_NOT_SPAWN,
overmap,pedestrian_13_6_0,campus pedestrian area,dda,dda,missing,,,,data/json/overmap/overmap_terrain/overmap_terrain_campus.json,SHOULD_NOT_SPAWN,
overmap,pedestrian_13_7_0,campus pedestrian area,dda,dda,missing,,,,data/json/overmap/overmap_terrain/overmap_terrain_campus.json,SHOULD_NOT_SPAWN,
overmap,pedestrian_13_8_0,campus pedestrian area,dda,dda,missing,,,,data/json/overmap/overmap_terrain/overmap_terrain_campus.json,SHOULD_NOT_SPAWN,
overmap,pedestrian_13_9_0,campus pedestrian area,dda,dda,missing,,,,data/json/overmap/overmap_terrain/overmap_terrain_campus.json,SHOULD_NOT_SPAWN,
overmap,pedestrian_14_5_0,campus pedestrian area,dda,dda,missing,,,,data/json/overmap/overmap_terrain/overmap_terrain_campus.json,SHOULD_NOT_SPAWN,
overmap,pedestrian_14_6_0,campus pedestrian area,dda,dda,missing,,,,data/json/overmap/overmap_terrain/overmap_terrain_campus.json,SHOULD_NOT_SPAWN,
overmap,pedestrian_9_11,campus pedestrian area,dda,dda,missing,,,,data/json/overmap/overmap_terrain/overmap_terrain_campus.json,SHOULD_NOT_SPAWN,
overmap,pedestrian_9_8,campus pedestrian area,dda,dda,missing,,,,data/json/overmap/overmap_terrain/overmap_terrain_campus.json,SHOULD_NOT_SPAWN,
overmap,portal_storm_dungeon_teleporter,elsewhere,dda,dda,missing,,,nether_glass,data/json/overmap/overmap_terrain/overmap_terrain_nether.json,NO_ROTATE | RISK_EXTREME,
overmap,prison_alcatraz_10_3f,prison,dda,dda,missing,,,,data/json/overmap/overmap_terrain/overmap_terrain_public_institutional.json,,
overmap,prison_alcatraz_11_3f,prison,dda,dda,missing,,,,data/json/overmap/overmap_terrain/overmap_terrain_public_institutional.json,,
overmap,prison_alcatraz_14_3f,prison,dda,dda,missing,,,,data/json/overmap/overmap_terrain/overmap_terrain_public_institutional.json,,
overmap,prison_alcatraz_15_3f,prison,dda,dda,missing,,,,data/json/overmap/overmap_terrain/overmap_terrain_public_institutional.json,,
overmap,prison_alcatraz_6_3f,prison,dda,dda,missing,,,,data/json/overmap/overmap_terrain/overmap_terrain_public_institutional.json,,
overmap,prison_alcatraz_9_3f,prison,dda,dda,missing,,,,data/json/overmap/overmap_terrain/overmap_terrain_public_institutional.json,,
overmap,prison_island_1_3f_1,prison,dda,dda,missing,,,,data/json/overmap/overmap_terrain/overmap_terrain_public_institutional.json,,
overmap,prison_island_1_3f_11,prison,dda,dda,missing,,,,data/json/overmap/overmap_terrain/overmap_terrain_public_institutional.json,,
overmap,prison_island_1_3f_14,prison,dda,dda,missing,,,,data/json/overmap/overmap_terrain/overmap_terrain_public_institutional.json,,
overmap,prison_island_1_3f_4,prison,dda,dda,missing,,,,data/json/overmap/overmap_terrain/overmap_terrain_public_institutional.json,,
overmap,prison_island_1_3f_5,prison,dda,dda,missing,,,,data/json/overmap/overmap_terrain/overmap_terrain_public_institutional.json,,
overmap,radio_tower_reverberation_mp3,radio tower,dda,dda,missing,,,,data/json/overmap/overmap_terrain/overmap_terrain.json,,
overmap,radiosphere_deletion_plane,vanishing plane,dda,dda,missing,,,,data/json/mapgen/reverberations/radiosphere.json,,
overmap,radiosphere_radio_tower_top,radio tower,dda,dda,missing,,,,data/json/mapgen/reverberations/radiosphere.json,,
overmap,retirement_community_park_b_1,retirement community park underground,dda,dda,missing,,,,data/json/overmap/overmap_terrain/overmap_terrain_retirement_community.json,,
overmap,retirement_community_park_b_2,retirement community park underground,dda,dda,missing,,,,data/json/overmap/overmap_terrain/overmap_terrain_retirement_community.json,,
overmap,retirement_community_park_b_3,retirement community park underground,dda,dda,missing,,,,data/json/overmap/overmap_terrain/overmap_terrain_retirement_community.json,,
overmap,retirement_community_park_b_4,retirement community park underground,dda,dda,missing,,,,data/json/overmap/overmap_terrain/overmap_terrain_retirement_community.json,,
overmap,retirement_community_park_b_5,retirement community park underground,dda,dda,missing,,,,data/json/overmap/overmap_terrain/overmap_terrain_retirement_community.json,,
overmap,retirement_community_park_b_6,retirement community park underground,dda,dda,missing,,,,data/json/overmap/overmap_terrain/overmap_terrain_retirement_community.json,,
overmap,retirement_community_park_b_7,retirement community park underground,dda,dda,missing,,,,data/json/overmap/overmap_terrain/overmap_terrain_retirement_community.json,,
overmap,retirement_community_park_b_8,retirement community park underground,dda,dda,missing,,,,data/json/overmap/overmap_terrain/overmap_terrain_retirement_community.json,,
overmap,retirement_community_park_b_9,retirement community park underground,dda,dda,missing,,,,data/json/overmap/overmap_terrain/overmap_terrain_retirement_community.json,,
overmap,retirement_community_sewer,sewer,dda,dda,missing,,,,data/json/overmap/overmap_terrain/overmap_terrain_retirement_community.json,,
overmap,river_cave,river cave tunnel,dda,dda,missing,,,,data/json/overmap/overmap_terrain/river_cave.json,LINEAR,
overmap,river_cave_food,kraken food storage,dda,dda,missing,,,,data/json/overmap/overmap_terrain/river_cave.json,,
overmap,river_cave_kraken,kraken chamber,dda,dda,missing,,,river_cave_food,data/json/overmap/overmap_terrain/river_cave.json,,
overmap,river_cave_nest,river cave nest,dda,dda,missing,,,river_cave_food,data/json/overmap/overmap_terrain/river_cave.json,,
overmap,robofac_strip_mall_roof_1,strip mall roof,dda,dda,missing,,,,data/json/overmap/overmap_terrain/overmap_terrain_robofac_locs.json,,
overmap,robofac_strip_mall_roof_2,strip mall roof,dda,dda,missing,,,,data/json/overmap/overmap_terrain/overmap_terrain_robofac_locs.json,,
overmap,robofac_strip_mall_roof_3,strip mall roof,dda,dda,missing,,,,data/json/overmap/overmap_terrain/overmap_terrain_robofac_locs.json,,
overmap,robofac_strip_mall_roof_4,strip mall roof,dda,dda,missing,,,,data/json/overmap/overmap_terrain/overmap_terrain_robofac_locs.json,,
overmap,robofac_strip_mall_roof_5,open air,dda,dda,missing,,,,data/json/overmap/overmap_terrain/overmap_terrain_robofac_locs.json,,
overmap,robofachq_foyer1,hub 01,dda,dda,missing,,,,data/json/overmap/overmap_terrain/overmap_terrain_robofachq.json,,
overmap,robofachq_foyer2,hub 01,dda,dda,missing,,,,data/json/overmap/overmap_terrain/overmap_terrain_robofachq.json,,
overmap,robofachq_foyer4,hub 01,dda,dda,missing,,,,data/json/overmap/overmap_terrain/overmap_terrain_robofachq.json,,
overmap,robofachq_subcc_a0,subway C&C,dda,dda,missing,,,,data/json/overmap/overmap_terrain/overmap_terrain_robofachq.json,,
overmap,robofachq_subcc_a1,subway C&C,dda,dda,missing,,,,data/json/overmap/overmap_terrain/overmap_terrain_robofachq.json,,
overmap,robofachq_subcc_a2,subway C&C,dda,dda,missing,,,,data/json/overmap/overmap_terrain/overmap_terrain_robofachq.json,,
overmap,robofachq_subcc_a3,subway C&C,dda,dda,missing,,,,data/json/overmap/overmap_terrain/overmap_terrain_robofachq.json,,
overmap,robofachq_subline_a0,hidden terminal,dda,dda,missing,,,,data/json/overmap/overmap_terrain/overmap_terrain_robofachq.json,,
overmap,robofachq_subline_a1,hidden terminal,dda,dda,missing,,,,data/json/overmap/overmap_terrain/overmap_terrain_robofachq.json,,
overmap,robofachq_subline_a2,hidden terminal,dda,dda,missing,,,,data/json/overmap/overmap_terrain/overmap_terrain_robofachq.json,,
overmap,robofachq_subline_a3,hidden terminal,dda,dda,missing,,,,data/json/overmap/overmap_terrain/overmap_terrain_robofachq.json,,
overmap,rural_church_steeple_roof,rural church steeple roof,dda,dda,missing,,,,data/json/overmap/overmap_terrain/overmap_terrain_public_institutional.json,,
overmap,scarlet_scrap_metal_spire,scrap metal spire,dda,dda,missing,,,,data/json/overmap/overmap_terrain/overmap_terrain_scarlet_sea.json,NO_ROTATE,
overmap,scarlet_sea_reverberation,scarlet sea,dda,dda,missing,,,,data/json/overmap/overmap_terrain/overmap_terrain_scarlet_sea.json,NO_ROTATE,
overmap,scarlet_sea_xedra_hew,exposed sandbar,dda,dda,missing,,,,data/json/overmap/overmap_terrain/overmap_terrain_scarlet_sea.json,,
overmap,school_5_6,regional school,dda,dda,missing,,,,data/json/overmap/overmap_terrain/overmap_terrain_public_institutional.json,SOURCE_BOOKS | RISK_EXTREME,
overmap,sewage_treatment_1_0_upper_roof,sewage treatment plant roof,dda,dda,missing,,,,data/json/overmap/overmap_terrain/overmap_terrain_waste_junk.json,,
overmap,sewer_connector,sewer,dda,dda,missing,,,generic_sewer,data/json/overmap/overmap_terrain/overmap_terrain_waste_junk.json,SHOULD_NOT_SPAWN,
overmap,silo_roof,missile silo,dda,dda,missing,,,,data/json/overmap/overmap_terrain/overmap_terrain_military.json,RISK_EXTREME,
overmap,smallscrapyard_ocu_roof,scrap yard roof,dda,dda,missing,,,,data/json/overmap/overmap_terrain/overmap_terrain.json,,
overmap,standing_stones_highlands,highlands,dda,dda,missing,,,,data/json/overmap/overmap_terrain/overmap_terrain.json,NO_ROTATE,
overmap,string_dimension_dome_distress_beacon,big electronic thing,dda,dda,missing,,,,data/json/overmap/overmap_terrain/overmap_terrain_string_dimension.json,,
overmap,string_dimension_dome_distress_beacon_1,big electronic thing,dda,dda,missing,,,,data/json/overmap/overmap_terrain/overmap_terrain_string_dimension.json,,
overmap,string_dimension_dome_x0y0z-1,domed fortress,dda,dda,missing,,,,data/json/overmap/overmap_terrain/overmap_terrain_string_dimension.json,NO_ROTATE,
overmap,string_dimension_dome_x0y0z0,domed fortress,dda,dda,missing,,,,data/json/overmap/overmap_terrain/overmap_terrain_string_dimension.json,NO_ROTATE,
overmap,string_dimension_dome_x0y0z1,domed fortress,dda,dda,missing,,,,data/json/overmap/overmap_terrain/overmap_terrain_string_dimension.json,NO_ROTATE,
overmap,string_dimension_dome_x0y0z2,domed fortress,dda,dda,missing,,,,data/json/overmap/overmap_terrain/overmap_terrain_string_dimension.json,NO_ROTATE,
overmap,string_dimension_dome_x0y1z-1,domed fortress,dda,dda,missing,,,,data/json/overmap/overmap_terrain/overmap_terrain_string_dimension.json,NO_ROTATE,
overmap,string_dimension_dome_x0y1z0,domed fortress,dda,dda,missing,,,,data/json/overmap/overmap_terrain/overmap_terrain_string_dimension.json,NO_ROTATE,
overmap,string_dimension_dome_x0y1z1,domed fortress,dda,dda,missing,,,,data/json/overmap/overmap_terrain/overmap_terrain_string_dimension.json,NO_ROTATE,
overmap,string_dimension_dome_x0y1z2,domed fortress,dda,dda,missing,,,,data/json/overmap/overmap_terrain/overmap_terrain_string_dimension.json,NO_ROTATE,
overmap,string_dimension_dome_x0y2z-1,domed fortress,dda,dda,missing,,,,data/json/overmap/overmap_terrain/overmap_terrain_string_dimension.json,NO_ROTATE,
overmap,string_dimension_dome_x0y2z-2,domed fortress,dda,dda,missing,,,,data/json/overmap/overmap_terrain/overmap_terrain_string_dimension.json,NO_ROTATE,
overmap,string_dimension_dome_x0y2z0,domed fortress,dda,dda,missing,,,,data/json/overmap/overmap_terrain/overmap_terrain_string_dimension.json,NO_ROTATE,
overmap,string_dimension_dome_x0y2z1,domed fortress,dda,dda,missing,,,,data/json/overmap/overmap_terrain/overmap_terrain_string_dimension.json,NO_ROTATE,
overmap,string_dimension_dome_x0y2z2,domed fortress,dda,dda,missing,,,,data/json/overmap/overmap_terrain/overmap_terrain_string_dimension.json,NO_ROTATE,
overmap,string_dimension_dome_x1y0z-1,domed fortress,dda,dda,missing,,,,data/json/overmap/overmap_terrain/overmap_terrain_string_dimension.json,NO_ROTATE,
overmap,string_dimension_dome_x1y0z0,domed fortress,dda,dda,missing,,,,data/json/overmap/overmap_terrain/overmap_terrain_string_dimension.json,NO_ROTATE,
overmap,string_dimension_dome_x1y0z1,domed fortress,dda,dda,missing,,,,data/json/overmap/overmap_terrain/overmap_terrain_string_dimension.json,NO_ROTATE,
overmap,string_dimension_dome_x1y0z2,domed fortress,dda,dda,missing,,,,data/json/overmap/overmap_terrain/overmap_terrain_string_dimension.json,NO_ROTATE,
overmap,string_dimension_dome_x1y1z-1,domed fortress,dda,dda,missing,,,,data/json/overmap/overmap_terrain/overmap_terrain_string_dimension.json,NO_ROTATE,
overmap,string_dimension_dome_x1y1z-2,domed fortress,dda,dda,missing,,,,data/json/overmap/overmap_terrain/overmap_terrain_string_dimension.json,NO_ROTATE,
overmap,string_dimension_dome_x1y1z0,domed fortress,dda,dda,missing,,,,data/json/overmap/overmap_terrain/overmap_terrain_string_dimension.json,NO_ROTATE,
overmap,string_dimension_dome_x1y1z1,domed fortress,dda,dda,missing,,,,data/json/overmap/overmap_terrain/overmap_terrain_string_dimension.json,NO_ROTATE,
overmap,string_dimension_dome_x1y1z2,domed fortress,dda,dda,missing,,,,data/json/overmap/overmap_terrain/overmap_terrain_string_dimension.json,NO_ROTATE,
overmap,string_dimension_dome_x1y2z-1,domed fortress,dda,dda,missing,,,,data/json/overmap/overmap_terrain/overmap_terrain_string_dimension.json,NO_ROTATE,
overmap,string_dimension_dome_x1y2z0,domed fortress,dda,dda,missing,,,,data/json/overmap/overmap_terrain/overmap_terrain_string_dimension.json,NO_ROTATE,
overmap,string_dimension_dome_x1y2z1,domed fortress,dda,dda,missing,,,,data/json/overmap/overmap_terrain/overmap_terrain_string_dimension.json,NO_ROTATE,
overmap,string_dimension_dome_x1y2z2,domed fortress,dda,dda,missing,,,,data/json/overmap/overmap_terrain/overmap_terrain_string_dimension.json,NO_ROTATE,
overmap,string_dimension_dome_x2y0z-1,domed fortress,dda,dda,missing,,,,data/json/overmap/overmap_terrain/overmap_terrain_string_dimension.json,NO_ROTATE,
overmap,string_dimension_dome_x2y0z-2,domed fortress,dda,dda,missing,,,,data/json/overmap/overmap_terrain/overmap_terrain_string_dimension.json,NO_ROTATE,
overmap,string_dimension_dome_x2y0z0,domed fortress,dda,dda,missing,,,,data/json/overmap/overmap_terrain/overmap_terrain_string_dimension.json,NO_ROTATE,
overmap,string_dimension_dome_x2y0z1,domed fortress,dda,dda,missing,,,,data/json/overmap/overmap_terrain/overmap_terrain_string_dimension.json,NO_ROTATE,
overmap,string_dimension_dome_x2y0z2,domed fortress,dda,dda,missing,,,,data/json/overmap/overmap_terrain/overmap_terrain_string_dimension.json,NO_ROTATE,
overmap,string_dimension_dome_x2y1z-1,domed fortress,dda,dda,missing,,,,data/json/overmap/overmap_terrain/overmap_terrain_string_dimension.json,NO_ROTATE,
overmap,string_dimension_dome_x2y1z0,domed fortress,dda,dda,missing,,,,data/json/overmap/overmap_terrain/overmap_terrain_string_dimension.json,NO_ROTATE,
overmap,string_dimension_dome_x2y1z1,domed fortress,dda,dda,missing,,,,data/json/overmap/overmap_terrain/overmap_terrain_string_dimension.json,NO_ROTATE,
overmap,string_dimension_dome_x2y1z2,domed fortress,dda,dda,missing,,,,data/json/overmap/overmap_terrain/overmap_terrain_string_dimension.json,NO_ROTATE,
overmap,string_dimension_dome_x2y2z-1,domed fortress,dda,dda,missing,,,,data/json/overmap/overmap_terrain/overmap_terrain_string_dimension.json,NO_ROTATE,
overmap,string_dimension_dome_x2y2z0,domed fortress,dda,dda,missing,,,,data/json/overmap/overmap_terrain/overmap_terrain_string_dimension.json,NO_ROTATE,
overmap,string_dimension_dome_x2y2z1,domed fortress,dda,dda,missing,,,,data/json/overmap/overmap_terrain/overmap_terrain_string_dimension.json,NO_ROTATE,
overmap,string_dimension_dome_x2y2z2,domed fortress,dda,dda,missing,,,,data/json/overmap/overmap_terrain/overmap_terrain_string_dimension.json,NO_ROTATE,
overmap,string_dimension_dome_z-2,domed fortress,dda,dda,missing,,,,data/json/overmap/overmap_terrain/overmap_terrain_string_dimension.json,NO_ROTATE,
overmap,string_dimension_field_core,fields,dda,dda,missing,,,generic_string_dimension_field | generic_open_land,data/json/overmap/overmap_terrain/overmap_terrain_string_dimension.json,REQUIRES_PREDECESSOR | NO_ROTATE,
overmap,string_dimension_field_end,fields,dda,dda,missing,,,generic_string_dimension_field | generic_open_land,data/json/overmap/overmap_terrain/overmap_terrain_string_dimension.json,REQUIRES_PREDECESSOR,
overmap,string_dimension_field_vent_a,grassy field,dda,dda,missing,,,,data/json/overmap/overmap_terrain/overmap_terrain_string_dimension.json,,
overmap,string_dimension_field_vent_a_-1,underground cistern,dda,dda,missing,,,,data/json/overmap/overmap_terrain/overmap_terrain_string_dimension.json,KNOWN_UP,
overmap,string_dimension_field_vent_a_-2,underground cistern,dda,dda,missing,,,,data/json/overmap/overmap_terrain/overmap_terrain_string_dimension.json,KNOWN_UP,
overmap,string_dimension_field_vent_a_-3,underground cistern,dda,dda,missing,,,,data/json/overmap/overmap_terrain/overmap_terrain_string_dimension.json,KNOWN_UP,
overmap,string_dimension_field_vent_b,grassy field,dda,dda,missing,,,,data/json/overmap/overmap_terrain/overmap_terrain_string_dimension.json,,
overmap,string_dimension_field_vent_b_-1,underground cistern,dda,dda,missing,,,,data/json/overmap/overmap_terrain/overmap_terrain_string_dimension.json,KNOWN_UP,
overmap,string_dimension_ka_facility_x0y0z0,strange facility,dda,dda,missing,,,,data/json/overmap/overmap_terrain/overmap_terrain_string_dimension.json,,
overmap,string_dimension_ka_facility_x0y1z0,strange facility,dda,dda,missing,,,,data/json/overmap/overmap_terrain/overmap_terrain_string_dimension.json,,
overmap,string_dimension_ka_facility_x1y0z0,strange facility,dda,dda,missing,,,,data/json/overmap/overmap_terrain/overmap_terrain_string_dimension.json,,
overmap,string_dimension_ka_facility_x1y1z0,strange facility,dda,dda,missing,,,,data/json/overmap/overmap_terrain/overmap_terrain_string_dimension.json,,
overmap,string_dimension_ka_facility_x2y0z0,strange facility,dda,dda,missing,,,,data/json/overmap/overmap_terrain/overmap_terrain_string_dimension.json,,
overmap,string_dimension_ka_facility_x2y1z0,strange facility,dda,dda,missing,,,,data/json/overmap/overmap_terrain/overmap_terrain_string_dimension.json,,
overmap,string_dimension_ka_facility_x3y0z0,strange facility,dda,dda,missing,,,,data/json/overmap/overmap_terrain/overmap_terrain_string_dimension.json,,
overmap,string_dimension_ka_facility_x3y1z0,strange facility,dda,dda,missing,,,,data/json/overmap/overmap_terrain/overmap_terrain_string_dimension.json,,
overmap,string_dimension_ka_facility_x4y0z0,strange facility,dda,dda,missing,,,,data/json/overmap/overmap_terrain/overmap_terrain_string_dimension.json,,
overmap,string_dimension_ka_facility_x4y1z0,strange facility,dda,dda,missing,,,,data/json/overmap/overmap_terrain/overmap_terrain_string_dimension.json,,
overmap,string_dimension_plane_z_stack_-1,z-stack,dda,dda,missing,,,,data/json/overmap/overmap_terrain/overmap_terrain_string_dimension.json,,
overmap,string_dimension_plane_z_stack_0,z-stack,dda,dda,missing,,,,data/json/overmap/overmap_terrain/overmap_terrain_string_dimension.json,,
overmap,string_dimension_plane_z_stack_1,z-stack,dda,dda,missing,,,,data/json/overmap/overmap_terrain/overmap_terrain_string_dimension.json,,
overmap,string_dimension_small_ziggurat_-1,floating inverted ziggurat,dda,dda,missing,,,,data/json/overmap/overmap_terrain/overmap_terrain_string_dimension.json,,
overmap,string_dimension_small_ziggurat_-2,floating inverted ziggurat,dda,dda,missing,,,,data/json/overmap/overmap_terrain/overmap_terrain_string_dimension.json,,
overmap,string_dimension_small_ziggurat_-3,floating inverted ziggurat,dda,dda,missing,,,,data/json/overmap/overmap_terrain/overmap_terrain_string_dimension.json,,
overmap,string_dimension_small_ziggurat_1,floating inverted ziggurat,dda,dda,missing,,,,data/json/overmap/overmap_terrain/overmap_terrain_string_dimension.json,,
overmap,string_dimension_true_void,empty space,dda,dda,missing,,,,data/json/overmap/overmap_terrain/overmap_terrain_string_dimension.json,NO_ROTATE,
overmap,string_dimension_utility_tunnel_T,utility tunnel,dda,dda,missing,,,,data/json/overmap/overmap_terrain/overmap_terrain_string_dimension.json,REQUIRES_PREDECESSOR,
overmap,string_dimension_utility_tunnel_corner,utility tunnel,dda,dda,missing,,,,data/json/overmap/overmap_terrain/overmap_terrain_string_dimension.json,REQUIRES_PREDECESSOR,
overmap,string_dimension_utility_tunnel_end,utility tunnel,dda,dda,missing,,,,data/json/overmap/overmap_terrain/overmap_terrain_string_dimension.json,REQUIRES_PREDECESSOR,
overmap,string_dimension_utility_tunnel_entrance,islet,dda,dda,missing,,,,data/json/overmap/overmap_terrain/overmap_terrain_string_dimension.json,REQUIRES_PREDECESSOR,
overmap,string_dimension_utility_tunnel_four_way,utility tunnel,dda,dda,missing,,,,data/json/overmap/overmap_terrain/overmap_terrain_string_dimension.json,REQUIRES_PREDECESSOR,
overmap,string_dimension_utility_tunnel_straight,utility tunnel,dda,dda,missing,,,,data/json/overmap/overmap_terrain/overmap_terrain_string_dimension.json,REQUIRES_PREDECESSOR,
overmap,string_dimension_void,empty space,dda,dda,missing,,,,data/json/overmap/overmap_terrain/overmap_terrain_string_dimension.json,NO_ROTATE,
overmap,sub_ramp_above,subway ramp,dda,dda,missing,,,,data/json/overmap/overmap_terrain/overmap_terrain_transportation.json,,
overmap,sub_ramp_below,subway ramp,dda,dda,missing,,,,data/json/overmap/overmap_terrain/overmap_terrain_transportation.json,,
overmap,sunken_heli_roof,sunken heli roof,dda,dda,missing,,,,data/json/overmap/overmap_terrain/overmap_terrain_sunkenheli.json,NO_ROTATE | LAKE,
overmap,sunken_helicopter,sunken heli,dda,dda,missing,,,,data/json/overmap/overmap_terrain/overmap_terrain_sunkenheli.json,NO_ROTATE | LAKE,
overmap,supermarket_x0_y0_z0,supermarket,dda,dda,missing,,,,data/json/overmap/overmap_terrain/overmap_terrain_supermarket.json,,
overmap,supermarket_x0_y0_z1,supermarket,dda,dda,missing,,,,data/json/overmap/overmap_terrain/overmap_terrain_supermarket.json,,
overmap,supermarket_x0_y1_z0,supermarket,dda,dda,missing,,,,data/json/overmap/overmap_terrain/overmap_terrain_supermarket.json,,
overmap,supermarket_x0_y1_z1,supermarket,dda,dda,missing,,,,data/json/overmap/overmap_terrain/overmap_terrain_supermarket.json,,
overmap,supermarket_x0_y2_z0,supermarket,dda,dda,missing,,,,data/json/overmap/overmap_terrain/overmap_terrain_supermarket.json,,
overmap,supermarket_x0_y2_z1,supermarket,dda,dda,missing,,,,data/json/overmap/overmap_terrain/overmap_terrain_supermarket.json,,
overmap,supermarket_x1_y0_z0,supermarket,dda,dda,missing,,,,data/json/overmap/overmap_terrain/overmap_terrain_supermarket.json,,
overmap,supermarket_x1_y0_z1,supermarket,dda,dda,missing,,,,data/json/overmap/overmap_terrain/overmap_terrain_supermarket.json,,
overmap,supermarket_x1_y1_z0,supermarket,dda,dda,missing,,,,data/json/overmap/overmap_terrain/overmap_terrain_supermarket.json,,
overmap,supermarket_x1_y1_z1,supermarket,dda,dda,missing,,,,data/json/overmap/overmap_terrain/overmap_terrain_supermarket.json,,
overmap,supermarket_x1_y2_z0,supermarket,dda,dda,missing,,,,data/json/overmap/overmap_terrain/overmap_terrain_supermarket.json,,
overmap,supermarket_x1_y2_z1,supermarket,dda,dda,missing,,,,data/json/overmap/overmap_terrain/overmap_terrain_supermarket.json,,
overmap,supermarket_x2_y0_z0,supermarket,dda,dda,missing,,,,data/json/overmap/overmap_terrain/overmap_terrain_supermarket.json,,
overmap,supermarket_x2_y0_z1,supermarket,dda,dda,missing,,,,data/json/overmap/overmap_terrain/overmap_terrain_supermarket.json,,
overmap,supermarket_x2_y1_z0,supermarket,dda,dda,missing,,,,data/json/overmap/overmap_terrain/overmap_terrain_supermarket.json,,
overmap,supermarket_x2_y1_z1,supermarket,dda,dda,missing,,,,data/json/overmap/overmap_terrain/overmap_terrain_supermarket.json,,
overmap,supermarket_x2_y2_z0,supermarket,dda,dda,missing,,,,data/json/overmap/overmap_terrain/overmap_terrain_supermarket.json,,
overmap,supermarket_x2_y2_z1,supermarket,dda,dda,missing,,,,data/json/overmap/overmap_terrain/overmap_terrain_supermarket.json,,
overmap,survivor_forest_camp,survivor forest camp,dda,dda,missing,,,,data/json/overmap/overmap_terrain/overmap_terrain.json,REQUIRES_PREDECESSOR,
overmap,temple_underground_1,strange temple,dda,dda,missing,,,,data/json/overmap/overmap_terrain/overmap_terrain_hardcoded.json,KNOWN_DOWN,
overmap,temple_underground_2,strange temple,dda,dda,missing,,,,data/json/overmap/overmap_terrain/overmap_terrain_hardcoded.json,KNOWN_DOWN,
overmap,temple_underground_3,strange temple,dda,dda,missing,,,,data/json/overmap/overmap_terrain/overmap_terrain_hardcoded.json,KNOWN_DOWN,
overmap,temple_underground_4,strange temple,dda,dda,missing,,,,data/json/overmap/overmap_terrain/overmap_terrain_hardcoded.json,KNOWN_DOWN,
overmap,town_hall_1_1_upper_roof,town hall,dda,dda,missing,,,,data/json/overmap/overmap_terrain/overmap_terrain_public_institutional.json,,
overmap,toxic_dump_roof,toxic waste dump,dda,dda,missing,,,,data/json/overmap/overmap_terrain/overmap_terrain_waste_junk.json,RISK_HIGH,
overmap,underground_lab_cargo_stationA,Lab Cargo Zone,dda,dda,missing,,,,data/json/overmap/overmap_terrain/overmap_terrain_lab.json,RISK_EXTREME,
overmap,underground_lab_cargo_stationB,Lab Cargo Zone,dda,dda,missing,,,,data/json/overmap/overmap_terrain/overmap_terrain_lab.json,RISK_EXTREME,
overmap,underground_lab_central_-5E,Lab Cargo Zone,dda,dda,missing,,,,data/json/overmap/overmap_terrain/overmap_terrain_lab.json,RISK_EXTREME,
overmap,underground_lab_central_-5W,Lab Cargo Zone,dda,dda,missing,,,,data/json/overmap/overmap_terrain/overmap_terrain_lab.json,RISK_EXTREME,
overmap,underground_lab_central_-6E,Lab Cargo Zone,dda,dda,missing,,,,data/json/overmap/overmap_terrain/overmap_terrain_lab.json,RISK_EXTREME,
overmap,underground_lab_central_-6W,Lab Cargo Zone,dda,dda,missing,,,,data/json/overmap/overmap_terrain/overmap_terrain_lab.json,RISK_EXTREME,
overmap,underground_lab_central_-7E,Lab Cargo Zone,dda,dda,missing,,,,data/json/overmap/overmap_terrain/overmap_terrain_lab.json,RISK_EXTREME,
overmap,underground_lab_central_-7W,Lab Cargo Zone,dda,dda,missing,,,,data/json/overmap/overmap_terrain/overmap_terrain_lab.json,RISK_EXTREME,
overmap,unexplored,Unexplored,dda,dda,missing,,,,data/json/overmap/overmap_terrain/overmap_terrain.json,NO_ROTATE | SHOULD_NOT_SPAWN,
overmap,unvitrified_farm_2,quiet farmstead,dda,dda,missing,,,,data/json/overmap/overmap_terrain/overmap_vitrified_terrain.json,NO_ROTATE,
overmap,unvitrified_farm_neg_1,quiet farmstead,dda,dda,missing,,,,data/json/overmap/overmap_terrain/overmap_vitrified_terrain.json,NO_ROTATE,
overmap,urban_25_sewer_connector,sewer,dda,dda,missing,,,generic_sewer,data/json/overmap/overmap_terrain/overmap_terrain_waste_junk.json,,
overmap,void_spider_lair,abyssal cavern,dda,dda,missing,,,,data/json/overmap/overmap_terrain/overmap_terrain_nether.json,RISK_EXTREME | NO_ROTATE,
overmap,xedra_fishing_shack_0,lakeside shack,dda,dda,missing,,,,data/json/overmap/overmap_terrain/overmap_terrain_xedra_fieldstations.json,,
overmap,xedra_fishing_shack_1,lakeside shack,dda,dda,missing,,,,data/json/overmap/overmap_terrain/overmap_terrain_xedra_fieldstations.json,,
overmap,xedra_fishing_shack_2,lakeside shack,dda,dda,missing,,,,data/json/overmap/overmap_terrain/overmap_terrain_xedra_fieldstations.json,,
overmap,xedra_rural_church,barricaded rural church,dda,dda,missing,,,,data/json/overmap/overmap_terrain/overmap_terrain_xedra_fieldstations.json,,
overmap,xedra_rural_church_basement,church basement,dda,dda,missing,,,,data/json/overmap/overmap_terrain/overmap_terrain_xedra_fieldstations.json,,
overmap,xedra_rural_church_parking,barricaded rural church,dda,dda,missing,,,,data/json/overmap/overmap_terrain/overmap_terrain_xedra_fieldstations.json,,
overmap,xedra_rural_church_steeple,rural church steeple,dda,dda,missing,,,,data/json/overmap/overmap_terrain/overmap_terrain_xedra_fieldstations.json,,
overmap,xedra_rural_church_steeple_roof,rural church steeple roof,dda,dda,missing,,,,data/json/overmap/overmap_terrain/overmap_terrain_xedra_fieldstations.json,,
overmap,aenor_paddock,paddock,magiclysm,magiclysm,missing,,,generic_rural_field | generic_open_land,data/mods/Magiclysm/worldgen/overmap_terrain.json,SOURCE_FOOD | SOURCE_SAFETY | RISK_LOW | SOURCE_FARMING,
overmap,aenor_paddock_C,paddock,magiclysm,magiclysm,missing,,,generic_rural_field | generic_open_land,data/mods/Magiclysm/worldgen/overmap_terrain.json,SOURCE_FOOD | SOURCE_SAFETY | RISK_LOW | SOURCE_FARMING,
overmap,aenor_paddock_DL,paddock,magiclysm,magiclysm,missing,,,generic_rural_field | generic_open_land,data/mods/Magiclysm/worldgen/overmap_terrain.json,SOURCE_FOOD | SOURCE_SAFETY | RISK_LOW | SOURCE_FARMING,
overmap,aenor_paddock_DR,paddock,magiclysm,magiclysm,missing,,,generic_rural_field | generic_open_land,data/mods/Magiclysm/worldgen/overmap_terrain.json,SOURCE_FOOD | SOURCE_SAFETY | RISK_LOW | SOURCE_FARMING,
overmap,aenor_paddock_L_butt,paddock,magiclysm,magiclysm,missing,,,generic_rural_field | generic_open_land,data/mods/Magiclysm/worldgen/overmap_terrain.json,SOURCE_FOOD | SOURCE_SAFETY | RISK_LOW | SOURCE_FARMING,
overmap,aenor_paddock_L_gap,paddock,magiclysm,magiclysm,missing,,,generic_rural_field | generic_open_land,data/mods/Magiclysm/worldgen/overmap_terrain.json,SOURCE_FOOD | SOURCE_SAFETY | RISK_LOW | SOURCE_FARMING,
overmap,aenor_paddock_R_butt,paddock,magiclysm,magiclysm,missing,,,generic_rural_field | generic_open_land,data/mods/Magiclysm/worldgen/overmap_terrain.json,SOURCE_FOOD | SOURCE_SAFETY | RISK_LOW | SOURCE_FARMING,
overmap,aenor_paddock_R_gap,paddock,magiclysm,magiclysm,missing,,,generic_rural_field | generic_open_land,data/mods/Magiclysm/worldgen/overmap_terrain.json,SOURCE_FOOD | SOURCE_SAFETY | RISK_LOW | SOURCE_FARMING,
overmap,aenor_paddock_UL,paddock,magiclysm,magiclysm,missing,,,generic_rural_field | generic_open_land,data/mods/Magiclysm/worldgen/overmap_terrain.json,SOURCE_FOOD | SOURCE_SAFETY | RISK_LOW | SOURCE_FARMING,
overmap,aenor_paddock_UR,paddock,magiclysm,magiclysm,missing,,,generic_rural_field | generic_open_land,data/mods/Magiclysm/worldgen/overmap_terrain.json,SOURCE_FOOD | SOURCE_SAFETY | RISK_LOW | SOURCE_FARMING,
overmap,aenor_paddock_d_D_butt,paddock,magiclysm,magiclysm,missing,,,generic_rural_field | generic_open_land,data/mods/Magiclysm/worldgen/overmap_terrain.json,SOURCE_FOOD | SOURCE_SAFETY | RISK_LOW | SOURCE_FARMING,
overmap,aenor_paddock_d_D_gap,paddock,magiclysm,magiclysm,missing,,,generic_rural_field | generic_open_land,data/mods/Magiclysm/worldgen/overmap_terrain.json,SOURCE_FOOD | SOURCE_SAFETY | RISK_LOW | SOURCE_FARMING,
overmap,aenor_paddock_d_U_butt,paddock,magiclysm,magiclysm,missing,,,generic_rural_field | generic_open_land,data/mods/Magiclysm/worldgen/overmap_terrain.json,SOURCE_FOOD | SOURCE_SAFETY | RISK_LOW | SOURCE_FARMING,
overmap,aenor_paddock_d_U_gap,paddock,magiclysm,magiclysm,missing,,,generic_rural_field | generic_open_land,data/mods/Magiclysm/worldgen/overmap_terrain.json,SOURCE_FOOD | SOURCE_SAFETY | RISK_LOW | SOURCE_FARMING,
overmap,aenor_paddock_end_DL,paddock,magiclysm,magiclysm,missing,,,generic_rural_field | generic_open_land,data/mods/Magiclysm/worldgen/overmap_terrain.json,SOURCE_FOOD | SOURCE_SAFETY | RISK_LOW | SOURCE_FARMING,
overmap,aenor_paddock_end_DR,paddock,magiclysm,magiclysm,missing,,,generic_rural_field | generic_open_land,data/mods/Magiclysm/worldgen/overmap_terrain.json,SOURCE_FOOD | SOURCE_SAFETY | RISK_LOW | SOURCE_FARMING,
overmap,aenor_paddock_end_UL,paddock,magiclysm,magiclysm,missing,,,generic_rural_field | generic_open_land,data/mods/Magiclysm/worldgen/overmap_terrain.json,SOURCE_FOOD | SOURCE_SAFETY | RISK_LOW | SOURCE_FARMING,
overmap,aenor_paddock_end_UR,paddock,magiclysm,magiclysm,missing,,,generic_rural_field | generic_open_land,data/mods/Magiclysm/worldgen/overmap_terrain.json,SOURCE_FOOD | SOURCE_SAFETY | RISK_LOW | SOURCE_FARMING,
overmap,aenor_paddock_special_1,paddock,magiclysm,magiclysm,missing,,,generic_rural_field | generic_open_land,data/mods/Magiclysm/worldgen/overmap_terrain.json,SOURCE_FOOD | SOURCE_SAFETY | RISK_LOW | SOURCE_FARMING,
overmap,aenor_paddock_special_2,paddock,magiclysm,magiclysm,missing,,,generic_rural_field | generic_open_land,data/mods/Magiclysm/worldgen/overmap_terrain.json,SOURCE_FOOD | SOURCE_SAFETY | RISK_LOW | SOURCE_FARMING,
overmap,aenor_paddock_special_3,paddock,magiclysm,magiclysm,missing,,,generic_rural_field | generic_open_land,data/mods/Magiclysm/worldgen/overmap_terrain.json,SOURCE_FOOD | SOURCE_SAFETY | RISK_LOW | SOURCE_FARMING,
overmap,aenor_paddock_special_4,paddock,magiclysm,magiclysm,missing,,,generic_rural_field | generic_open_land,data/mods/Magiclysm/worldgen/overmap_terrain.json,SOURCE_FOOD | SOURCE_SAFETY | RISK_LOW | SOURCE_FARMING,
overmap,aenor_paddock_trailhead_1,paddock,magiclysm,magiclysm,missing,,,generic_rural_field | generic_open_land,data/mods/Magiclysm/worldgen/overmap_terrain.json,SOURCE_FOOD | SOURCE_SAFETY | RISK_LOW | SOURCE_FARMING,
overmap,aenor_paddock_trailhead_3,paddock,magiclysm,magiclysm,missing,,,generic_rural_field | generic_open_land,data/mods/Magiclysm/worldgen/overmap_terrain.json,SOURCE_FOOD | SOURCE_SAFETY | RISK_LOW | SOURCE_FARMING,
overmap,aenor_paddock_trailhead_4,paddock,magiclysm,magiclysm,missing,,,generic_rural_field | generic_open_land,data/mods/Magiclysm/worldgen/overmap_terrain.json,SOURCE_FOOD | SOURCE_SAFETY | RISK_LOW | SOURCE_FARMING,
overmap,aenor_paddock_trailhead_6,paddock,magiclysm,magiclysm,missing,,,generic_rural_field | generic_open_land,data/mods/Magiclysm/worldgen/overmap_terrain.json,SOURCE_FOOD | SOURCE_SAFETY | RISK_LOW | SOURCE_FARMING,
overmap,aenor_paddock_trailhead_7,paddock,magiclysm,magiclysm,missing,,,generic_rural_field | generic_open_land,data/mods/Magiclysm/worldgen/overmap_terrain.json,SOURCE_FOOD | SOURCE_SAFETY | RISK_LOW | SOURCE_FARMING,
overmap,aenor_paddock_trailhead_9,paddock,magiclysm,magiclysm,missing,,,generic_rural_field | generic_open_land,data/mods/Magiclysm/worldgen/overmap_terrain.json,SOURCE_FOOD | SOURCE_SAFETY | RISK_LOW | SOURCE_FARMING,
overmap,druid_ritual_home_crown,druid tower crown,magiclysm,magiclysm,missing,,,,data/mods/Magiclysm/worldgen/overmap_terrain.json,,
overmap,druid_ritual_home_crown_e,druid tower crown,magiclysm,magiclysm,missing,,,,data/mods/Magiclysm/worldgen/overmap_terrain.json,,
overmap,druid_ritual_home_crown_n,druid tower crown,magiclysm,magiclysm,missing,,,,data/mods/Magiclysm/worldgen/overmap_terrain.json,,
overmap,druid_ritual_home_crown_ne,druid tower crown,magiclysm,magiclysm,missing,,,,data/mods/Magiclysm/worldgen/overmap_terrain.json,,
overmap,druid_ritual_home_crown_nw,druid tower crown,magiclysm,magiclysm,missing,,,,data/mods/Magiclysm/worldgen/overmap_terrain.json,,
overmap,druid_ritual_home_crown_s,druid tower crown,magiclysm,magiclysm,missing,,,,data/mods/Magiclysm/worldgen/overmap_terrain.json,,
overmap,druid_ritual_home_crown_se,druid tower crown,magiclysm,magiclysm,missing,,,,data/mods/Magiclysm/worldgen/overmap_terrain.json,,
overmap,druid_ritual_home_crown_sw,druid tower crown,magiclysm,magiclysm,missing,,,,data/mods/Magiclysm/worldgen/overmap_terrain.json,,
overmap,druid_ritual_home_crown_w,druid tower crown,magiclysm,magiclysm,missing,,,,data/mods/Magiclysm/worldgen/overmap_terrain.json,,
overmap,druid_ritual_home_z0,druid tower,magiclysm,magiclysm,missing,,,,data/mods/Magiclysm/worldgen/overmap_terrain.json,,
overmap,druid_ritual_home_z1,druid tower,magiclysm,magiclysm,missing,,,,data/mods/Magiclysm/worldgen/overmap_terrain.json,,
overmap,druid_ritual_home_z2,druid tower,magiclysm,magiclysm,missing,,,,data/mods/Magiclysm/worldgen/overmap_terrain.json,,
overmap,druid_ritual_home_z3,druid tower,magiclysm,magiclysm,missing,,,,data/mods/Magiclysm/worldgen/overmap_terrain.json,,
overmap,druid_ritual_home_z4,druid tower,magiclysm,magiclysm,missing,,,,data/mods/Magiclysm/worldgen/overmap_terrain.json,,
overmap,elf_workshop,elf workshop,magiclysm,magiclysm,missing,,,,data/mods/Magiclysm/worldgen/elf_workshop.json,RISK_HIGH | SHOULD_NOT_SPAWN,
overmap,elf_workshop_roof,elf workshop,magiclysm,magiclysm,missing,,,,data/mods/Magiclysm/worldgen/elf_workshop.json,RISK_HIGH | SHOULD_NOT_SPAWN,
overmap,forge_x0y0z0,forge of wonders,magiclysm,magiclysm,missing,,,,data/mods/Magiclysm/worldgen/overmap_terrain.json,,
overmap,forge_x0y0z1,forge of wonders,magiclysm,magiclysm,missing,,,,data/mods/Magiclysm/worldgen/overmap_terrain.json,,
overmap,forge_x0y0z2,forge of wonders,magiclysm,magiclysm,missing,,,,data/mods/Magiclysm/worldgen/overmap_terrain.json,,
overmap,forge_x0y0z3,forge of wonders,magiclysm,magiclysm,missing,,,,data/mods/Magiclysm/worldgen/overmap_terrain.json,,
overmap,forge_x0y0z4,forge of wonders,magiclysm,magiclysm,missing,,,,data/mods/Magiclysm/worldgen/overmap_terrain.json,,
overmap,forge_x0y1z0,forge of wonders,magiclysm,magiclysm,missing,,,,data/mods/Magiclysm/worldgen/overmap_terrain.json,,
overmap,forge_x0y1z1,forge of wonders,magiclysm,magiclysm,missing,,,,data/mods/Magiclysm/worldgen/overmap_terrain.json,,
overmap,forge_x0y1z2,forge of wonders,magiclysm,magiclysm,missing,,,,data/mods/Magiclysm/worldgen/overmap_terrain.json,,
overmap,forge_x0y1z3,forge of wonders,magiclysm,magiclysm,missing,,,,data/mods/Magiclysm/worldgen/overmap_terrain.json,,
overmap,forge_x0y1z4,forge of wonders,magiclysm,magiclysm,missing,,,,data/mods/Magiclysm/worldgen/overmap_terrain.json,,
overmap,forge_x0y2z0,forge of wonders,magiclysm,magiclysm,missing,,,,data/mods/Magiclysm/worldgen/overmap_terrain.json,,
overmap,forge_x0y2z1,forge of wonders,magiclysm,magiclysm,missing,,,,data/mods/Magiclysm/worldgen/overmap_terrain.json,,
overmap,forge_x0y2z2,forge of wonders,magiclysm,magiclysm,missing,,,,data/mods/Magiclysm/worldgen/overmap_terrain.json,,
overmap,forge_x0y2z3,forge of wonders,magiclysm,magiclysm,missing,,,,data/mods/Magiclysm/worldgen/overmap_terrain.json,,
overmap,forge_x0y2z4,forge of wonders,magiclysm,magiclysm,missing,,,,data/mods/Magiclysm/worldgen/overmap_terrain.json,,
overmap,forge_x0y3z0,forge of wonders,magiclysm,magiclysm,missing,,,,data/mods/Magiclysm/worldgen/overmap_terrain.json,,
overmap,forge_x0y3z1,forge of wonders,magiclysm,magiclysm,missing,,,,data/mods/Magiclysm/worldgen/overmap_terrain.json,,
overmap,forge_x0y3z2,forge of wonders,magiclysm,magiclysm,missing,,,,data/mods/Magiclysm/worldgen/overmap_terrain.json,,
overmap,forge_x0y3z3,forge of wonders,magiclysm,magiclysm,missing,,,,data/mods/Magiclysm/worldgen/overmap_terrain.json,,
overmap,forge_x0y3z4,forge of wonders,magiclysm,magiclysm,missing,,,,data/mods/Magiclysm/worldgen/overmap_terrain.json,,
overmap,forge_x1y0z0,forge of wonders,magiclysm,magiclysm,missing,,,,data/mods/Magiclysm/worldgen/overmap_terrain.json,,
overmap,forge_x1y0z1,forge of wonders,magiclysm,magiclysm,missing,,,,data/mods/Magiclysm/worldgen/overmap_terrain.json,,
overmap,forge_x1y0z2,forge of wonders,magiclysm,magiclysm,missing,,,,data/mods/Magiclysm/worldgen/overmap_terrain.json,,
overmap,forge_x1y0z3,forge of wonders,magiclysm,magiclysm,missing,,,,data/mods/Magiclysm/worldgen/overmap_terrain.json,,
overmap,forge_x1y0z4,forge of wonders,magiclysm,magiclysm,missing,,,,data/mods/Magiclysm/worldgen/overmap_terrain.json,,
overmap,forge_x1y1z0,forge of wonders,magiclysm,magiclysm,missing,,,,data/mods/Magiclysm/worldgen/overmap_terrain.json,,
overmap,forge_x1y1z1,forge of wonders,magiclysm,magiclysm,missing,,,,data/mods/Magiclysm/worldgen/overmap_terrain.json,,
overmap,forge_x1y1z2,forge of wonders,magiclysm,magiclysm,missing,,,,data/mods/Magiclysm/worldgen/overmap_terrain.json,,
overmap,forge_x1y1z3,forge of wonders,magiclysm,magiclysm,missing,,,,data/mods/Magiclysm/worldgen/overmap_terrain.json,,
overmap,forge_x1y1z4,forge of wonders,magiclysm,magiclysm,missing,,,,data/mods/Magiclysm/worldgen/overmap_terrain.json,,
overmap,forge_x1y2z0,forge of wonders,magiclysm,magiclysm,missing,,,,data/mods/Magiclysm/worldgen/overmap_terrain.json,,
overmap,forge_x1y2z1,forge of wonders,magiclysm,magiclysm,missing,,,,data/mods/Magiclysm/worldgen/overmap_terrain.json,,
overmap,forge_x1y2z2,forge of wonders,magiclysm,magiclysm,missing,,,,data/mods/Magiclysm/worldgen/overmap_terrain.json,,
overmap,forge_x1y2z3,forge of wonders,magiclysm,magiclysm,missing,,,,data/mods/Magiclysm/worldgen/overmap_terrain.json,,
overmap,forge_x1y2z4,forge of wonders,magiclysm,magiclysm,missing,,,,data/mods/Magiclysm/worldgen/overmap_terrain.json,,
overmap,forge_x1y3z0,forge of wonders,magiclysm,magiclysm,missing,,,,data/mods/Magiclysm/worldgen/overmap_terrain.json,,
overmap,forge_x1y3z1,forge of wonders,magiclysm,magiclysm,missing,,,,data/mods/Magiclysm/worldgen/overmap_terrain.json,,
overmap,forge_x1y3z2,forge of wonders,magiclysm,magiclysm,missing,,,,data/mods/Magiclysm/worldgen/overmap_terrain.json,,
overmap,forge_x1y3z3,forge of wonders,magiclysm,magiclysm,missing,,,,data/mods/Magiclysm/worldgen/overmap_terrain.json,,
overmap,forge_x1y3z4,forge of wonders,magiclysm,magiclysm,missing,,,,data/mods/Magiclysm/worldgen/overmap_terrain.json,,
overmap,forge_x2y0z0,forge of wonders,magiclysm,magiclysm,missing,,,,data/mods/Magiclysm/worldgen/overmap_terrain.json,,
overmap,forge_x2y0z1,forge of wonders,magiclysm,magiclysm,missing,,,,data/mods/Magiclysm/worldgen/overmap_terrain.json,,
overmap,forge_x2y0z2,forge of wonders,magiclysm,magiclysm,missing,,,,data/mods/Magiclysm/worldgen/overmap_terrain.json,,
overmap,forge_x2y0z3,forge of wonders,magiclysm,magiclysm,missing,,,,data/mods/Magiclysm/worldgen/overmap_terrain.json,,
overmap,forge_x2y0z4,forge of wonders,magiclysm,magiclysm,missing,,,,data/mods/Magiclysm/worldgen/overmap_terrain.json,,
overmap,forge_x2y1z0,forge of wonders,magiclysm,magiclysm,missing,,,,data/mods/Magiclysm/worldgen/overmap_terrain.json,,
overmap,forge_x2y1z1,forge of wonders,magiclysm,magiclysm,missing,,,,data/mods/Magiclysm/worldgen/overmap_terrain.json,,
overmap,forge_x2y1z2,forge of wonders,magiclysm,magiclysm,missing,,,,data/mods/Magiclysm/worldgen/overmap_terrain.json,,
overmap,forge_x2y1z3,forge of wonders,magiclysm,magiclysm,missing,,,,data/mods/Magiclysm/worldgen/overmap_terrain.json,,
overmap,forge_x2y1z4,forge of wonders,magiclysm,magiclysm,missing,,,,data/mods/Magiclysm/worldgen/overmap_terrain.json,,
overmap,forge_x2y2z0,forge of wonders,magiclysm,magiclysm,missing,,,,data/mods/Magiclysm/worldgen/overmap_terrain.json,,
overmap,forge_x2y2z1,forge of wonders,magiclysm,magiclysm,missing,,,,data/mods/Magiclysm/worldgen/overmap_terrain.json,,
overmap,forge_x2y2z2,forge of wonders,magiclysm,magiclysm,missing,,,,data/mods/Magiclysm/worldgen/overmap_terrain.json,,
overmap,forge_x2y2z3,forge of wonders,magiclysm,magiclysm,missing,,,,data/mods/Magiclysm/worldgen/overmap_terrain.json,,
overmap,forge_x2y2z4,forge of wonders,magiclysm,magiclysm,missing,,,,data/mods/Magiclysm/worldgen/overmap_terrain.json,,
overmap,forge_x2y3z0,forge of wonders,magiclysm,magiclysm,missing,,,,data/mods/Magiclysm/worldgen/overmap_terrain.json,,
overmap,forge_x2y3z1,forge of wonders,magiclysm,magiclysm,missing,,,,data/mods/Magiclysm/worldgen/overmap_terrain.json,,
overmap,forge_x2y3z2,forge of wonders,magiclysm,magiclysm,missing,,,,data/mods/Magiclysm/worldgen/overmap_terrain.json,,
overmap,forge_x2y3z3,forge of wonders,magiclysm,magiclysm,missing,,,,data/mods/Magiclysm/worldgen/overmap_terrain.json,,
overmap,forge_x2y3z4,forge of wonders,magiclysm,magiclysm,missing,,,,data/mods/Magiclysm/worldgen/overmap_terrain.json,,
overmap,forge_x3y0z0,forge of wonders,magiclysm,magiclysm,missing,,,,data/mods/Magiclysm/worldgen/overmap_terrain.json,,
overmap,forge_x3y0z1,forge of wonders,magiclysm,magiclysm,missing,,,,data/mods/Magiclysm/worldgen/overmap_terrain.json,,
overmap,forge_x3y0z2,forge of wonders,magiclysm,magiclysm,missing,,,,data/mods/Magiclysm/worldgen/overmap_terrain.json,,
overmap,forge_x3y0z3,forge of wonders,magiclysm,magiclysm,missing,,,,data/mods/Magiclysm/worldgen/overmap_terrain.json,,
overmap,forge_x3y0z4,forge of wonders,magiclysm,magiclysm,missing,,,,data/mods/Magiclysm/worldgen/overmap_terrain.json,,
overmap,forge_x3y1z0,forge of wonders,magiclysm,magiclysm,missing,,,,data/mods/Magiclysm/worldgen/overmap_terrain.json,,
overmap,forge_x3y1z1,forge of wonders,magiclysm,magiclysm,missing,,,,data/mods/Magiclysm/worldgen/overmap_terrain.json,,
overmap,forge_x3y1z2,forge of wonders,magiclysm,magiclysm,missing,,,,data/mods/Magiclysm/worldgen/overmap_terrain.json,,
overmap,forge_x3y1z3,forge of wonders,magiclysm,magiclysm,missing,,,,data/mods/Magiclysm/worldgen/overmap_terrain.json,,
overmap,forge_x3y1z4,forge of wonders,magiclysm,magiclysm,missing,,,,data/mods/Magiclysm/worldgen/overmap_terrain.json,,
overmap,forge_x3y2z0,forge of wonders,magiclysm,magiclysm,missing,,,,data/mods/Magiclysm/worldgen/overmap_terrain.json,,
overmap,forge_x3y2z1,forge of wonders,magiclysm,magiclysm,missing,,,,data/mods/Magiclysm/worldgen/overmap_terrain.json,,
overmap,forge_x3y2z2,forge of wonders,magiclysm,magiclysm,missing,,,,data/mods/Magiclysm/worldgen/overmap_terrain.json,,
overmap,forge_x3y2z3,forge of wonders,magiclysm,magiclysm,missing,,,,data/mods/Magiclysm/worldgen/overmap_terrain.json,,
overmap,forge_x3y2z4,forge of wonders,magiclysm,magiclysm,missing,,,,data/mods/Magiclysm/worldgen/overmap_terrain.json,,
overmap,forge_x3y3z0,forge of wonders,magiclysm,magiclysm,missing,,,,data/mods/Magiclysm/worldgen/overmap_terrain.json,,
overmap,forge_x3y3z1,forge of wonders,magiclysm,magiclysm,missing,,,,data/mods/Magiclysm/worldgen/overmap_terrain.json,,
overmap,forge_x3y3z2,forge of wonders,magiclysm,magiclysm,missing,,,,data/mods/Magiclysm/worldgen/overmap_terrain.json,,
overmap,forge_x3y3z3,forge of wonders,magiclysm,magiclysm,missing,,,,data/mods/Magiclysm/worldgen/overmap_terrain.json,,
overmap,forge_x3y3z4,forge of wonders,magiclysm,magiclysm,missing,,,,data/mods/Magiclysm/worldgen/overmap_terrain.json,,
overmap,goblin_1A_roof,goblin encampment,magiclysm,magiclysm,missing,,,,data/mods/Magiclysm/worldgen/goblin_locations/goblin_encampment.json,,
overmap,goblin_1B_roof,goblin encampment,magiclysm,magiclysm,missing,,,,data/mods/Magiclysm/worldgen/goblin_locations/goblin_encampment.json,,
overmap,goblin_1C_roof,goblin encampment,magiclysm,magiclysm,missing,,,,data/mods/Magiclysm/worldgen/goblin_locations/goblin_encampment.json,,
overmap,goblin_2A_roof,goblin encampment,magiclysm,magiclysm,missing,,,,data/mods/Magiclysm/worldgen/goblin_locations/goblin_encampment.json,,
overmap,goblin_2B_roof,goblin encampment,magiclysm,magiclysm,missing,,,,data/mods/Magiclysm/worldgen/goblin_locations/goblin_encampment.json,,
overmap,goblin_2C_roof,goblin encampment,magiclysm,magiclysm,missing,,,,data/mods/Magiclysm/worldgen/goblin_locations/goblin_encampment.json,,
overmap,goblin_3A_roof,goblin encampment,magiclysm,magiclysm,missing,,,,data/mods/Magiclysm/worldgen/goblin_locations/goblin_encampment.json,,
overmap,goblin_3B_roof,goblin encampment,magiclysm,magiclysm,missing,,,,data/mods/Magiclysm/worldgen/goblin_locations/goblin_encampment.json,,
overmap,goblin_3C_roof,goblin encampment,magiclysm,magiclysm,missing,,,,data/mods/Magiclysm/worldgen/goblin_locations/goblin_encampment.json,,
overmap,goblin_4A_roof,goblin encampment,magiclysm,magiclysm,missing,,,,data/mods/Magiclysm/worldgen/goblin_locations/goblin_encampment.json,,
overmap,goblin_4B_roof,goblin encampment,magiclysm,magiclysm,missing,,,,data/mods/Magiclysm/worldgen/goblin_locations/goblin_encampment.json,,
overmap,goblin_4C_roof,goblin encampment,magiclysm,magiclysm,missing,,,,data/mods/Magiclysm/worldgen/goblin_locations/goblin_encampment.json,,
overmap,goblin_5A_roof,goblin encampment,magiclysm,magiclysm,missing,,,,data/mods/Magiclysm/worldgen/goblin_locations/goblin_encampment.json,,
overmap,goblin_5B_roof,goblin encampment,magiclysm,magiclysm,missing,,,,data/mods/Magiclysm/worldgen/goblin_locations/goblin_encampment.json,,
overmap,goblin_5C_roof,goblin encampment,magiclysm,magiclysm,missing,,,,data/mods/Magiclysm/worldgen/goblin_locations/goblin_encampment.json,,
overmap,magic_field_a1,big magic meadow,magiclysm,magiclysm,missing,,,,data/mods/Magiclysm/worldgen/overmap_terrain.json,NO_ROTATE,
overmap,magic_field_a2,big magic meadow,magiclysm,magiclysm,missing,,,,data/mods/Magiclysm/worldgen/overmap_terrain.json,NO_ROTATE,
overmap,magic_field_b1,big magic meadow,magiclysm,magiclysm,missing,,,,data/mods/Magiclysm/worldgen/overmap_terrain.json,NO_ROTATE,
overmap,magic_field_b2,big magic meadow,magiclysm,magiclysm,missing,,,,data/mods/Magiclysm/worldgen/overmap_terrain.json,NO_ROTATE,
overmap,mystic_glade_ne,mystic glade,magiclysm,magiclysm,missing,,,,data/mods/Magiclysm/worldgen/overmap_terrain.json,,
overmap,mystic_glade_nw,mystic glade,magiclysm,magiclysm,missing,,,,data/mods/Magiclysm/worldgen/overmap_terrain.json,,
overmap,mystic_glade_se,mystic glade,magiclysm,magiclysm,missing,,,,data/mods/Magiclysm/worldgen/overmap_terrain.json,,
overmap,mystic_glade_sw,mystic glade,magiclysm,magiclysm,missing,,,,data/mods/Magiclysm/worldgen/overmap_terrain.json,,
overmap,ogre_mound_roof,ogre lair roof,magiclysm,magiclysm,missing,,,,data/mods/Magiclysm/worldgen/overmap_terrain.json,,
overmap,small_magic_field,magic meadow,magiclysm,magiclysm,missing,,,,data/mods/Magiclysm/worldgen/overmap_terrain.json,NO_ROTATE,
overmap,standing_teleport_stones,ancient ring of stones,magiclysm,magiclysm,missing,,,,data/mods/Magiclysm/worldgen/overmap_terrain.json,NO_ROTATE | REQUIRES_PREDECESSOR,
overmap,nether_crystal_field,crystal outcroppings,mindovermatter,mindovermatter,missing,,,,data/mods/MindOverMatter/overmap/overmap_terrain.json,NO_ROTATE,
overmap,psi_phavian_lab_basementD1_hidden_psi_lab_stairs,lab basement,mindovermatter,mindovermatter,missing,,,,data/mods/MindOverMatter/overmap/overmap_terrain.json,,
overmap,psi_phavian_lab_basementE1,lab basement,mindovermatter,mindovermatter,missing,,,,data/mods/MindOverMatter/overmap/overmap_terrain.json,,
overmap,cathedralv_1_NE,cathedral,xedra_evolved,xedra_evolved,missing,,,,data/mods/Xedra_Evolved/mapgen/overmap_terrain.json,SIDEWALK,
overmap,cathedralv_1_NW,cathedral,xedra_evolved,xedra_evolved,missing,,,,data/mods/Xedra_Evolved/mapgen/overmap_terrain.json,SIDEWALK,
overmap,cathedralv_1_SE,cathedral,xedra_evolved,xedra_evolved,missing,,,,data/mods/Xedra_Evolved/mapgen/overmap_terrain.json,SIDEWALK,
overmap,cathedralv_1_SW,cathedral,xedra_evolved,xedra_evolved,missing,,,,data/mods/Xedra_Evolved/mapgen/overmap_terrain.json,SIDEWALK,
overmap,cathedralv_2_NE,cathedral,xedra_evolved,xedra_evolved,missing,,,,data/mods/Xedra_Evolved/mapgen/overmap_terrain.json,SIDEWALK,
overmap,cathedralv_2_NW,cathedral,xedra_evolved,xedra_evolved,missing,,,,data/mods/Xedra_Evolved/mapgen/overmap_terrain.json,SIDEWALK,
overmap,cathedralv_2_SE,cathedral,xedra_evolved,xedra_evolved,missing,,,,data/mods/Xedra_Evolved/mapgen/overmap_terrain.json,SIDEWALK,
overmap,cathedralv_2_SW,cathedral,xedra_evolved,xedra_evolved,missing,,,,data/mods/Xedra_Evolved/mapgen/overmap_terrain.json,SIDEWALK,
overmap,cathedralv_3_NE,cathedral,xedra_evolved,xedra_evolved,missing,,,,data/mods/Xedra_Evolved/mapgen/overmap_terrain.json,SIDEWALK,
overmap,cathedralv_3_NW,cathedral,xedra_evolved,xedra_evolved,missing,,,,data/mods/Xedra_Evolved/mapgen/overmap_terrain.json,SIDEWALK,
overmap,cathedralv_3_SE,cathedral,xedra_evolved,xedra_evolved,missing,,,,data/mods/Xedra_Evolved/mapgen/overmap_terrain.json,SIDEWALK,
overmap,cathedralv_3_SW,cathedral,xedra_evolved,xedra_evolved,missing,,,,data/mods/Xedra_Evolved/mapgen/overmap_terrain.json,SIDEWALK,
overmap,cave_greed_and_hunger,cave,xedra_evolved,xedra_evolved,missing,,,,data/mods/Xedra_Evolved/mapgen/overmap_terrain.json,NO_ROTATE,
overmap,crystalline_spire_ne,crystalline spire,xedra_evolved,xedra_evolved,missing,,,,data/mods/Xedra_Evolved/mapgen/overmap_terrain.json,,
overmap,crystalline_spire_nw,crystalline spire,xedra_evolved,xedra_evolved,missing,,,,data/mods/Xedra_Evolved/mapgen/overmap_terrain.json,,
overmap,crystalline_spire_se,crystalline spire,xedra_evolved,xedra_evolved,missing,,,,data/mods/Xedra_Evolved/mapgen/overmap_terrain.json,,
overmap,crystalline_spire_sw,crystalline spire,xedra_evolved,xedra_evolved,missing,,,,data/mods/Xedra_Evolved/mapgen/overmap_terrain.json,,
overmap,great_tree_crown_01,great tree canopy,xedra_evolved,xedra_evolved,missing,,,,data/mods/Xedra_Evolved/mapgen/overmap_terrain.json,,
overmap,great_tree_crown_02,great tree canopy,xedra_evolved,xedra_evolved,missing,,,,data/mods/Xedra_Evolved/mapgen/overmap_terrain.json,,
overmap,great_tree_crown_03,great tree canopy,xedra_evolved,xedra_evolved,missing,,,,data/mods/Xedra_Evolved/mapgen/overmap_terrain.json,,
overmap,great_tree_crown_04,great tree canopy,xedra_evolved,xedra_evolved,missing,,,,data/mods/Xedra_Evolved/mapgen/overmap_terrain.json,,
overmap,great_tree_crown_05,great tree canopy,xedra_evolved,xedra_evolved,missing,,,,data/mods/Xedra_Evolved/mapgen/overmap_terrain.json,,
overmap,great_tree_crown_06,great tree canopy,xedra_evolved,xedra_evolved,missing,,,,data/mods/Xedra_Evolved/mapgen/overmap_terrain.json,,
overmap,great_tree_crown_07,great tree canopy,xedra_evolved,xedra_evolved,missing,,,,data/mods/Xedra_Evolved/mapgen/overmap_terrain.json,,
overmap,great_tree_crown_08,great tree canopy,xedra_evolved,xedra_evolved,missing,,,,data/mods/Xedra_Evolved/mapgen/overmap_terrain.json,,
overmap,great_tree_crown_09,great tree canopy,xedra_evolved,xedra_evolved,missing,,,,data/mods/Xedra_Evolved/mapgen/overmap_terrain.json,,
overmap,great_tree_crown_10,great tree canopy,xedra_evolved,xedra_evolved,missing,,,,data/mods/Xedra_Evolved/mapgen/overmap_terrain.json,,
overmap,great_tree_crown_11,great tree canopy,xedra_evolved,xedra_evolved,missing,,,,data/mods/Xedra_Evolved/mapgen/overmap_terrain.json,,
overmap,great_tree_crown_12,great tree canopy,xedra_evolved,xedra_evolved,missing,,,,data/mods/Xedra_Evolved/mapgen/overmap_terrain.json,,
overmap,great_tree_crown_13,great tree canopy,xedra_evolved,xedra_evolved,missing,,,,data/mods/Xedra_Evolved/mapgen/overmap_terrain.json,,
overmap,great_tree_crown_14,great tree canopy,xedra_evolved,xedra_evolved,missing,,,,data/mods/Xedra_Evolved/mapgen/overmap_terrain.json,,
overmap,great_tree_crown_15,great tree canopy,xedra_evolved,xedra_evolved,missing,,,,data/mods/Xedra_Evolved/mapgen/overmap_terrain.json,,
overmap,great_tree_crown_16,great tree canopy,xedra_evolved,xedra_evolved,missing,,,,data/mods/Xedra_Evolved/mapgen/overmap_terrain.json,,
overmap,great_tree_crown_top_01,great tree canopy,xedra_evolved,xedra_evolved,missing,,,,data/mods/Xedra_Evolved/mapgen/overmap_terrain.json,,
overmap,great_tree_crown_top_02,great tree canopy,xedra_evolved,xedra_evolved,missing,,,,data/mods/Xedra_Evolved/mapgen/overmap_terrain.json,,
overmap,great_tree_crown_top_03,great tree canopy,xedra_evolved,xedra_evolved,missing,,,,data/mods/Xedra_Evolved/mapgen/overmap_terrain.json,,
overmap,great_tree_crown_top_04,great tree canopy,xedra_evolved,xedra_evolved,missing,,,,data/mods/Xedra_Evolved/mapgen/overmap_terrain.json,,
overmap,great_tree_roots,great tree roots,xedra_evolved,xedra_evolved,missing,,,,data/mods/Xedra_Evolved/mapgen/overmap_terrain.json,,
overmap,great_tree_roots_e,great tree roots,xedra_evolved,xedra_evolved,missing,,,,data/mods/Xedra_Evolved/mapgen/overmap_terrain.json,,
overmap,great_tree_roots_n,great tree roots,xedra_evolved,xedra_evolved,missing,,,,data/mods/Xedra_Evolved/mapgen/overmap_terrain.json,,
overmap,great_tree_roots_ne,great tree roots,xedra_evolved,xedra_evolved,missing,,,,data/mods/Xedra_Evolved/mapgen/overmap_terrain.json,,
overmap,great_tree_roots_nw,great tree roots,xedra_evolved,xedra_evolved,missing,,,,data/mods/Xedra_Evolved/mapgen/overmap_terrain.json,,
overmap,great_tree_roots_s,great tree roots,xedra_evolved,xedra_evolved,missing,,,,data/mods/Xedra_Evolved/mapgen/overmap_terrain.json,,
overmap,great_tree_roots_se,great tree roots,xedra_evolved,xedra_evolved,missing,,,,data/mods/Xedra_Evolved/mapgen/overmap_terrain.json,,
overmap,great_tree_roots_sw,great tree roots,xedra_evolved,xedra_evolved,missing,,,,data/mods/Xedra_Evolved/mapgen/overmap_terrain.json,,
overmap,great_tree_roots_w,great tree roots,xedra_evolved,xedra_evolved,missing,,,,data/mods/Xedra_Evolved/mapgen/overmap_terrain.json,,
overmap,great_tree_z0_ne,great tree trunk,xedra_evolved,xedra_evolved,missing,,,,data/mods/Xedra_Evolved/mapgen/overmap_terrain.json,,
overmap,great_tree_z0_nw,great tree trunk,xedra_evolved,xedra_evolved,missing,,,,data/mods/Xedra_Evolved/mapgen/overmap_terrain.json,,
overmap,great_tree_z0_se,great tree trunk,xedra_evolved,xedra_evolved,missing,,,,data/mods/Xedra_Evolved/mapgen/overmap_terrain.json,,
overmap,great_tree_z0_sw,great tree trunk,xedra_evolved,xedra_evolved,missing,,,,data/mods/Xedra_Evolved/mapgen/overmap_terrain.json,,
overmap,great_tree_z1_ne,great tree trunk,xedra_evolved,xedra_evolved,missing,,,,data/mods/Xedra_Evolved/mapgen/overmap_terrain.json,,
overmap,great_tree_z1_nw,great tree trunk,xedra_evolved,xedra_evolved,missing,,,,data/mods/Xedra_Evolved/mapgen/overmap_terrain.json,,
overmap,great_tree_z1_se,great tree trunk,xedra_evolved,xedra_evolved,missing,,,,data/mods/Xedra_Evolved/mapgen/overmap_terrain.json,,
overmap,great_tree_z1_sw,great tree trunk,xedra_evolved,xedra_evolved,missing,,,,data/mods/Xedra_Evolved/mapgen/overmap_terrain.json,,
overmap,great_tree_z2_ne,great tree trunk,xedra_evolved,xedra_evolved,missing,,,,data/mods/Xedra_Evolved/mapgen/overmap_terrain.json,,
overmap,great_tree_z2_nw,great tree trunk,xedra_evolved,xedra_evolved,missing,,,,data/mods/Xedra_Evolved/mapgen/overmap_terrain.json,,
overmap,great_tree_z2_se,great tree trunk,xedra_evolved,xedra_evolved,missing,,,,data/mods/Xedra_Evolved/mapgen/overmap_terrain.json,,
overmap,great_tree_z2_sw,great tree trunk,xedra_evolved,xedra_evolved,missing,,,,data/mods/Xedra_Evolved/mapgen/overmap_terrain.json,,
overmap,great_tree_z3_01,great tree trunk,xedra_evolved,xedra_evolved,missing,,,,data/mods/Xedra_Evolved/mapgen/overmap_terrain.json,,
overmap,great_tree_z3_02,great tree trunk,xedra_evolved,xedra_evolved,missing,,,,data/mods/Xedra_Evolved/mapgen/overmap_terrain.json,,
overmap,great_tree_z3_03,great tree trunk,xedra_evolved,xedra_evolved,missing,,,,data/mods/Xedra_Evolved/mapgen/overmap_terrain.json,,
overmap,great_tree_z3_04,great tree trunk,xedra_evolved,xedra_evolved,missing,,,,data/mods/Xedra_Evolved/mapgen/overmap_terrain.json,,
overmap,great_tree_z3_05,great tree trunk,xedra_evolved,xedra_evolved,missing,,,,data/mods/Xedra_Evolved/mapgen/overmap_terrain.json,,
overmap,great_tree_z3_06,great tree trunk,xedra_evolved,xedra_evolved,missing,,,,data/mods/Xedra_Evolved/mapgen/overmap_terrain.json,,
overmap,great_tree_z3_07,great tree trunk,xedra_evolved,xedra_evolved,missing,,,,data/mods/Xedra_Evolved/mapgen/overmap_terrain.json,,
overmap,great_tree_z3_08,great tree trunk,xedra_evolved,xedra_evolved,missing,,,,data/mods/Xedra_Evolved/mapgen/overmap_terrain.json,,
overmap,great_tree_z3_09,great tree trunk,xedra_evolved,xedra_evolved,missing,,,,data/mods/Xedra_Evolved/mapgen/overmap_terrain.json,,
overmap,great_tree_z3_10,great tree trunk,xedra_evolved,xedra_evolved,missing,,,,data/mods/Xedra_Evolved/mapgen/overmap_terrain.json,,
overmap,great_tree_z3_11,great tree trunk,xedra_evolved,xedra_evolved,missing,,,,data/mods/Xedra_Evolved/mapgen/overmap_terrain.json,,
overmap,great_tree_z3_12,great tree trunk,xedra_evolved,xedra_evolved,missing,,,,data/mods/Xedra_Evolved/mapgen/overmap_terrain.json,,
overmap,great_tree_z3_13,great tree trunk,xedra_evolved,xedra_evolved,missing,,,,data/mods/Xedra_Evolved/mapgen/overmap_terrain.json,,
overmap,great_tree_z3_14,great tree trunk,xedra_evolved,xedra_evolved,missing,,,,data/mods/Xedra_Evolved/mapgen/overmap_terrain.json,,
overmap,great_tree_z3_15,great tree trunk,xedra_evolved,xedra_evolved,missing,,,,data/mods/Xedra_Evolved/mapgen/overmap_terrain.json,,
overmap,great_tree_z3_16,great tree trunk,xedra_evolved,xedra_evolved,missing,,,,data/mods/Xedra_Evolved/mapgen/overmap_terrain.json,,
overmap,great_tree_z4_01,great tree trunk,xedra_evolved,xedra_evolved,missing,,,,data/mods/Xedra_Evolved/mapgen/overmap_terrain.json,,
overmap,great_tree_z4_02,great tree trunk,xedra_evolved,xedra_evolved,missing,,,,data/mods/Xedra_Evolved/mapgen/overmap_terrain.json,,
overmap,great_tree_z4_03,great tree trunk,xedra_evolved,xedra_evolved,missing,,,,data/mods/Xedra_Evolved/mapgen/overmap_terrain.json,,
overmap,great_tree_z4_04,great tree trunk,xedra_evolved,xedra_evolved,missing,,,,data/mods/Xedra_Evolved/mapgen/overmap_terrain.json,,
overmap,great_tree_z4_05,great tree trunk,xedra_evolved,xedra_evolved,missing,,,,data/mods/Xedra_Evolved/mapgen/overmap_terrain.json,,
overmap,great_tree_z4_06,great tree trunk,xedra_evolved,xedra_evolved,missing,,,,data/mods/Xedra_Evolved/mapgen/overmap_terrain.json,,
overmap,great_tree_z4_07,great tree trunk,xedra_evolved,xedra_evolved,missing,,,,data/mods/Xedra_Evolved/mapgen/overmap_terrain.json,,
overmap,great_tree_z4_08,great tree trunk,xedra_evolved,xedra_evolved,missing,,,,data/mods/Xedra_Evolved/mapgen/overmap_terrain.json,,
overmap,great_tree_z4_09,great tree trunk,xedra_evolved,xedra_evolved,missing,,,,data/mods/Xedra_Evolved/mapgen/overmap_terrain.json,,
overmap,great_tree_z4_10,great tree trunk,xedra_evolved,xedra_evolved,missing,,,,data/mods/Xedra_Evolved/mapgen/overmap_terrain.json,,
overmap,great_tree_z4_11,great tree trunk,xedra_evolved,xedra_evolved,missing,,,,data/mods/Xedra_Evolved/mapgen/overmap_terrain.json,,
overmap,great_tree_z4_12,great tree trunk,xedra_evolved,xedra_evolved,missing,,,,data/mods/Xedra_Evolved/mapgen/overmap_terrain.json,,
overmap,great_tree_z4_13,great tree trunk,xedra_evolved,xedra_evolved,missing,,,,data/mods/Xedra_Evolved/mapgen/overmap_terrain.json,,
overmap,great_tree_z4_14,great tree trunk,xedra_evolved,xedra_evolved,missing,,,,data/mods/Xedra_Evolved/mapgen/overmap_terrain.json,,
overmap,great_tree_z4_15,great tree trunk,xedra_evolved,xedra_evolved,missing,,,,data/mods/Xedra_Evolved/mapgen/overmap_terrain.json,,
overmap,great_tree_z4_16,great tree trunk,xedra_evolved,xedra_evolved,missing,,,,data/mods/Xedra_Evolved/mapgen/overmap_terrain.json,,
overmap,great_tree_z5_01,great tree trunk,xedra_evolved,xedra_evolved,missing,,,,data/mods/Xedra_Evolved/mapgen/overmap_terrain.json,,
overmap,great_tree_z5_02,great tree trunk,xedra_evolved,xedra_evolved,missing,,,,data/mods/Xedra_Evolved/mapgen/overmap_terrain.json,,
overmap,great_tree_z5_03,great tree trunk,xedra_evolved,xedra_evolved,missing,,,,data/mods/Xedra_Evolved/mapgen/overmap_terrain.json,,
overmap,great_tree_z5_04,great tree trunk,xedra_evolved,xedra_evolved,missing,,,,data/mods/Xedra_Evolved/mapgen/overmap_terrain.json,,
overmap,great_tree_z5_05,great tree trunk,xedra_evolved,xedra_evolved,missing,,,,data/mods/Xedra_Evolved/mapgen/overmap_terrain.json,,
overmap,great_tree_z5_06,great tree trunk,xedra_evolved,xedra_evolved,missing,,,,data/mods/Xedra_Evolved/mapgen/overmap_terrain.json,,
overmap,great_tree_z5_07,great tree trunk,xedra_evolved,xedra_evolved,missing,,,,data/mods/Xedra_Evolved/mapgen/overmap_terrain.json,,
overmap,great_tree_z5_08,great tree trunk,xedra_evolved,xedra_evolved,missing,,,,data/mods/Xedra_Evolved/mapgen/overmap_terrain.json,,
overmap,great_tree_z5_09,great tree trunk,xedra_evolved,xedra_evolved,missing,,,,data/mods/Xedra_Evolved/mapgen/overmap_terrain.json,,
overmap,great_tree_z5_10,great tree trunk,xedra_evolved,xedra_evolved,missing,,,,data/mods/Xedra_Evolved/mapgen/overmap_terrain.json,,
overmap,great_tree_z5_11,great tree trunk,xedra_evolved,xedra_evolved,missing,,,,data/mods/Xedra_Evolved/mapgen/overmap_terrain.json,,
overmap,great_tree_z5_12,great tree trunk,xedra_evolved,xedra_evolved,missing,,,,data/mods/Xedra_Evolved/mapgen/overmap_terrain.json,,
overmap,great_tree_z5_13,great tree trunk,xedra_evolved,xedra_evolved,missing,,,,data/mods/Xedra_Evolved/mapgen/overmap_terrain.json,,
overmap,great_tree_z5_14,great tree trunk,xedra_evolved,xedra_evolved,missing,,,,data/mods/Xedra_Evolved/mapgen/overmap_terrain.json,,
overmap,great_tree_z5_15,great tree trunk,xedra_evolved,xedra_evolved,missing,,,,data/mods/Xedra_Evolved/mapgen/overmap_terrain.json,,
overmap,great_tree_z5_16,great tree trunk,xedra_evolved,xedra_evolved,missing,,,,data/mods/Xedra_Evolved/mapgen/overmap_terrain.json,,
overmap,great_tree_z6_ne,great tree trunk,xedra_evolved,xedra_evolved,missing,,,,data/mods/Xedra_Evolved/mapgen/overmap_terrain.json,,
overmap,great_tree_z6_nw,great tree trunk,xedra_evolved,xedra_evolved,missing,,,,data/mods/Xedra_Evolved/mapgen/overmap_terrain.json,,
overmap,great_tree_z6_se,great tree trunk,xedra_evolved,xedra_evolved,missing,,,,data/mods/Xedra_Evolved/mapgen/overmap_terrain.json,,
overmap,great_tree_z6_sw,great tree trunk,xedra_evolved,xedra_evolved,missing,,,,data/mods/Xedra_Evolved/mapgen/overmap_terrain.json,,
overmap,great_tree_z7_ne,great tree trunk,xedra_evolved,xedra_evolved,missing,,,,data/mods/Xedra_Evolved/mapgen/overmap_terrain.json,,
overmap,great_tree_z7_nw,great tree trunk,xedra_evolved,xedra_evolved,missing,,,,data/mods/Xedra_Evolved/mapgen/overmap_terrain.json,,
overmap,great_tree_z7_se,great tree trunk,xedra_evolved,xedra_evolved,missing,,,,data/mods/Xedra_Evolved/mapgen/overmap_terrain.json,,
overmap,great_tree_z7_sw,great tree trunk,xedra_evolved,xedra_evolved,missing,,,,data/mods/Xedra_Evolved/mapgen/overmap_terrain.json,,
overmap,salamander_eruption_entrance,salamander tunnels entrance,xedra_evolved,xedra_evolved,missing,,,,data/mods/Xedra_Evolved/mapgen/overmap_terrain.json,KNOWN_UP | KNOWN_DOWN | NO_ROTATE,
overmap,salamander_eruption_ground,salamander eruption,xedra_evolved,xedra_evolved,missing,,,,data/mods/Xedra_Evolved/mapgen/overmap_terrain.json,KNOWN_DOWN | NO_ROTATE,
overmap,salamander_eruption_roof,salamander eruption roof,xedra_evolved,xedra_evolved,missing,,,,data/mods/Xedra_Evolved/mapgen/overmap_terrain.json,NO_ROTATE,
overmap,salamander_finale,salamander tunnels,xedra_evolved,xedra_evolved,missing,,,,data/mods/Xedra_Evolved/mapgen/overmap_terrain.json,,
overmap,salamander_tunnel,salamander tunnels,xedra_evolved,xedra_evolved,missing,,,,data/mods/Xedra_Evolved/mapgen/overmap_terrain.json,LINEAR,
overmap,undine_warp_pool_warper,pool depths,xedra_evolved,xedra_evolved,missing,,,,data/mods/Xedra_Evolved/mapgen/overmap_terrain.json,,
overmap,undine_warp_pool_zneg,pool depths,xedra_evolved,xedra_evolved,missing,,,,data/mods/Xedra_Evolved/mapgen/overmap_terrain.json,,
overmap,undine_warp_pool_zneg_dirt,pool depths,xedra_evolved,xedra_evolved,missing,,,,data/mods/Xedra_Evolved/mapgen/overmap_terrain.json,,
terrain,t_alien_meadow_tree_trap,alien tree,dda,dda,missing,,,,data/json/furniture_and_terrain/terrain_alien_meadow.json,FLAMMABLE_ASH | NOITEM | SUPPORTS_ROOF | TREE | REDUCE_SCENT | CLIMB_ADJACENT | HARVESTED,
terrain,t_alien_meadow_tree_trap_roots_long_grass,long alien grass,dda,dda,missing,,,,data/json/furniture_and_terrain/terrain_alien_meadow.json,TRANSPARENT | DIGGABLE | PLOWABLE | SMALL_HIDE,
terrain,t_alien_meadow_tree_trap_roots_obvious,alien roots,dda,dda,missing,,,,data/json/furniture_and_terrain/terrain_alien_meadow.json,TRANSPARENT | FLAMMABLE | DIGGABLE | FLAT | PLOWABLE | ROUGH,
terrain,t_alien_meadow_tree_trap_roots_tall_grass,tall alien grass,dda,dda,missing,,,,data/json/furniture_and_terrain/terrain_alien_meadow.json,TRANSPARENT | DIGGABLE | PLOWABLE | SMALL_HIDE,
terrain,t_beehive_natural,bee hive,dda,dda,missing,,,,data/json/furniture_and_terrain/terrain-flora.json,FLAMMABLE_ASH | NOITEM,
terrain,t_brick_floor,brick floor,dda,dda,missing,,,,data/json/furniture_and_terrain/terrain-floors-indoor.json,TRANSPARENT | INDOORS | COLLAPSES | SUPPORTS_ROOF | FLAT | ROAD,
terrain,t_broken_metal_floor,broken metal floor,dda,dda,missing,,,,data/json/furniture_and_terrain/terrain-floors-indoor.json,TRANSPARENT | INDOORS,
terrain,t_canvas_roof,canvas roof,dda,dda,missing,,,,data/json/furniture_and_terrain/terrain-roofs.json,TRANSPARENT | FLAMMABLE_HARD,
terrain,t_folded_wall,folded wall,dda,dda,missing,,,,data/json/furniture_and_terrain/LIXA_furniture_and_terrain.json,NOITEM | SUPPORTS_ROOF | WALL | NO_SCENT | AUTO_WALL_SYMBOL | MINEABLE | BLOCK_WIND,
terrain,t_fungus_colony,mushroom colony,dda,dda,missing,,,,data/json/furniture_and_terrain/terrain-flora.json,TRANSPARENT | FLAMMABLE_ASH | NOCOLLIDE,
terrain,t_greenhouse,greenhouse,dda,dda,missing,,,,data/json/furniture_and_terrain/terrain-floors-indoor.json,INDOORS | TRANSPARENT | PLOWABLE,
terrain,t_greenhouse_tilled,plantable greenhouse,dda,dda,missing,,,,data/json/furniture_and_terrain/terrain-floors-indoor.json,INDOORS | TRANSPARENT | PLANTABLE,
terrain,t_infinite_shaft_no_roof,open air,dda,dda,missing,,,,data/json/furniture_and_terrain/LIXA_furniture_and_terrain.json,TRANSPARENT | TRANSPARENT_FLOOR | GOES_DOWN | INDOORS,
terrain,t_infinite_shaft_rooved,open air,dda,dda,missing,,,,data/json/furniture_and_terrain/LIXA_furniture_and_terrain.json,TRANSPARENT | TRANSPARENT_FLOOR | GOES_DOWN | INDOORS | FREE_TO_EXAMINE,
terrain,t_inner_cabins_exit_portal,unstable portal,dda,dda,missing,,,,data/json/furniture_and_terrain/terrain-reverberations.json,TRANSPARENT,
terrain,t_inner_cabins_void,sprawling plane of black,dda,dda,missing,,,,data/json/furniture_and_terrain/terrain-reverberations.json,FLAT,
terrain,t_inner_cabins_void_trans,fluid void,dda,dda,missing,,,,data/json/furniture_and_terrain/terrain-reverberations.json,TRANSPARENT | DESTROY_ITEM,
terrain,t_inner_cabins_void_trans_retracting,fluid void,dda,dda,missing,,,,data/json/furniture_and_terrain/terrain-reverberations.json,TRANSPARENT | DESTROY_ITEM,
terrain,t_intercom_balthazar,intercom,dda,dda,missing,,,,data/json/furniture_and_terrain/terrain-mechanisms.json,NOITEM | FREE_TO_EXAMINE,
terrain,t_nether_glass_wall,black glass,dda,dda,missing,,,,data/json/furniture_and_terrain/terrain-nether.json,NOITEM | WALL,
terrain,t_nl_broken_metal_floor,broken metal floor,dda,dda,missing,,,t_broken_metal_floor,data/json/furniture_and_terrain/netherum/terrain_labyrinth_cybernetic.json,TRANSPARENT | INDOORS,
terrain,t_nl_gates_mech_control,rotary lever,dda,dda,missing,,,,data/json/furniture_and_terrain/netherum/terrain_labyrinth_cybernetic.json,TRANSPARENT | NOITEM | INDOORS | PERMEABLE | THIN_OBSTACLE,
terrain,t_nl_metal_wall_overgrown,overgrown metal wall,dda,dda,missing,,,,data/json/furniture_and_terrain/netherum/terrain_labyrinth_overgrown.json,NOITEM | SUPPORTS_ROOF | WALL | NO_SCENT | AUTO_WALL_SYMBOL | MINEABLE | BLOCK_WIND,
terrain,t_nl_obelisk_mission_autodoc,Metal stele,dda,dda,missing,,,,data/json/furniture_and_terrain/netherum/terrain_labyrinth_safehouse.json,NOITEM | NO_SCENT | BLOCK_WIND,
terrain,t_nl_obelisk_mission_living_space_1,Metal stele,dda,dda,missing,,,,data/json/furniture_and_terrain/netherum/terrain_labyrinth_safehouse.json,NOITEM | NO_SCENT | BLOCK_WIND,
terrain,t_nl_obelisk_mission_utility_space,Metal stele,dda,dda,missing,,,,data/json/furniture_and_terrain/netherum/terrain_labyrinth_safehouse.json,NOITEM | NO_SCENT | BLOCK_WIND,
terrain,t_nl_soil,solid earth,dda,dda,missing,,,t_abstract_wall_earthen,data/json/furniture_and_terrain/netherum/terrain_labyrinth_overgrown.json,NOITEM | SUPPORTS_ROOF | WALL | NO_SCENT | BLOCK_WIND | MINEABLE | NATURAL_UNDERGROUND,
terrain,t_nm_floor_bone,bone floor,dda,dda,missing,,,,data/json/furniture_and_terrain/terrain_nether_monster.json,TRANSPARENT | SUPPORTS_ROOF | INDOORS | FLAT,
terrain,t_pseudo_phase,pseudo phase,dda,dda,missing,,,,data/json/furniture_and_terrain/terrain-ice.json,TRANSPARENT | FLAT | PSEUDO,
terrain,t_radiosphere_glowing_floor,vanishing floor,dda,dda,missing,,,,data/json/mapgen/reverberations/radiosphere.json,TRANSPARENT | NO_SCENT | DESTROY_ITEM,
terrain,t_region_tree_dead,pseudo terrain,dda,dda,missing,,,t_region_pseudo_noitem,data/json/furniture_and_terrain/terrain-regional-pseudo.json,TRANSPARENT | REGION_PSEUDO | NOITEM,
terrain,t_region_tree_forest,pseudo terrain,dda,dda,missing,,,t_region_pseudo_noitem,data/json/furniture_and_terrain/terrain-regional-pseudo.json,TRANSPARENT | REGION_PSEUDO | NOITEM,
terrain,t_region_tree_forest_dense,pseudo terrain,dda,dda,missing,,,t_region_pseudo_noitem,data/json/furniture_and_terrain/terrain-regional-pseudo.json,TRANSPARENT | REGION_PSEUDO | NOITEM,
terrain,t_region_tree_forest_other,pseudo terrain,dda,dda,missing,,,t_region_pseudo_noitem,data/json/furniture_and_terrain/terrain-regional-pseudo.json,TRANSPARENT | REGION_PSEUDO | NOITEM,
terrain,t_region_tree_fruit_wild,pseudo terrain,dda,dda,missing,,,t_region_pseudo_noitem,data/json/furniture_and_terrain/terrain-regional-pseudo.json,TRANSPARENT | REGION_PSEUDO | NOITEM,
terrain,t_shore_boulder,smooth rocky outcropping,dda,dda,missing,,,,data/json/furniture_and_terrain/terrain-shore.json,NOITEM | TRANSPARENT | UNSTABLE | MOUNTABLE | SHORT,
terrain,t_shore_boulder_oyster,oyster-encrusted boulder,dda,dda,missing,,,,data/json/furniture_and_terrain/terrain-shore.json,NOITEM | TRANSPARENT | UNSTABLE | MOUNTABLE | SHORT,
terrain,t_string_gates_mech_control,rotary lever,dda,dda,missing,,,,data/json/furniture_and_terrain/terrain-string-dimension.json,TRANSPARENT | NOITEM | INDOORS | PERMEABLE | THIN_OBSTACLE,
terrain,t_string_gates_mech_control_inert,rotary lever,dda,dda,missing,,,,data/json/furniture_and_terrain/terrain-string-dimension.json,TRANSPARENT | NOITEM | INDOORS | PERMEABLE | THIN_OBSTACLE,
terrain,t_string_true_void,nothing,dda,dda,missing,,,,data/json/furniture_and_terrain/terrain-string-dimension.json,WALL,
terrain,t_treetop_giant_fern,giant fern top,dda,dda,missing,,,,data/json/furniture_and_terrain/terrain-roofs.json,TRANSPARENT | FLAMMABLE_ASH | UNSTABLE | SINGLE_SUPPORT,
terrain,t_unfolded_wall,unfolded wall,dda,dda,missing,,,,data/json/furniture_and_terrain/LIXA_furniture_and_terrain.json,NOITEM | SUPPORTS_ROOF | WALL | NO_SCENT | AUTO_WALL_SYMBOL | MINEABLE | BLOCK_WIND,
terrain,t_vitrified_bars,black glass bars,dda,dda,missing,,,,data/json/furniture_and_terrain/terrain_vitrified.json,SUPPORTS_ROOF | TRANSPARENT | NOITEM | PERMEABLE | THIN_OBSTACLE,
terrain,t_vitrified_edge,edge of a vastness,dda,dda,missing,,,,data/json/furniture_and_terrain/terrain_vitrified.json,SUPPORTS_ROOF | NOITEM | WALL,
terrain,t_warped_roof,warped roof,dda,dda,missing,,,,data/json/furniture_and_terrain/terrain-roofs.json,FLAT,
terrain,t_water_sh_scarlet,scarlet water,dda,dda,missing,,,,data/json/furniture_and_terrain/terrain-scarlet-sea.json,TRANSPARENT | LIQUID | NO_SCENT | SWIMMABLE | SHALLOW_WATER,
terrain,t_water_sh_scarlet_wave,scarlet water,dda,dda,missing,,,,data/json/furniture_and_terrain/terrain-scarlet-sea.json,TRANSPARENT | LIQUID | NO_SCENT | SWIMMABLE | SHALLOW_WATER,
terrain,t_wood_sunshade_pole,wooden pole,dda,dda,missing,,,,data/json/furniture_and_terrain/terrain-walls.json,WALL | PERMEABLE,
terrain,t_grass_alien_2,alien grass,mindovermatter,mindovermatter,missing,,,,data/mods/MindOverMatter/furniture_and_terrain/terrain_alien.json,TRANSPARENT | DIGGABLE | FLAT | PLOWABLE | ROUGH,
terrain,t_grass_alien_3,alien grass,mindovermatter,mindovermatter,missing,,,,data/mods/MindOverMatter/furniture_and_terrain/terrain_alien.json,TRANSPARENT | DIGGABLE | FLAT | PLOWABLE | ROUGH,
terrain,t_moss_alien_1,alien moss,mindovermatter,mindovermatter,missing,,,,data/mods/MindOverMatter/furniture_and_terrain/terrain_alien.json,TRANSPARENT | DIGGABLE | FLAT | PLOWABLE,
terrain,t_moss_alien_2,alien moss,mindovermatter,mindovermatter,missing,,,,data/mods/MindOverMatter/furniture_and_terrain/terrain_alien.json,TRANSPARENT | DIGGABLE | FLAMMABLE | FLAT | PLOWABLE | PAINFUL,
terrain,t_tree_hawk_nest,oak tree,mindovermatter,mindovermatter,missing,,,,data/mods/MindOverMatter/furniture_and_terrain/terrain_flora.json,FLAMMABLE_ASH | NOITEM | SUPPORTS_ROOF | TREE | REDUCE_SCENT,
terrain,t_vines_alien_1,alien vines,mindovermatter,mindovermatter,missing,,,,data/mods/MindOverMatter/furniture_and_terrain/terrain_alien.json,TRANSPARENT | FLAMMABLE | DIGGABLE | FLAT | PLOWABLE | ROUGH,
terrain,t_abyssal_flesh_roof,warped flesh roof,xedra_evolved,xedra_evolved,missing,,,,data/mods/Xedra_Evolved/furniture_and_terrain/terrain_abyssal_hunger.json,FLAT,
terrain,t_earthen_stairs_down,earthen stairs,xedra_evolved,xedra_evolved,missing,,,,data/mods/Xedra_Evolved/furniture_and_terrain/terrain-stairs.json,TRANSPARENT | GOES_DOWN | INDOORS | PLACE_ITEM | SUPPORTS_ROOF,
terrain,t_earthen_stairs_up,earthen stairs,xedra_evolved,xedra_evolved,missing,,,,data/mods/Xedra_Evolved/furniture_and_terrain/terrain-stairs.json,SUPPORTS_ROOF | TRANSPARENT | GOES_UP | INDOORS | PLACE_ITEM,
trap,tr_LIXA_back_1,,dda,dda,missing,,,,data/json/effects_on_condition/nether_eocs/LIXA_EOCs_spells_traps.json,UNDODGEABLE | UNCONSUMED,
trap,tr_LIXA_back_10,,dda,dda,missing,,,,data/json/effects_on_condition/nether_eocs/LIXA_EOCs_spells_traps.json,UNDODGEABLE | UNCONSUMED,
trap,tr_LIXA_back_11,,dda,dda,missing,,,,data/json/effects_on_condition/nether_eocs/LIXA_EOCs_spells_traps.json,UNDODGEABLE | UNCONSUMED,
trap,tr_LIXA_back_12,,dda,dda,missing,,,,data/json/effects_on_condition/nether_eocs/LIXA_EOCs_spells_traps.json,UNDODGEABLE | UNCONSUMED,
trap,tr_LIXA_back_13,,dda,dda,missing,,,,data/json/effects_on_condition/nether_eocs/LIXA_EOCs_spells_traps.json,UNDODGEABLE | UNCONSUMED,
trap,tr_LIXA_back_14,,dda,dda,missing,,,,data/json/effects_on_condition/nether_eocs/LIXA_EOCs_spells_traps.json,UNDODGEABLE | UNCONSUMED,
trap,tr_LIXA_back_15,,dda,dda,missing,,,,data/json/effects_on_condition/nether_eocs/LIXA_EOCs_spells_traps.json,UNDODGEABLE | UNCONSUMED,
trap,tr_LIXA_back_16,,dda,dda,missing,,,,data/json/effects_on_condition/nether_eocs/LIXA_EOCs_spells_traps.json,UNDODGEABLE | UNCONSUMED,
trap,tr_LIXA_back_2,,dda,dda,missing,,,,data/json/effects_on_condition/nether_eocs/LIXA_EOCs_spells_traps.json,UNDODGEABLE | UNCONSUMED,
trap,tr_LIXA_back_3,,dda,dda,missing,,,,data/json/effects_on_condition/nether_eocs/LIXA_EOCs_spells_traps.json,UNDODGEABLE | UNCONSUMED,
trap,tr_LIXA_back_4,,dda,dda,missing,,,,data/json/effects_on_condition/nether_eocs/LIXA_EOCs_spells_traps.json,UNDODGEABLE | UNCONSUMED,
trap,tr_LIXA_back_5,,dda,dda,missing,,,,data/json/effects_on_condition/nether_eocs/LIXA_EOCs_spells_traps.json,UNDODGEABLE | UNCONSUMED,
trap,tr_LIXA_back_6,,dda,dda,missing,,,,data/json/effects_on_condition/nether_eocs/LIXA_EOCs_spells_traps.json,UNDODGEABLE | UNCONSUMED,
trap,tr_LIXA_back_7,,dda,dda,missing,,,,data/json/effects_on_condition/nether_eocs/LIXA_EOCs_spells_traps.json,UNDODGEABLE | UNCONSUMED,
trap,tr_LIXA_back_8,,dda,dda,missing,,,,data/json/effects_on_condition/nether_eocs/LIXA_EOCs_spells_traps.json,UNDODGEABLE | UNCONSUMED,
trap,tr_LIXA_back_9,,dda,dda,missing,,,,data/json/effects_on_condition/nether_eocs/LIXA_EOCs_spells_traps.json,UNDODGEABLE | UNCONSUMED,
trap,tr_LIXA_forward_1,,dda,dda,missing,,,,data/json/effects_on_condition/nether_eocs/LIXA_EOCs_spells_traps.json,UNDODGEABLE | UNCONSUMED,
trap,tr_LIXA_forward_10,,dda,dda,missing,,,,data/json/effects_on_condition/nether_eocs/LIXA_EOCs_spells_traps.json,UNDODGEABLE | UNCONSUMED,
trap,tr_LIXA_forward_11,,dda,dda,missing,,,,data/json/effects_on_condition/nether_eocs/LIXA_EOCs_spells_traps.json,UNDODGEABLE | UNCONSUMED,
trap,tr_LIXA_forward_12,,dda,dda,missing,,,,data/json/effects_on_condition/nether_eocs/LIXA_EOCs_spells_traps.json,UNDODGEABLE | UNCONSUMED,
trap,tr_LIXA_forward_13,,dda,dda,missing,,,,data/json/effects_on_condition/nether_eocs/LIXA_EOCs_spells_traps.json,UNDODGEABLE | UNCONSUMED,
trap,tr_LIXA_forward_14,,dda,dda,missing,,,,data/json/effects_on_condition/nether_eocs/LIXA_EOCs_spells_traps.json,UNDODGEABLE | UNCONSUMED,
trap,tr_LIXA_forward_15,,dda,dda,missing,,,,data/json/effects_on_condition/nether_eocs/LIXA_EOCs_spells_traps.json,UNDODGEABLE | UNCONSUMED,
trap,tr_LIXA_forward_16,,dda,dda,missing,,,,data/json/effects_on_condition/nether_eocs/LIXA_EOCs_spells_traps.json,UNDODGEABLE | UNCONSUMED,
trap,tr_LIXA_forward_2,,dda,dda,missing,,,,data/json/effects_on_condition/nether_eocs/LIXA_EOCs_spells_traps.json,UNDODGEABLE | UNCONSUMED,
trap,tr_LIXA_forward_3,,dda,dda,missing,,,,data/json/effects_on_condition/nether_eocs/LIXA_EOCs_spells_traps.json,UNDODGEABLE | UNCONSUMED,
trap,tr_LIXA_forward_4,,dda,dda,missing,,,,data/json/effects_on_condition/nether_eocs/LIXA_EOCs_spells_traps.json,UNDODGEABLE | UNCONSUMED,
trap,tr_LIXA_forward_5,,dda,dda,missing,,,,data/json/effects_on_condition/nether_eocs/LIXA_EOCs_spells_traps.json,UNDODGEABLE | UNCONSUMED,
trap,tr_LIXA_forward_6,,dda,dda,missing,,,,data/json/effects_on_condition/nether_eocs/LIXA_EOCs_spells_traps.json,UNDODGEABLE | UNCONSUMED,
trap,tr_LIXA_forward_7,,dda,dda,missing,,,,data/json/effects_on_condition/nether_eocs/LIXA_EOCs_spells_traps.json,UNDODGEABLE | UNCONSUMED,
trap,tr_LIXA_forward_8,,dda,dda,missing,,,,data/json/effects_on_condition/nether_eocs/LIXA_EOCs_spells_traps.json,UNDODGEABLE | UNCONSUMED,
trap,tr_LIXA_forward_9,,dda,dda,missing,,,,data/json/effects_on_condition/nether_eocs/LIXA_EOCs_spells_traps.json,UNDODGEABLE | UNCONSUMED,
trap,tr_LIXA_unfold_entry_1,,dda,dda,missing,,,,data/json/effects_on_condition/nether_eocs/LIXA_EOCs_spells_traps.json,UNDODGEABLE,
trap,tr_LIXA_unfold_entry_10,,dda,dda,missing,,,,data/json/effects_on_condition/nether_eocs/LIXA_EOCs_spells_traps.json,UNDODGEABLE,
trap,tr_LIXA_unfold_entry_11,,dda,dda,missing,,,,data/json/effects_on_condition/nether_eocs/LIXA_EOCs_spells_traps.json,UNDODGEABLE,
trap,tr_LIXA_unfold_entry_12,,dda,dda,missing,,,,data/json/effects_on_condition/nether_eocs/LIXA_EOCs_spells_traps.json,UNDODGEABLE,
trap,tr_LIXA_unfold_entry_13,,dda,dda,missing,,,,data/json/effects_on_condition/nether_eocs/LIXA_EOCs_spells_traps.json,UNDODGEABLE,
trap,tr_LIXA_unfold_entry_14,,dda,dda,missing,,,,data/json/effects_on_condition/nether_eocs/LIXA_EOCs_spells_traps.json,UNDODGEABLE,
trap,tr_LIXA_unfold_entry_15,,dda,dda,missing,,,,data/json/effects_on_condition/nether_eocs/LIXA_EOCs_spells_traps.json,UNDODGEABLE,
trap,tr_LIXA_unfold_entry_16,,dda,dda,missing,,,,data/json/effects_on_condition/nether_eocs/LIXA_EOCs_spells_traps.json,UNDODGEABLE,
trap,tr_LIXA_unfold_entry_2,,dda,dda,missing,,,,data/json/effects_on_condition/nether_eocs/LIXA_EOCs_spells_traps.json,UNDODGEABLE,
trap,tr_LIXA_unfold_entry_3,,dda,dda,missing,,,,data/json/effects_on_condition/nether_eocs/LIXA_EOCs_spells_traps.json,UNDODGEABLE,
trap,tr_LIXA_unfold_entry_4,,dda,dda,missing,,,,data/json/effects_on_condition/nether_eocs/LIXA_EOCs_spells_traps.json,UNDODGEABLE,
trap,tr_LIXA_unfold_entry_5,,dda,dda,missing,,,,data/json/effects_on_condition/nether_eocs/LIXA_EOCs_spells_traps.json,UNDODGEABLE,
trap,tr_LIXA_unfold_entry_6,,dda,dda,missing,,,,data/json/effects_on_condition/nether_eocs/LIXA_EOCs_spells_traps.json,UNDODGEABLE,
trap,tr_LIXA_unfold_entry_7,,dda,dda,missing,,,,data/json/effects_on_condition/nether_eocs/LIXA_EOCs_spells_traps.json,UNDODGEABLE,
trap,tr_LIXA_unfold_entry_8,,dda,dda,missing,,,,data/json/effects_on_condition/nether_eocs/LIXA_EOCs_spells_traps.json,UNDODGEABLE,
trap,tr_LIXA_unfold_entry_9,,dda,dda,missing,,,,data/json/effects_on_condition/nether_eocs/LIXA_EOCs_spells_traps.json,UNDODGEABLE,
trap,tr_alien_tree_trap_roots,alien roots,dda,dda,missing,,,,data/json/traps.json,UNDODGEABLE | AVATAR_ONLY,
trap,tr_caltrops_teeth,monster teeth caltrops,dda,dda,missing,,,,data/json/traps.json,,
trap,tr_concrete_wall_door_lab_res_8_NE,door,dda,dda,missing,,,,data/json/mapgen/lab/lab_modular/lab_nests_modular/lab_shared_traps.json,,
trap,tr_concrete_wall_door_lab_res_8_NW,door,dda,dda,missing,,,,data/json/mapgen/lab/lab_modular/lab_nests_modular/lab_shared_traps.json,,
trap,tr_dermatik,burrowed dermatik,dda,dda,missing,,,,data/json/traps.json,,
trap,tr_dormant_corpse,dormant zombie corpse,dda,dda,missing,,,,data/json/monsters/zed_dormant.json,UNDODGEABLE | AVATAR_ONLY | PROXIMITY,
trap,tr_down_mattress,down mattress,dda,dda,missing,,,,data/json/traps.json,,
trap,tr_glimmer_floor,glimmering floor,dda,dda,missing,,,,data/json/traps.json,,
trap,tr_imperial_road_go,,dda,dda,missing,,,,data/json/effects_on_condition/nether_eocs/highland_dimension.json,UNDODGEABLE | AVATAR_ONLY,
trap,tr_inner_cabins_door_o,strange open door,dda,dda,missing,,,,data/json/traps.json,UNDODGEABLE | AVATAR_ONLY,
trap,tr_inner_cabins_exit_portal,swirling vortex,dda,dda,missing,,,,data/json/traps.json,UNDODGEABLE | AVATAR_ONLY,
trap,tr_inner_cabins_void,fluid void,dda,dda,missing,,,,data/json/traps.json,UNDODGEABLE,
trap,tr_lab_security_corridor_a,door,dda,dda,missing,,,,data/json/mapgen/lab/lab_modular/lab_central_hallway.json,,
trap,tr_lab_security_corridor_b,door,dda,dda,missing,,,,data/json/mapgen/lab/lab_modular/lab_central_hallway.json,,
trap,tr_light_on_MUT_SE_2,overhead light,dda,dda,missing,,,,data/json/mapgen/lab/lab_modular/lab_2x2_MUT_Tier_2.json,,
trap,tr_light_on_lab_security_z0N_A,overhead light,dda,dda,missing,,,,data/json/mapgen/lab/lab_modular/lab_nests_modular/lab_shared_traps.json,,
trap,tr_light_on_lab_security_z0N_B,overhead light,dda,dda,missing,,,,data/json/mapgen/lab/lab_modular/lab_nests_modular/lab_shared_traps.json,,
trap,tr_light_on_lab_security_z0S_A,overhead light,dda,dda,missing,,,,data/json/mapgen/lab/lab_modular/lab_nests_modular/lab_shared_traps.json,,
trap,tr_light_on_lab_security_z0S_B,overhead light,dda,dda,missing,,,,data/json/mapgen/lab/lab_modular/lab_nests_modular/lab_shared_traps.json,,
trap,tr_light_on_res_8_NE,overhead light,dda,dda,missing,,,,data/json/mapgen/lab/lab_modular/lab_nests_modular/lab_shared_traps.json,,
trap,tr_light_on_res_8_NW,overhead light,dda,dda,missing,,,,data/json/mapgen/lab/lab_modular/lab_nests_modular/lab_shared_traps.json,,
trap,tr_light_on_res_8_SE,overhead light,dda,dda,missing,,,,data/json/mapgen/lab/lab_modular/lab_nests_modular/lab_shared_traps.json,,
trap,tr_light_on_res_8_SW,overhead light,dda,dda,missing,,,,data/json/mapgen/lab/lab_modular/lab_nests_modular/lab_shared_traps.json,,
trap,tr_light_on_res_8_SW_2,overhead light,dda,dda,missing,,,,data/json/mapgen/lab/lab_modular/lab_2x2_MUT_Tier_2.json,,
trap,tr_lixa_climbing_fall_down,open air,dda,dda,missing,,,,data/json/traps.json,UNDODGEABLE | AVATAR_ONLY,
trap,tr_lixa_fall_down,open air,dda,dda,missing,,,,data/json/traps.json,UNDODGEABLE | AVATAR_ONLY,
trap,tr_ls_scarlet_tunnel_portal, ,dda,dda,missing,,,,data/json/traps.json,UNDODGEABLE | AVATAR_ONLY,
trap,tr_ls_sd_tunnel_portal, ,dda,dda,missing,,,,data/json/traps.json,UNDODGEABLE | AVATAR_ONLY,
trap,tr_microlab_portal_elevator_physics_shift,microlab shifting elevator,dda,dda,missing,,,,data/json/traps.json,,
trap,tr_nl_chasm,sparkling chasm,dda,dda,missing,,,,data/json/traps.json,UNDODGEABLE | AVATAR_ONLY,
trap,tr_nl_stairs_1_to_2,mysterious staircase,dda,dda,missing,,,,data/json/traps.json,UNDODGEABLE | AVATAR_ONLY,
trap,tr_nl_stairs_2_to_1,mysterious staircase,dda,dda,missing,,,,data/json/traps.json,UNDODGEABLE | AVATAR_ONLY,
trap,tr_portal_dungeon_entrance,swirling vortex,dda,dda,missing,,,,data/json/traps.json,UNDODGEABLE | AVATAR_ONLY,
trap,tr_portal_dungeon_exit,hole to outside,dda,dda,missing,,,,data/json/traps.json,UNDODGEABLE | AVATAR_ONLY,
trap,tr_portal_dungeon_next_level,swirling vortex,dda,dda,missing,,,,data/json/traps.json,UNDODGEABLE | AVATAR_ONLY,
trap,tr_portal_dungeon_teleporter,elsewhere,dda,dda,missing,,,,data/json/traps.json,UNDODGEABLE | AVATAR_ONLY,
trap,tr_spider,trapdoor spiderden,dda,dda,missing,,,,data/json/traps.json,,
trap,tr_string_dimension_ka_moonpool,strange moonpool,dda,dda,missing,,,,data/json/traps.json,UNDODGEABLE | AVATAR_ONLY,
trap,tr_string_dimension_ka_moonpool_exit,1D plane,dda,dda,missing,,,,data/json/traps.json,UNDODGEABLE | AVATAR_ONLY,
trap,tr_swirling_vortex,swirling vortex,dda,dda,missing,,,,data/json/traps.json,UNDODGEABLE | AVATAR_ONLY,
trap,tr_target_spinner,spinner target,dda,dda,missing,,,,data/json/traps.json,,
trap,tr_teeth,scattered monster teeth,dda,dda,missing,,,,data/json/traps.json,,
trap,tr_void_spider_entry,,dda,dda,missing,,,,data/json/monster_special_attacks/void_spider_mechanics.json,UNDODGEABLE | AVATAR_ONLY,
trap,tr_alchemist_mine,alchemical mine,magiclysm,magiclysm,missing,,,,data/mods/Magiclysm/items/alchemy_items.json,,
trap,tr_rune_trap_summon_blades,glowing runes,magiclysm,magiclysm,missing,,,,data/mods/Magiclysm/traps.json,,
trap,tr_rune_trap_summon_krabgek,glowing runes,magiclysm,magiclysm,missing,,,,data/mods/Magiclysm/traps.json,,
trap,tr_mom_find_dead_fifth_sun_ocelopilli_trooper,Dead Fifth Sun Achievement Trap,mindovermatter,mindovermatter,missing,,,,data/mods/MindOverMatter/traps.json,UNDODGEABLE | AVATAR_ONLY,
trap,tr_abyssal_hunger_next_level,Hole to elsewhere,xedra_evolved,xedra_evolved,missing,,,,data/mods/Xedra_Evolved/mapgen/abyssal_hunger_zone.json,UNDODGEABLE | AVATAR_ONLY,
trap,tr_cyborg_snare,ARG snare trap,xedra_evolved,xedra_evolved,missing,,,,data/mods/Xedra_Evolved/traps.json,,
trap,tr_fae_snare,changeling snare trap,xedra_evolved,xedra_evolved,missing,,,,data/mods/Xedra_Evolved/traps.json,,
trap,tr_nether_snare,pentagram snare trap,xedra_evolved,xedra_evolved,missing,,,,data/mods/Xedra_Evolved/traps.json,,
trap,tr_robot_snare,QR snare trap,xedra_evolved,xedra_evolved,missing,,,,data/mods/Xedra_Evolved/traps.json,,
trap,tr_salamander_bomb,sigil of detonation,xedra_evolved,xedra_evolved,missing,,,,data/mods/Xedra_Evolved/traps.json,UNDODGEABLE,
trap,tr_species_snare,species snare trap,xedra_evolved,xedra_evolved,missing,,,,data/mods/Xedra_Evolved/traps.json,,
trap,tr_xedra_dreamsmith_time_trap,time cage,xedra_evolved,xedra_evolved,missing,,,,data/mods/Xedra_Evolved/traps.json,UNDODGEABLE,
vehicle,ap_ammonia_machine_pipework,makeshift ammonia machine pipework,dda,dda,missing,,,,data/json/furniture_and_terrain/appliances.json,OBSTACLE | APPLIANCE,
vehicle,ap_ammonia_machine_reactor,makeshift ammonia machine reactor,dda,dda,missing,,,,data/json/furniture_and_terrain/appliances.json,OBSTACLE | APPLIANCE,
vehicle,ap_electrolyzer_makeshift,makeshift water electrolyzer,dda,dda,missing,,,,data/json/furniture_and_terrain/appliances.json,OBSTACLE | APPLIANCE,
vehicle,ap_glassblowers_crucible,glassblower's crucible,dda,dda,missing,,,,data/json/furniture_and_terrain/appliances.json,OBSTACLE | APPLIANCE,
vehicle,ap_mobile_weather_station,mobile weather station,dda,dda,missing,,,veh_mobile_weather_station,data/json/furniture_and_terrain/appliances.json,CARGO | OBSTACLE | MWS | ENABLED_DRAINS_EPOWER | NO_INSTALL_HIDDEN | APPLIANCE,
vehicle,ap_nitrogen_generator,makeshift nitrogen generator,dda,dda,missing,,,,data/json/furniture_and_terrain/appliances.json,OBSTACLE | APPLIANCE,
vehicle,ap_robofac_mobile_weather_station,mobile HEW-NRE station,dda,dda,missing,,,veh_robofac_mobile_weather_station,data/json/furniture_and_terrain/appliances.json,CARGO | OBSTACLE | MWS | ENABLED_DRAINS_EPOWER | ADVANCED_MWS | NO_INSTALL_HIDDEN | APPLIANCE,
vehicle,ap_xedra_mobile_weather_station,mobile hazardous environment weather station,dda,dda,missing,,,veh_xedra_mobile_weather_station,data/json/furniture_and_terrain/appliances.json,CARGO | OBSTACLE | MWS | ENABLED_DRAINS_EPOWER | ADVANCED_MWS | NO_INSTALL_HIDDEN | APPLIANCE,
vehicle,dimensional_perambulator,Dimensional Perambulator,dda,dda,missing,,,,data/json/debug/teleportation.json,EOC_ACTIVATION,
vehicle,door_lock,,dda,dda,missing,,,,data/json/vehicleparts/vehicle_parts.json,BOARD_INTERNAL | DOOR_LOCKING | UNMOUNT_ON_DAMAGE | SIMPLE_PART,
vehicle,drum_concrete_mix,concrete mixer drum,dda,dda,missing,,,,data/json/vehicleparts/utilities.json,OBSTACLE | NO_INSTALL_HIDDEN,
vehicle,engine_electric_train,,dda,dda,missing,,,engine_motor,data/json/vehicleparts/motor.json,ENGINE | E_HIGHER_SKILL | E_HEATER,
vehicle,extension_cable,,dda,dda,missing,,,,data/json/vehicleparts/vehicle_parts.json,NO_INSTALL_HIDDEN | UNMOUNT_ON_DAMAGE | POWER_TRANSFER,
vehicle,frame_concrete_mix,,dda,dda,missing,,,frame_abstract,data/json/vehicleparts/frames.json,MOUNTABLE | INITIAL_PART | NO_INSTALL_HIDDEN | CABLE_PORTS,
vehicle,hand_controls,,dda,dda,missing,,,,data/json/vehicleparts/vehicle_parts.json,IGNORE_LEG_REQUIREMENT | IGNORE_HEIGHT_REQUIREMENT | ON_CONTROLS,
vehicle,handheld_battery_mount,,dda,dda,missing,,,,data/json/vehicleparts/vehicle_parts.json,HANDHELD_BATTERY_MOUNT,
vehicle,large_pressure_tank,,dda,dda,missing,,,,data/json/vehicleparts/tanks.json,GASTANK,
vehicle,long_extension_cable,,dda,dda,missing,,,,data/json/vehicleparts/vehicle_parts.json,NO_INSTALL_HIDDEN | UNMOUNT_ON_DAMAGE | POWER_TRANSFER,
vehicle,medium_pressure_tank,,dda,dda,missing,,,,data/json/vehicleparts/tanks.json,GASTANK,
vehicle,metal_tray,metal tray,dda,dda,missing,,,,data/json/vehicleparts/cargo.json,CARGO | BOARDABLE | CARGO_PASSABLE | FLAT_SURF,
vehicle,pedal_extenders,,dda,dda,missing,,,,data/json/vehicleparts/vehicle_parts.json,IGNORE_HEIGHT_REQUIREMENT | ON_CONTROLS,
vehicle,pedal_extenders_makeshift,,dda,dda,missing,,,,data/json/vehicleparts/vehicle_parts.json,IGNORE_HEIGHT_REQUIREMENT | ON_CONTROLS,
vehicle,power_cord,power cord,dda,dda,missing,,,,data/json/furniture_and_terrain/appliances.json,NO_INSTALL_HIDDEN | NO_UNINSTALL | UNMOUNT_ON_DAMAGE | POWER_TRANSFER,
vehicle,small_pressure_tank,,dda,dda,missing,,,,data/json/vehicleparts/tanks.json,GASTANK,
vehicle,solar_reflector,solar reflector,dda,dda,missing,,,,data/json/vehicleparts/engineering.json,FLAT_SURF,
vehicle,stowed_bot_golden_monolith,tied-down golden monolith,dda,dda,missing,,,,data/json/obsoletion_and_migration_0.J/stowed_parts.json,EXTRA_DRAG | NO_INSTALL_HIDDEN,
vehicle,stowed_broken_yrax_quadraphract,tied-down broken quadraphract,dda,dda,missing,,,,data/json/obsoletion_and_migration_0.J/stowed_parts.json,EXTRA_DRAG | NO_INSTALL_HIDDEN,
vehicle,stowed_broken_yrax_quadraphract_leg,tied-down broken quadraphract leg,dda,dda,missing,,,,data/json/obsoletion_and_migration_0.J/stowed_parts.json,EXTRA_DRAG | NO_INSTALL_HIDDEN,
vehicle,stowed_display_fridge,tied-down display fridge,dda,dda,missing,,,,data/json/obsoletion_and_migration_0.J/stowed_parts.json,EXTRA_DRAG | NO_INSTALL_HIDDEN,
vehicle,stowed_glass_fridge_double,tied-down double glass door fridge,dda,dda,missing,,,,data/json/obsoletion_and_migration_0.J/stowed_parts.json,EXTRA_DRAG | NO_INSTALL_HIDDEN,
vehicle,stowed_heavy_duty_fridge,tied-down heavy duty fridge,dda,dda,missing,,,,data/json/obsoletion_and_migration_0.J/stowed_parts.json,EXTRA_DRAG | NO_INSTALL_HIDDEN,
vehicle,veh_mobile_weather_station,mobile weather station,dda,dda,missing,,,,data/json/vehicleparts/utilities.json,CARGO | OBSTACLE | MWS | ENABLED_DRAINS_EPOWER | NO_INSTALL_HIDDEN,
vehicle,veh_robofac_mobile_weather_station,mobile HEW-NRE station,dda,dda,missing,,,,data/json/vehicleparts/utilities.json,CARGO | OBSTACLE | MWS | ENABLED_DRAINS_EPOWER | ADVANCED_MWS | NO_INSTALL_HIDDEN,
vehicle,veh_xedra_mobile_weather_station,mobile hazardous environment weather station,dda,dda,missing,,,,data/json/vehicleparts/utilities.json,CARGO | OBSTACLE | MWS | ENABLED_DRAINS_EPOWER | ADVANCED_MWS | NO_INSTALL_HIDDEN,
vehicle,wheel_mount_concrete_mix,,dda,dda,missing,,,,data/json/vehicleparts/wheel.json,WHEEL_MOUNT_CONCRETE_MIX | NEEDS_JACKING | NO_INSTALL_HIDDEN,
vehicle,xl_pressure_tank,,dda,dda,missing,,,,data/json/vehicleparts/tanks.json,GASTANK,
vehicle,ap_everburning_sconce,everburning torch sconce,magiclysm,magiclysm,missing,,,,data/mods/Magiclysm/vehicleparts/vehicle_parts.json,WALL_MOUNTED | HALF_CIRCLE_LIGHT | APPLIANCE,
vehicle,ap_psi_noetic_resonance_detector,noetic resonance detector,mindovermatter,mindovermatter,missing,,,,data/mods/MindOverMatter/furniture_and_terrain/appliance_misc.json,APPLIANCE,
vehicle,floral_boat_hull,floral petal,xedra_evolved,xedra_evolved,missing,,,,data/mods/Xedra_Evolved/vehicles/vehicle_parts.json,FLOATS | SEAT | BELTABLE | BOARDABLE | NO_INSTALL_HIDDEN | NO_UNINSTALL | SOLAR_PANEL,
vehicle,floral_engine,,xedra_evolved,xedra_evolved,missing,,,engine_motor,data/mods/Xedra_Evolved/vehicles/vehicle_parts.json,ENGINE | E_HIGHER_SKILL | E_HEATER | NO_INSTALL_HIDDEN | NO_UNINSTALL,
vehicle,floralframe,floral frame,xedra_evolved,xedra_evolved,missing,,,frame_abstract,data/mods/Xedra_Evolved/vehicles/vehicle_parts.json,MOUNTABLE | INITIAL_PART | NO_INSTALL_HIDDEN | NO_UNINSTALL,
vehicle,wave_rider_engine,,xedra_evolved,xedra_evolved,missing,,,engine_combustion,data/mods/Xedra_Evolved/vehicles/vehicle_parts.json,ENGINE | E_COMBUSTION | E_ALTERNATOR | E_HIGHER_SKILL | E_HEATER | NO_INSTALL_HIDDEN,
