category,id,name,saved_count,near_player_count,origin,status_v1,status_v2,status_v3,priority_note
item,alcohol_wipes,alcohol wipe,4331,347,dda,missing,direct,direct,physical/other; inspect in context
item,bifocal_contacts_daily,bifocal contact lenses (daily),90,90,dda,missing,looks_like,looks_like,physical/other; inspect in context
item,acetaminophen,acetaminophen,1976,40,dda,missing,direct,direct,physical/other; inspect in context
item,birth_control,birth control pill,384,38,dda,missing,missing,direct,physical/other; inspect in context
item,efile_junk,junk file,26483,32,dda,missing,missing,missing,electronic file; not a physical floor object
item,liquid_soap,liquid soap,579,18,dda,missing,missing,direct,physical/other; inspect in context
item,tube_welding_rod,welding rod tube,250,18,dda,missing,missing,missing,physical/other; inspect in context
item,chem_baking_soda,baking soda,159,16,dda,missing,missing,direct,physical/other; inspect in context
item,protein_bar_peanut,protein bar,221,11,dda,missing,looks_like,looks_like,physical/other; inspect in context
item,knife_small,small kitchen knife,593,7,dda,direct,direct,direct,physical/other; inspect in context
item,efile_recipes,recipe catalog,2334,6,dda,missing,missing,missing,electronic file; not a physical floor object
item,glue_weak,weak glue,123,6,dda,missing,direct,direct,physical/other; inspect in context
item,efile_lore,questionable media file,1146,3,dda,missing,missing,missing,electronic file; not a physical floor object
item,credit_card,credit card,398,3,dda,missing,direct,direct,physical/other; inspect in context
item,knife_large,large kitchen knife,236,3,dda,direct,direct,direct,physical/other; inspect in context
item,ammonia_hydroxide,ammonia solution,208,3,dda,missing,direct,direct,physical/other; inspect in context
item,propane,propane,120,3,dda,missing,direct,direct,physical/other; inspect in context
item,candy4,gummy candy,86,3,dda,missing,missing,direct,physical/other; inspect in context
item,efile_map,map cache,647,2,dda,missing,missing,missing,electronic file; not a physical floor object
item,seat_bench,bench seat,297,2,dda,missing,missing,missing,physical/other; inspect in context
item,protein_bar_milk,protein bar,231,2,dda,missing,looks_like,looks_like,physical/other; inspect in context
item,scissors_medical,medical scissors,96,2,dda,missing,direct,direct,physical/other; inspect in context
item,glue_strong,strong glue,84,2,dda,missing,looks_like,looks_like,physical/other; inspect in context
item,emery_board,emery board,63,2,dda,missing,missing,missing,physical/other; inspect in context
item,gelatin_dessert_powder,gelatin dessert powder,36,2,dda,missing,missing,direct,physical/other; inspect in context
item,pencil_case,pencil case,30,2,dda,missing,direct,direct,physical/other; inspect in context
item,ic_reference_electronics,101 Important Integrated Circuits,25,2,dda,missing,missing,direct,physical/other; inspect in context
item,steroid_eyedrops,steroid eyedrops,22,2,dda,missing,missing,missing,physical/other; inspect in context
item,ruler,ruler,13,2,dda,missing,missing,missing,physical/other; inspect in context
item,liq_bandage,liquid bandage,11,2,dda,missing,missing,missing,physical/other; inspect in context
item,spool_welding,wire spool,149,1,dda,missing,missing,direct,physical/other; inspect in context
item,small_squeeze_tube,small glue squeeze tube,122,1,dda,missing,missing,missing,physical/other; inspect in context
item,hair_dye_black,black hair dye,78,1,dda,missing,missing,missing,physical/other; inspect in context
item,compressor,compressor,56,1,dda,missing,missing,missing,physical/other; inspect in context
item,knife_cleaver,cleaver,44,1,dda,direct,direct,direct,physical/other; inspect in context
item,bench_vise,bench vise,43,1,dda,missing,missing,missing,physical/other; inspect in context
item,retool_ar15_223rem_medium,carbine .223 upper receiver,26,1,dda,missing,missing,missing,physical/other; inspect in context
item,metal_casting_book,metal casting reference manual,21,1,dda,missing,missing,direct,physical/other; inspect in context
item,arduino_experiments,Arduino Experiments,15,1,dda,missing,missing,direct,physical/other; inspect in context
item,sharpener,pencil sharpener,12,1,dda,missing,missing,missing,physical/other; inspect in context
item,box_small_wood,small wooden box,10,1,dda,missing,direct,direct,physical/other; inspect in context
item,mana_potion_lesser,lesser mana potion,10,1,magiclysm,missing,missing,direct,physical/other; inspect in context
item,silver_anklet,silver anklet,9,1,dda,missing,missing,missing,physical/other; inspect in context
item,veh_tools_workshop,workshop station,8,1,dda,missing,missing,missing,physical/other; inspect in context
item,home_picture,picture,7,1,dda,missing,direct,direct,physical/other; inspect in context
item,drift,punch & drift set,6,1,dda,missing,missing,missing,physical/other; inspect in context
item,spell_scroll_animist_magic_fissile,Rewritten Scroll,5,1,magiclysm,missing,direct,direct,physical/other; inspect in context
item,silicone,silicone caulk,5,1,dda,missing,missing,missing,physical/other; inspect in context
item,spell_scroll_technomancer_conjure_radio,Scroll of Speak through the Aether,4,1,magiclysm,missing,direct,direct,physical/other; inspect in context
item,caster_boosts_info,The Basics of Caster Levels,3,1,magiclysm,missing,missing,direct,physical/other; inspect in context
item,spell_scroll_magus_slowfall,Scroll of Slowfall,2,1,magiclysm,missing,direct,direct,physical/other; inspect in context
item,spell_scroll_eshaper_spawn_tools,Scroll of Utility Molding,2,1,magiclysm,missing,direct,direct,physical/other; inspect in context
item,spell_scroll_earthshaper_danger_sense,Scroll of Tremorsense,2,1,magiclysm,missing,direct,direct,physical/other; inspect in context
item,spell_scroll_earthshaper_fortitude_of_stone,Scroll of Stones' Fortitude,2,1,magiclysm,missing,direct,direct,physical/other; inspect in context
item,spell_scroll_eshaper_melee_damage,Scroll of Weighting,2,1,magiclysm,missing,direct,direct,physical/other; inspect in context
item,spell_scroll_recover_sleepiness,Scroll of Nature's Trance,2,1,magiclysm,missing,direct,direct,physical/other; inspect in context
item,spell_scroll_biomancer_eat_tons_of_food,Scroll of Gluttonous Consumption,2,1,magiclysm,missing,direct,direct,physical/other; inspect in context
item,spell_scroll_biomancer_pull_items_from_distance,Scroll of Monstrous Grasp,2,1,magiclysm,missing,direct,direct,physical/other; inspect in context
item,mp1522_mag,.22 10-round modern varmint rifle magazine,2,1,dda,missing,missing,missing,physical/other; inspect in context
item,410shot_slug,.410 slug,2,1,dda,missing,missing,missing,physical/other; inspect in context
item,retool_mdrx_223rem,MDRX .223 extended-assembly,1,1,dda,missing,missing,missing,physical/other; inspect in context
item,offset_grip,offset grip,1,1,dda,missing,missing,missing,physical/other; inspect in context
item,retool_mdrx_308win_medium,MDRX .308 standard-assembly,1,1,dda,missing,missing,missing,physical/other; inspect in context
item,retool_ump_9,UMP 9x19mm conversion kit,1,1,dda,missing,missing,missing,physical/other; inspect in context
item,m47a1,M47A1 Techno-Medusa,1,1,magiclysm,missing,missing,direct,physical/other; inspect in context
vehicle,medium_pressure_tank,,1,1,dda,missing,missing,missing,physical/other; inspect in context
item,cocoa_powder_milk,instant cocoa,5245,0,dda,missing,direct,direct,physical/other; inspect in context
item,flour_wheat_free,wheat-free flour,2579,0,dda,missing,direct,direct,physical/other; inspect in context
item,chem_caco3,calcium carbonate powder,2158,0,dda,missing,missing,direct,physical/other; inspect in context
furniture,f_electrical_conduit,electrical conduit,1378,0,dda,missing,direct,direct,physical/other; inspect in context
item,chicken_fried,fried chicken,1164,0,dda,missing,missing,direct,physical/other; inspect in context
item,vitc_tablet,vitamin C supplement,754,0,dda,missing,direct,direct,physical/other; inspect in context
item,material_styrofoam_chunk,chunk of styrofoam,611,0,dda,missing,missing,missing,physical/other; inspect in context
terrain,t_canvas_roof,canvas roof,540,0,dda,missing,missing,missing,physical/other; inspect in context
terrain,t_grass_alien_2,alien grass,539,0,mindovermatter,missing,missing,missing,physical/other; inspect in context
item,frybread,frybread,488,0,dda,missing,missing,direct,physical/other; inspect in context
item,pecorino_cheese,pecorino,392,0,dda,missing,direct,direct,physical/other; inspect in context
item,estrogen,estrogen pill,352,0,dda,missing,missing,direct,physical/other; inspect in context
terrain,t_vines_alien_1,alien vines,333,0,mindovermatter,missing,missing,missing,physical/other; inspect in context
item,tape_measure,tape measure,274,0,dda,missing,missing,missing,physical/other; inspect in context
item,red_phosphorous,red phosphorous powder,222,0,dda,missing,direct,direct,physical/other; inspect in context
item,white_phosphorous,white phosphorous powder,212,0,dda,missing,missing,missing,physical/other; inspect in context
terrain,t_demon_web_wall,webbing wall,193,0,magiclysm,missing,direct,direct,physical/other; inspect in context
item,wheel_caster_large,set of medium casters,147,0,dda,missing,missing,direct,physical/other; inspect in context
vehicle,wheel_caster_large,,147,0,dda,missing,missing,direct,physical/other; inspect in context
terrain,t_grass_alien_3,alien grass,140,0,mindovermatter,missing,missing,missing,physical/other; inspect in context
terrain,t_moss_alien_2,alien moss,96,0,mindovermatter,missing,missing,missing,physical/other; inspect in context
item,pea,pea,84,0,dda,missing,missing,missing,physical/other; inspect in context
item,cottage_cheese,cottage cheese,81,0,dda,missing,missing,direct,physical/other; inspect in context
item,mascarpone,mascarpone,80,0,dda,missing,missing,direct,physical/other; inspect in context
item,mozzarella_cheese_smoked,smoked mozzarella cheese,79,0,dda,missing,looks_like,looks_like,physical/other; inspect in context
item,hair_dye_blond,blond hair dye,76,0,dda,missing,missing,missing,physical/other; inspect in context
item,chem_turpentine,turpentine,75,0,dda,missing,missing,direct,physical/other; inspect in context
item,gasfilter_sm,filter mask cartridge,71,0,dda,missing,missing,direct,physical/other; inspect in context
item,protein_bar_zero,protein bar,71,0,dda,missing,direct,direct,physical/other; inspect in context
item,godco_flier,religious salvation flier,66,0,dda,missing,direct,direct,physical/other; inspect in context
item,mozzarella_cheese,mozzarella cheese,66,0,dda,missing,direct,direct,physical/other; inspect in context
item,orichalcum_frame,orichalcum frame,65,0,magiclysm,missing,missing,direct,physical/other; inspect in context
vehicle,frame_orichalcum,orichalcum frame,65,0,magiclysm,missing,missing,direct,physical/other; inspect in context
item,nic_pouch,nicotine pouch,62,0,dda,missing,missing,missing,physical/other; inspect in context
item,hair_dye_white,white hair dye,61,0,dda,missing,missing,missing,physical/other; inspect in context
terrain,t_moss_alien_1,alien moss,60,0,mindovermatter,missing,missing,missing,physical/other; inspect in context
item,hair_dye_brown,brown hair dye,58,0,dda,missing,missing,missing,physical/other; inspect in context
item,hyperopia_contacts_daily,hyperopia contact lenses (daily),57,0,dda,missing,looks_like,looks_like,physical/other; inspect in context
item,gastropod_purged,purged gastropods,53,0,dda,missing,missing,missing,physical/other; inspect in context
item,robofac_basic_mantle,Hub 01 prototype mantle,53,0,dda,missing,missing,missing,physical/other; inspect in context
item,robofac_basic_skirt,Hub 01 prototype skirt,53,0,dda,missing,missing,missing,physical/other; inspect in context
item,sunscreen,sunscreen,52,0,dda,missing,missing,direct,physical/other; inspect in context
item,tiramisu,tiramisù,48,0,dda,missing,missing,missing,physical/other; inspect in context
item,door_lock,door lock set,47,0,dda,missing,missing,missing,physical/other; inspect in context
vehicle,door_lock,,47,0,dda,missing,missing,missing,physical/other; inspect in context
item,UPS_OFF,UPS (off),46,0,dda,missing,missing,direct,physical/other; inspect in context
item,big_pliers,tongue-and-groove pliers,46,0,dda,missing,direct,direct,physical/other; inspect in context
item,thread_cutting_set,thread cutting set,46,0,dda,missing,missing,missing,physical/other; inspect in context
item,tuna_noodle_casserole,piece of fish noodle casserole,44,0,dda,missing,missing,missing,physical/other; inspect in context
trap,tr_dormant_corpse,dormant zombie corpse,43,0,dda,missing,missing,missing,physical/other; inspect in context
item,snowcone,snow cone,41,0,dda,missing,missing,missing,physical/other; inspect in context
item,hot_corn_casserole,piece of hot corn casserole,40,0,dda,missing,missing,missing,physical/other; inspect in context
item,hair_dye_gray,gray hair dye,40,0,dda,missing,missing,missing,physical/other; inspect in context
item,pin_badge,pin,39,0,dda,partial,partial,partial,physical/other; inspect in context
item,teargas_spray,tear gas spray,39,0,dda,missing,missing,missing,physical/other; inspect in context
item,gelatin_dessert_processed,processed gelatin dessert,38,0,dda,missing,direct,direct,physical/other; inspect in context
item,microscope_slide,microscope slide,37,0,dda,missing,missing,missing,physical/other; inspect in context
item,i4_diesel,1.6 L I4 diesel engine,35,0,dda,missing,missing,direct,physical/other; inspect in context
item,dog_tag_dog,dog tag,34,0,dda,missing,missing,missing,physical/other; inspect in context
item,ammonia_liquid,liquid ammonia,33,0,dda,missing,missing,direct,physical/other; inspect in context
vehicle,diesel_engine_inline4,,33,0,dda,missing,missing,direct,physical/other; inspect in context
item,vac_mold,vacuum molder,32,0,dda,missing,direct,direct,physical/other; inspect in context
item,hair_dye_green,green hair dye,32,0,dda,missing,missing,missing,physical/other; inspect in context
item,hair_dye_blue,blue hair dye,31,0,dda,missing,missing,missing,physical/other; inspect in context
item,knife_huge,huge kitchen knife,30,0,dda,direct,direct,direct,physical/other; inspect in context
item,raw_artichoke,raw artichoke,28,0,dda,missing,missing,missing,physical/other; inspect in context
item,raw_asparagus,raw asparagus,27,0,dda,missing,missing,missing,physical/other; inspect in context
item,alloy_book,alloying reference manual,26,0,dda,missing,missing,direct,physical/other; inspect in context
item,lobster,chunk of lobster meat,26,0,dda,missing,missing,missing,physical/other; inspect in context
item,hair_dye_red,red hair dye,25,0,dda,missing,missing,missing,physical/other; inspect in context
item,yogurt_starter_culture,yogurt starter culture,24,0,dda,missing,missing,missing,physical/other; inspect in context
item,cheesy_spinach_casserole,piece of cheesy spinach casserole,24,0,dda,missing,missing,missing,physical/other; inspect in context
item,hair_dye_pink,pink hair dye,24,0,dda,missing,missing,missing,physical/other; inspect in context
item,grinder_cutoff_disc,cutoff disc,23,0,dda,missing,direct,direct,physical/other; inspect in context
item,candy5,vegan gummy candy,23,0,dda,missing,missing,direct,physical/other; inspect in context
item,cauliflower_head,cauliflower head,22,0,dda,missing,missing,missing,physical/other; inspect in context
item,bronze_book,The Bronze Age Encyclopedia,21,0,dda,missing,missing,direct,physical/other; inspect in context
item,welding_blanket,welding blanket,21,0,dda,missing,missing,missing,physical/other; inspect in context
item,kale_head,kale head,21,0,dda,missing,missing,missing,physical/other; inspect in context
item,pallet,wooden pallet,21,0,dda,missing,direct,direct,physical/other; inspect in context
trap,tr_spider,trapdoor spiderden,21,0,dda,missing,missing,missing,physical/other; inspect in context
item,mollusk,fillet of mollusk,20,0,dda,missing,missing,missing,physical/other; inspect in context
item,mt_chainmail_hands,moon tears chainmail gloves (pair),19,0,xedra_evolved,missing,missing,direct,physical/other; inspect in context
item,mt_chainmail_feet,moon tears chainmail chausses (pair),19,0,xedra_evolved,missing,missing,direct,physical/other; inspect in context
item,textbook_weparabic,Tools of Warfare in the Arabic World,18,0,dda,missing,missing,direct,physical/other; inspect in context
item,coin_half_dollar,half-dollar coin,18,0,dda,missing,direct,direct,physical/other; inspect in context
item,deflated_wheel_motorbike,"deflated 16"" motorbike wheel",18,0,dda,missing,direct,direct,physical/other; inspect in context
item,box_oversize_folded,oversize folded cardboard box,16,0,dda,missing,direct,direct,physical/other; inspect in context
item,deflated_wheel_bicycle,"deflated 27"" bicycle wheel",15,0,dda,missing,direct,direct,physical/other; inspect in context
item,book_teens_deduction,Scraggy-Boo and the Mystery Crew,15,0,xedra_evolved,missing,missing,direct,physical/other; inspect in context
item,jacket_varsity,varsity jacket,15,0,dda,direct,direct,direct,physical/other; inspect in context
item,chem_toluene,toluene,15,0,dda,missing,missing,direct,physical/other; inspect in context
item,mercury,mercury,15,0,dda,missing,missing,missing,physical/other; inspect in context
item,scrap_tin,scrap tin,14,0,dda,missing,missing,direct,physical/other; inspect in context
item,marshmallow_fluff,marshmallow fluff,14,0,dda,missing,missing,missing,physical/other; inspect in context
item,chem_sodium,sodium,14,0,dda,missing,missing,missing,physical/other; inspect in context
item,tire_repair_kit,tire repair kit,14,0,dda,missing,missing,missing,physical/other; inspect in context
item,pea_pods,pea pods,13,0,dda,missing,missing,missing,physical/other; inspect in context
item,silver_toe_ring,silver toe ring,12,0,dda,missing,missing,missing,physical/other; inspect in context
item,hydrogen,hydrogen,12,0,dda,missing,missing,missing,physical/other; inspect in context
item,shoulder_strap_simple,two point sling,12,0,dda,missing,missing,missing,physical/other; inspect in context
item,exodii_ingot_lead,enormous lead ingot,11,0,dda,missing,missing,missing,physical/other; inspect in context
item,wheel_rim_medium,medium steel rim,11,0,dda,missing,missing,missing,physical/other; inspect in context
item,five-point_harness,5-point harness,11,0,dda,missing,missing,missing,physical/other; inspect in context
item,chem_benzene,benzene,11,0,dda,missing,missing,direct,physical/other; inspect in context
item,cabbage_head,cabbage head,11,0,dda,missing,direct,direct,physical/other; inspect in context
item,serum_speed,"51x-""Landru""",10,0,dda,missing,missing,missing,physical/other; inspect in context
item,syrup_corn,corn syrup,10,0,dda,missing,missing,direct,physical/other; inspect in context
item,deflated_wheel_wide_or,"deflated 24"" off-road wide wheel",10,0,dda,missing,direct,direct,physical/other; inspect in context
item,nose_plate,nose plate,10,0,dda,missing,missing,missing,physical/other; inspect in context
item,spell_scroll_tornskin,Sappy Scroll,10,0,magiclysm,missing,direct,direct,physical/other; inspect in context
vehicle,foldxlframe,foldable extra-light frame,10,0,dda,missing,missing,direct,physical/other; inspect in context
item,ketene_lamp,ketene lamp,9,0,dda,missing,missing,missing,physical/other; inspect in context
item,syrup_simple,simple syrup,9,0,dda,missing,missing,direct,physical/other; inspect in context
item,salsa,salsa,9,0,dda,missing,missing,missing,physical/other; inspect in context
item,gold_toe_ring,gold toe ring,9,0,dda,missing,missing,missing,physical/other; inspect in context
item,dry_corn,dehydrated corn kernels,9,0,dda,missing,direct,direct,physical/other; inspect in context
item,nitrogen,nitrogen,9,0,dda,missing,missing,missing,physical/other; inspect in context
item,chem_potassium,potassium,9,0,dda,missing,missing,missing,physical/other; inspect in context
item,lettuce_head,lettuce head,9,0,dda,missing,missing,direct,physical/other; inspect in context
item,exodii_ingot_zinc,enormous zinc ingot,8,0,dda,missing,missing,missing,physical/other; inspect in context
item,scrap_brass,chunk of brass,8,0,dda,missing,missing,direct,physical/other; inspect in context
item,camphine,camphine,8,0,dda,missing,missing,missing,physical/other; inspect in context
item,retool_ar15_223rem,mid-length .223 upper receiver,7,0,dda,missing,missing,missing,physical/other; inspect in context
item,belt_grinder,belt grinder,7,0,dda,missing,missing,missing,physical/other; inspect in context
item,ref_lighter_butane,refillable butane lighter,7,0,dda,missing,missing,missing,physical/other; inspect in context
item,spell_scroll_stormshaper_cloak_of_frog,Scribbled Scroll,7,0,magiclysm,missing,direct,direct,physical/other; inspect in context
item,chem_ferric_chloride,ferric chloride powder,7,0,dda,missing,missing,missing,physical/other; inspect in context
item,chem_calcium_chloride,calcium chloride,7,0,dda,missing,missing,missing,physical/other; inspect in context
terrain,t_nether_glass_wall,black glass,7,0,dda,missing,missing,missing,physical/other; inspect in context
item,textbook_mesoam,The Art of Warfare in Precolumbian Mesoamericas,6,0,dda,missing,missing,direct,physical/other; inspect in context
item,efile_recipes_science,scientific recipe catalog,6,0,dda,missing,missing,missing,electronic file; not a physical floor object
item,engineering_engine_kit,Stirling engine kit,6,0,dda,missing,missing,missing,physical/other; inspect in context
item,exodii_ingot_tin,enormous tin ingot,6,0,dda,missing,missing,missing,physical/other; inspect in context
item,deflated_wheel_motorbike_or,"deflated 20"" off-road motorbike wheel",6,0,dda,missing,direct,direct,physical/other; inspect in context
item,wheel_rim_motorbike,steel motorbike rim,6,0,dda,missing,missing,missing,physical/other; inspect in context
item,throat_guard_cut_resistant,cut-resistant throat guard,6,0,dda,missing,missing,missing,physical/other; inspect in context
item,deflated_wheel_bicycle_or,"deflated 27"" off-road bicycle wheel",6,0,dda,missing,direct,direct,physical/other; inspect in context
item,gun_lock,gun cable lock,6,0,dda,missing,missing,missing,physical/other; inspect in context
item,emf_detector,EMF detector (off),5,0,dda,missing,missing,missing,physical/other; inspect in context
item,woven_anklet,woven anklet,5,0,dda,missing,missing,missing,physical/other; inspect in context
item,gas_forge,gas forge,5,0,dda,missing,missing,missing,physical/other; inspect in context
item,bat_anklet,bat charm anklet,5,0,dda,missing,missing,missing,physical/other; inspect in context
item,robofac40,HWP 40-round 5.56 magazine,5,0,dda,missing,missing,missing,physical/other; inspect in context
item,robofac60,HWP 60-round 9mm helical magazine,5,0,dda,missing,missing,missing,physical/other; inspect in context
item,robofacmultimag,HWP 50-round 5.7 magazine,5,0,dda,missing,missing,missing,physical/other; inspect in context
item,pedal_extenders,pedal extenders,5,0,dda,missing,missing,missing,physical/other; inspect in context
vehicle,pedal_extenders,,5,0,dda,missing,missing,missing,physical/other; inspect in context
item,black_dragons_historical,A Comprehensive Analysis on Black Dragons,4,0,magiclysm,missing,missing,direct,physical/other; inspect in context
item,1911_22,.22 1911 pistol,4,0,dda,missing,missing,missing,physical/other; inspect in context
item,flower_anklet,flower charm anklet,4,0,dda,missing,missing,missing,physical/other; inspect in context
item,exodii_ingot_copper,enormous copper ingot,4,0,dda,missing,missing,missing,physical/other; inspect in context
item,scrap_cast_iron,scrap cast iron,4,0,dda,missing,missing,missing,physical/other; inspect in context
item,rock_wool_bat,fiber insulation batt,4,0,dda,missing,missing,missing,physical/other; inspect in context
item,lanyard,lanyard,4,0,dda,missing,direct,direct,physical/other; inspect in context
item,eod_plate,EOD fragmentation plate,4,0,dda,missing,missing,missing,physical/other; inspect in context
item,skull_feline_small,small feline skull,4,0,dda,missing,direct,direct,physical/other; inspect in context
item,fried_mozzarella_sticks,fried mozzarella sticks,4,0,dda,missing,missing,missing,physical/other; inspect in context
item,lazy_lobster_casserole,lazy lobster casserole,4,0,dda,missing,missing,missing,physical/other; inspect in context
vehicle,metal_tray,metal tray,4,0,dda,missing,missing,missing,physical/other; inspect in context
item,wood_barnacle,wood barnacle,3,0,magiclysm,missing,missing,missing,physical/other; inspect in context
item,dnd_2,Wayfinder,3,0,dda,missing,direct,direct,physical/other; inspect in context
item,gold_nose_ring_stud,gold nose ring stud,3,0,dda,missing,missing,missing,physical/other; inspect in context
item,psionic_charge_power,matrix charge,3,0,mindovermatter,missing,missing,missing,physical/other; inspect in context
item,mana_leech_shackle_unlocked,inert mana-leech shackle,3,0,magiclysm,missing,missing,missing,physical/other; inspect in context
item,gelatin_dessert_vegan,vegan gelatin dessert,3,0,dda,missing,direct,direct,physical/other; inspect in context
item,electric_masonrysaw_off,electric masonry saw (off),3,0,dda,missing,missing,missing,physical/other; inspect in context
item,cattlefodder_medium,cattle fodder bundle,3,0,dda,missing,direct,direct,physical/other; inspect in context
item,paint_cyan,cyan paint,3,0,dda,missing,looks_like,looks_like,physical/other; inspect in context
item,paint_pink,pink paint,3,0,dda,missing,direct,direct,physical/other; inspect in context
item,paint_black,black paint,3,0,dda,missing,direct,direct,physical/other; inspect in context
item,paint_brown,brown paint,3,0,dda,missing,looks_like,looks_like,physical/other; inspect in context
item,sculpture_rock,stone sculpture,3,0,dda,missing,missing,missing,physical/other; inspect in context
item,triffid_spellbook,chunk of plant matter,3,0,magiclysm,missing,missing,missing,physical/other; inspect in context
item,military_poncho_liner,military poncho liner,3,0,dda,missing,missing,missing,physical/other; inspect in context
item,retool_ar15_223rem_short,CQB .223 upper receiver,3,0,dda,missing,missing,missing,physical/other; inspect in context
item,bronze_mag,Historic Warfare: The Bronze Age,3,0,dda,missing,missing,direct,physical/other; inspect in context
item,bifocal_contacts_weekly,bifocal contact lenses (weekly),3,0,dda,missing,direct,direct,physical/other; inspect in context
item,gold_anklet,gold anklet,3,0,dda,missing,missing,missing,physical/other; inspect in context
item,crutches,crutches (pair),3,0,dda,missing,missing,missing,physical/other; inspect in context
item,material_styrofoam_sheet,styrofoam sheet,3,0,dda,missing,missing,missing,physical/other; inspect in context
item,mallbrochure,mall advertising brochure,3,0,dda,missing,direct,direct,physical/other; inspect in context
item,skull_rodent,rodent skull,3,0,dda,missing,direct,direct,physical/other; inspect in context
furniture,f_alembic,standing alembic,3,0,magiclysm,missing,direct,direct,physical/other; inspect in context
furniture,f_exam_chair,exam chair,3,0,dda,missing,missing,missing,physical/other; inspect in context
vehicle,folding_orichalcum_frame,foldable orichalcum frame,3,0,magiclysm,missing,missing,direct,physical/other; inspect in context
item,wand_fireball_minor,minor wand of fireball,2,0,magiclysm,missing,direct,direct,physical/other; inspect in context
item,wand_magic_missile_minor,minor wand of magic missile,2,0,magiclysm,missing,direct,direct,physical/other; inspect in context
item,needle_steel,needle,2,0,dda,missing,direct,direct,physical/other; inspect in context
item,hijab,hijab,2,0,dda,missing,missing,missing,physical/other; inspect in context
item,hammer_fey_smith,fey smith's hammer,2,0,xedra_evolved,missing,missing,missing,physical/other; inspect in context
item,historybrochure,history advertising brochure,2,0,dda,missing,direct,direct,physical/other; inspect in context
item,exodii_ingot_lc_steel,enormous steel ingot,2,0,dda,missing,missing,missing,physical/other; inspect in context
item,exodii_wire_kit,CBM interface wire kit,2,0,dda,missing,missing,missing,physical/other; inspect in context
item,lc_steel_bar_round,low steel bar stock,2,0,dda,missing,missing,missing,physical/other; inspect in context
item,sandwich_reuben,reuben sandwich,2,0,dda,missing,missing,missing,physical/other; inspect in context
item,outsert_clear,clear outsert lens,2,0,dda,missing,missing,missing,physical/other; inspect in context
item,oven_cabinet,stripped oven cabinet,2,0,dda,missing,missing,missing,physical/other; inspect in context
item,oven_controls,oven control panel,2,0,dda,missing,missing,missing,physical/other; inspect in context
item,oven_door,oven door,2,0,dda,missing,missing,missing,physical/other; inspect in context
item,oven_broiler_pan,broiler pan,2,0,dda,missing,missing,missing,physical/other; inspect in context
item,shed_snakeskin_little,shed snakeskin,2,0,dda,missing,missing,missing,physical/other; inspect in context
item,gelatin_dessert_vegan_fruit,fruit filled vegan gelatin dessert,2,0,dda,missing,direct,direct,physical/other; inspect in context
item,cattlefodder_large,large cattle fodder bundle,2,0,dda,missing,direct,direct,physical/other; inspect in context
item,paint_red,red paint,2,0,dda,missing,direct,direct,physical/other; inspect in context
item,ludo,Ludo,2,0,dda,missing,missing,missing,physical/other; inspect in context
item,small_chess,compact chess set,2,0,dda,missing,missing,missing,physical/other; inspect in context
item,chem_antimony_trichloride,antimony trichloride powder,2,0,dda,missing,missing,missing,physical/other; inspect in context
item,mipim,army flashlight-laser module,2,0,dda,missing,missing,missing,physical/other; inspect in context
item,seed_kale,kale seeds,2,0,dda,missing,missing,direct,physical/other; inspect in context
item,seed_pea,pea seeds,2,0,dda,missing,missing,missing,physical/other; inspect in context
item,sextoy,sex toy,2,0,dda,direct,direct,direct,physical/other; inspect in context
item,robofac_gun_40mm_10rd,FSP 10-round 40x46 magazine,2,0,dda,missing,missing,missing,physical/other; inspect in context
item,robofac_gun_40mm_5rd,FSP 5-round 40x46 magazine,2,0,dda,missing,missing,missing,physical/other; inspect in context
item,robofac_gun_40mm_3rd,FSP 3-round 40x46 magazine,2,0,dda,missing,missing,missing,physical/other; inspect in context
item,go,go set,2,0,dda,missing,missing,missing,physical/other; inspect in context
item,truckstop_viagra,horny rhino pill,2,0,xedra_evolved,missing,missing,missing,physical/other; inspect in context
item,priest_collar,clerical collar,2,0,dda,missing,missing,missing,physical/other; inspect in context
item,50beowulf_ar15mag,.50 Beowulf 10-round conversion magazine,2,0,dda,missing,missing,missing,physical/other; inspect in context
item,engineering_makerspace_kit,makerspace kit for STEM,2,0,dda,missing,missing,missing,physical/other; inspect in context
item,robot_kit_box,robot kit box,2,0,dda,missing,direct,direct,physical/other; inspect in context
item,engineering_robotics_kit,robotics kit for young learners,2,0,dda,missing,missing,missing,physical/other; inspect in context
item,counterweight,counterweight,2,0,dda,missing,missing,missing,physical/other; inspect in context
item,mesh_nape_protector,mesh nape protector,2,0,dda,missing,missing,missing,physical/other; inspect in context
item,dnd_3,Dawn of Man,2,0,dda,missing,direct,direct,physical/other; inspect in context
item,anvil_crude,small anvil,2,0,dda,missing,missing,missing,physical/other; inspect in context
item,spell_scroll_bless,Scroll of Paragon,2,0,magiclysm,missing,direct,direct,physical/other; inspect in context
item,powered_earplugs,shooter's ear plugs,2,0,dda,missing,missing,missing,physical/other; inspect in context
item,aluminum_bar_round,aluminum bar stock,2,0,dda,missing,missing,missing,physical/other; inspect in context
item,jigsaw,Jigsaw puzzle,2,0,dda,missing,missing,missing,physical/other; inspect in context
item,skull_cervine,deer skull,2,0,dda,missing,direct,direct,physical/other; inspect in context
item,box_large_wood,large wooden box,2,0,dda,missing,direct,direct,physical/other; inspect in context
furniture,f_everburning_candelabra,candelabra of everlasting candles,2,0,magiclysm,missing,missing,direct,physical/other; inspect in context
trap,tr_dermatik,burrowed dermatik,2,0,dda,missing,missing,missing,physical/other; inspect in context
item,integrated_holdout_pocket,holdout pocket,1,0,bombastic_perks,missing,missing,missing,integrated object; not ordinary floor loot
item,foxs_cunning_potion,potion of Fox's Cunning,1,0,magiclysm,missing,missing,direct,physical/other; inspect in context
item,moly_tuber,moly tuber,1,0,magiclysm,missing,missing,missing,physical/other; inspect in context
item,xe_art_knot,"twisted, knotted cord",1,0,xedra_evolved,missing,missing,missing,physical/other; inspect in context
item,robofac_rubber_mantle,Hub 01 kinetic mantle,1,0,dda,missing,missing,missing,physical/other; inspect in context
item,robofac_rubber_skirt,Hub 01 kinetic skirt,1,0,dda,missing,missing,missing,physical/other; inspect in context
item,box_small_plastic,secured plastic box,1,0,dda,missing,direct,direct,physical/other; inspect in context
item,spell_scroll_create_atomic_light,Scroll of Magical Light,1,0,magiclysm,missing,direct,direct,physical/other; inspect in context
item,inert_glowing_string,glowing string,1,0,dda,missing,missing,missing,physical/other; inspect in context
item,retool_ar15_223rem_pistol,pistol .223 upper receiver,1,0,dda,missing,missing,missing,physical/other; inspect in context
item,mask_plague,plague mask,1,0,dda,direct,direct,direct,physical/other; inspect in context
item,sculpture_clay,clay sculpture,1,0,dda,missing,missing,missing,physical/other; inspect in context
item,wand_disp_fireball_minor,disposable minor wand of fireball,1,0,magiclysm,missing,direct,direct,physical/other; inspect in context
item,pressure_gauge,pressure gauge,1,0,dda,missing,missing,missing,physical/other; inspect in context
item,ree_33_tripod,heavy-duty tripod,1,0,dda,missing,missing,missing,physical/other; inspect in context
item,exodii_ac_kit,external climate control kit,1,0,dda,missing,missing,missing,physical/other; inspect in context
item,exodii_wiring_kit_reference,CBM interface wiring reference,1,0,dda,missing,missing,direct,physical/other; inspect in context
item,bio_pitch_perfect,Throwing Assist CBM,1,0,dda,missing,missing,missing,physical/other; inspect in context
item,bio_sleep_shutdown,Sleep Mode Shutdown CBM,1,0,dda,missing,missing,direct,physical/other; inspect in context
item,exodii_ingot_plastic,enormous plastic block,1,0,dda,missing,missing,missing,physical/other; inspect in context
item,exodii_ingot_aluminum,enormous aluminum ingot,1,0,dda,missing,missing,missing,physical/other; inspect in context
item,insert_vision_correction,vision correction assembly,1,0,dda,missing,missing,missing,physical/other; inspect in context
item,outsert_breach,breach outsert lens,1,0,dda,missing,missing,missing,physical/other; inspect in context
item,throat_guard_nylon,nylon throat guard,1,0,dda,missing,missing,missing,physical/other; inspect in context
item,ogres_strength_potion,potion of Ogre's Strength,1,0,magiclysm,missing,missing,direct,physical/other; inspect in context
item,spell_scroll_kelvinist_anti_heat,Scroll of Cloak of Chill,1,0,magiclysm,missing,direct,direct,physical/other; inspect in context
item,wand_point_flare_lesser,lesser wand of point flare,1,0,magiclysm,missing,direct,direct,physical/other; inspect in context
item,spell_scroll_magus_slow,Scroll of Slow,1,0,magiclysm,missing,direct,direct,physical/other; inspect in context
item,silver_nose_ring_stud,silver nose ring stud,1,0,dda,missing,missing,missing,physical/other; inspect in context
item,drum_percussion,"drum, percussion",1,0,dda,missing,missing,missing,physical/other; inspect in context
item,gold_lip_ring_loop,gold lip ring loop,1,0,dda,missing,missing,missing,physical/other; inspect in context
item,paint_yellow,yellow paint,1,0,dda,missing,direct,direct,physical/other; inspect in context
item,paint_green,green paint,1,0,dda,missing,direct,direct,physical/other; inspect in context
item,paint_blue,blue paint,1,0,dda,missing,direct,direct,physical/other; inspect in context
item,paint_orange,orange paint,1,0,dda,missing,looks_like,looks_like,physical/other; inspect in context
item,resonance_measurement_device,Otherworldly measuring device,1,0,dda,missing,missing,missing,physical/other; inspect in context
item,xedra_field_notes_used,field notebook (used),1,0,dda,missing,missing,missing,physical/other; inspect in context
item,robofac_nomex_mantle,Hub 01 turnout mantle,1,0,dda,missing,missing,missing,physical/other; inspect in context
item,hd_compressor,industrial compressor,1,0,dda,missing,missing,missing,physical/other; inspect in context
item,cooking_poison,Cooking with Poison,1,0,magiclysm,missing,missing,direct,physical/other; inspect in context
item,sandwich_pbf,fluffernutter sandwich,1,0,dda,missing,missing,missing,physical/other; inspect in context
item,cuffs,cuffs (pair),1,0,dda,missing,missing,missing,physical/other; inspect in context
item,niqab,niqab,1,0,dda,missing,missing,missing,physical/other; inspect in context
item,retool_ar15_50beowulf_medium,mid-length 12.7x42mm upper receiver,1,0,dda,missing,missing,missing,physical/other; inspect in context
item,retool_ar15_50beowulf,rifle 12.7x42mm upper receiver,1,0,dda,missing,missing,missing,physical/other; inspect in context
item,sub2000_folding_mechanism,integral folding mechanism,1,0,dda,missing,missing,missing,physical/other; inspect in context
item,spell_scroll_classless_dispel_magic,Scroll of Dispel Magic,1,0,magiclysm,missing,direct,direct,physical/other; inspect in context
item,spell_scroll_repelling_arc,Scroll of Repelling Arc,1,0,magiclysm,missing,direct,direct,physical/other; inspect in context
item,black_dragons,Black Dragons: Swamp Ruins,1,0,magiclysm,missing,missing,direct,physical/other; inspect in context
item,spell_scroll_kelvinist_anti_cold,Scroll of Cloak of Warmth,1,0,magiclysm,missing,direct,direct,physical/other; inspect in context
item,retool_ar15_223rem_extended,rifle .223 upper receiver,1,0,dda,missing,missing,missing,physical/other; inspect in context
item,seed_watermelon,watermelon seeds,1,0,dda,missing,missing,direct,physical/other; inspect in context
item,seed_artichoke,artichoke seeds,1,0,dda,missing,missing,direct,physical/other; inspect in context
item,scrabble,Scrabble Letters set,1,0,dda,missing,missing,missing,physical/other; inspect in context
item,retool_ump_40,UMP .40 S&W conversion kit,1,0,dda,missing,missing,missing,physical/other; inspect in context
item,plastic_chin_guard,plastic chin guard,1,0,dda,missing,missing,missing,physical/other; inspect in context
item,propane_lantern,propane lantern (off),1,0,dda,missing,direct,direct,physical/other; inspect in context
item,spell_scroll_summon_wisps,Scroll of Ignus Fatuus,1,0,magiclysm,missing,direct,direct,physical/other; inspect in context
item,spell_scroll_animist_vocalize,Scroll of The Inner Voice,1,0,magiclysm,missing,direct,direct,physical/other; inspect in context
item,spell_scroll_animist_see_invisibility,Scroll of Seeing the Unseen,1,0,magiclysm,missing,direct,direct,physical/other; inspect in context
item,iodine_crystal,iodine crystals,1,0,dda,missing,missing,missing,physical/other; inspect in context
item,engine_1cyl_diesel_large,0.2 L large 1-cylinder diesel engine,1,0,dda,missing,missing,missing,physical/other; inspect in context
item,nape_protector,nape protector,1,0,dda,missing,missing,missing,physical/other; inspect in context
item,connect_four,Four in a Row set,1,0,dda,missing,missing,missing,physical/other; inspect in context
item,spell_scroll_biomancer_coagulant_weave,Scroll of Coagulant Weave,1,0,magiclysm,missing,direct,direct,physical/other; inspect in context
item,ranger,Patrol Leader,1,0,dda,missing,missing,missing,physical/other; inspect in context
item,alchemy_mana_processing,Quintessential Refinement,1,0,magiclysm,missing,missing,direct,physical/other; inspect in context
item,oil_press_manual,manual oil press,1,0,dda,missing,missing,missing,physical/other; inspect in context
item,makeshift_pillow,makeshift pillow,1,0,dda,missing,missing,direct,physical/other; inspect in context
item,egg_water_bug,water scorpion egg,1,0,dda,missing,direct,direct,physical/other; inspect in context
item,abaya,abaya,1,0,dda,missing,missing,missing,physical/other; inspect in context
item,rummy,Rummy-o set,1,0,dda,missing,missing,missing,physical/other; inspect in context
item,aluminum_bar_flat,aluminum flat bar stock,1,0,dda,missing,missing,missing,physical/other; inspect in context
item,wheel_skateboard,set of skateboard wheels,1,0,dda,missing,missing,direct,physical/other; inspect in context
item,beverly_shear,Beverly shear,1,0,dda,missing,direct,direct,physical/other; inspect in context
item,bio_mp3,WearMan CBM,1,0,dda,missing,missing,direct,physical/other; inspect in context
item,spell_scroll_summon_magic_motorcycle,MICE(R) blueprint,1,0,magiclysm,missing,direct,direct,physical/other; inspect in context
item,spell_scroll_synaptic_stimulation,Scroll of Synaptic Stimulation,1,0,magiclysm,missing,direct,direct,physical/other; inspect in context
item,spell_scroll_technomancer_intelligence_buff_spell,Scroll of Clarity of Thought,1,0,magiclysm,missing,direct,direct,physical/other; inspect in context
item,spell_scroll_technomancer_welder,Scroll of Voltaic Touch,1,0,magiclysm,missing,direct,direct,physical/other; inspect in context
item,spell_scroll_mirror_image,Scroll of Mirror Image,1,0,magiclysm,missing,direct,direct,physical/other; inspect in context
item,eagles_sight_potion,potion of Eagle's Sight,1,0,magiclysm,missing,missing,direct,physical/other; inspect in context
item,dental_tools,dental tool set,1,0,dda,missing,missing,missing,physical/other; inspect in context
item,seed_bottle_gourd,bottle gourd seeds,1,0,dda,missing,missing,direct,physical/other; inspect in context
item,spell_scroll_technomancer_far_sight,Scroll of Zoom Lens,1,0,magiclysm,missing,direct,direct,physical/other; inspect in context
item,spell_scroll_recover_bionic_power,Scroll of Manatricity,1,0,magiclysm,missing,direct,direct,physical/other; inspect in context
item,spell_scroll_quantum_tunnel_lesser,Scroll of Lesser Quantum Tunnel,1,0,magiclysm,missing,direct,direct,physical/other; inspect in context
item,feast_for_odin,For Odin,1,0,dda,missing,missing,missing,physical/other; inspect in context
item,fursuit,fursuit,1,0,dda,missing,partial,partial,physical/other; inspect in context
item,egg_wasp,wasp egg,1,0,dda,missing,direct,direct,physical/other; inspect in context
item,silver_lip_ring_stud,silver lip ring stud,1,0,dda,missing,missing,missing,physical/other; inspect in context
item,marlin60,tube fed varmint rifle,1,0,dda,missing,missing,missing,physical/other; inspect in context
item,paint_gray,gray paint,1,0,dda,missing,looks_like,looks_like,physical/other; inspect in context
item,paint_white,white paint,1,0,dda,missing,direct,direct,physical/other; inspect in context
item,friday,Survival Island,1,0,dda,missing,missing,missing,physical/other; inspect in context
item,toy_figurine,figurine,1,0,dda,partial,partial,partial,physical/other; inspect in context
item,stone_shell,stone shell,1,0,magiclysm,missing,missing,direct,physical/other; inspect in context
item,bulette_plate,bulette plate,1,0,magiclysm,missing,missing,direct,physical/other; inspect in context
item,flask_max_mana,potion of mana reserves,1,0,magiclysm,missing,missing,looks_like,physical/other; inspect in context
item,dog_tag,dog tag,1,0,dda,missing,missing,missing,physical/other; inspect in context
item,egg_water_beetle,water beetle egg,1,0,dda,missing,direct,direct,physical/other; inspect in context
item,gold_nose_ring_loop,gold nose ring loop,1,0,dda,missing,missing,missing,physical/other; inspect in context
item,retool_deagle_44,Desert Eagle .44 conversion kit,1,0,dda,missing,missing,missing,physical/other; inspect in context
item,small_lc_steel_bar_flat,small low steel flat bar stock,1,0,dda,missing,missing,missing,physical/other; inspect in context
item,mc_steel_bar_round,medium steel bar stock,1,0,dda,missing,missing,missing,physical/other; inspect in context
terrain,t_intercom_balthazar,intercom,1,0,dda,missing,missing,missing,physical/other; inspect in context
furniture,f_altar,stone altar,1,0,magiclysm,missing,missing,direct,physical/other; inspect in context
furniture,f_metal_detector,metal detector,1,0,dda,missing,missing,missing,physical/other; inspect in context
vehicle,wheel_mount_skateboard,skateboard trucks,1,0,dda,missing,missing,direct,physical/other; inspect in context
trap,tr_magic_door,magic door,1,0,magiclysm,missing,missing,direct,physical/other; inspect in context
terrain,t_grass,grass,4787834,7580,dda,direct,direct,direct,physical/other; inspect in context
item,brazing_rod_bronze,brazing rod,84108,6003,dda,direct,direct,direct,physical/other; inspect in context
item,brazing_rod_alloy,aluminum brazing rod,50926,4671,dda,direct,direct,direct,physical/other; inspect in context
terrain,t_forestfloor,forest floor,825084,2879,dda,looks_like,looks_like,looks_like,physical/other; inspect in context
item,welding_rod_alloy,aluminum welding rod,47131,2802,dda,direct,direct,direct,physical/other; inspect in context
terrain,t_pavement,pavement,1244730,2511,dda,direct,direct,direct,physical/other; inspect in context
terrain,t_grass_dead,dead grass,871224,1504,dda,direct,direct,direct,physical/other; inspect in context
item,nuts_bolts,nut and bolt,5629,1321,dda,direct,direct,direct,physical/other; inspect in context
terrain,t_dirt,dirt,627186,1043,dda,direct,direct,direct,physical/other; inspect in context
terrain,t_floor,floor,30337,847,dda,direct,direct,direct,physical/other; inspect in context
item,solder_wire,solder,24368,667,dda,direct,direct,direct,physical/other; inspect in context
item,salt,salt,16113,601,dda,direct,direct,direct,physical/other; inspect in context
item,pepper,black pepper,7589,461,dda,direct,direct,direct,physical/other; inspect in context
terrain,t_underbrush,underbrush,134101,434,dda,direct,direct,direct,physical/other; inspect in context
terrain,t_grass_long,long grass,178744,346,dda,direct,direct,direct,physical/other; inspect in context
item,chem_borax,borax powder,56671,305,dda,looks_like,looks_like,looks_like,physical/other; inspect in context
terrain,t_moss,moss,91168,303,dda,direct,direct,direct,physical/other; inspect in context
terrain,t_pavement_y,yellow pavement,91512,279,dda,direct,direct,direct,physical/other; inspect in context
terrain,t_sidewalk,sidewalk,35651,273,dda,direct,direct,direct,physical/other; inspect in context
item,seasoning_salt,seasoned salt,4344,263,dda,direct,direct,direct,physical/other; inspect in context
terrain,t_carpet_red,red carpet,1898,223,dda,direct,direct,direct,physical/other; inspect in context
terrain,t_wall_y,yellow wall,851,222,dda,direct,direct,direct,physical/other; inspect in context
terrain,t_brick_wall,brick wall,4986,214,dda,direct,direct,direct,physical/other; inspect in context
item,vitamins,multivitamin,2956,204,dda,direct,direct,direct,physical/other; inspect in context
item,graphite,graphite powder,11317,199,dda,direct,direct,direct,physical/other; inspect in context
terrain,t_linoleum_gray,linoleum tile,4352,195,dda,direct,direct,direct,physical/other; inspect in context
item,chem_agar,agar flake,649,195,dda,direct,direct,direct,physical/other; inspect in context
item,cable,copper wire,2987,185,dda,direct,direct,direct,physical/other; inspect in context
terrain,t_tree,oak tree,48420,172,dda,direct,direct,direct,physical/other; inspect in context
item,seasoning_italian,Italian seasoning,3381,171,dda,direct,direct,direct,physical/other; inspect in context
item,tea_green_raw,green tea leaves,2171,167,dda,direct,direct,direct,physical/other; inspect in context
terrain,t_tree_hickory,hickory tree,47186,164,dda,direct,direct,direct,physical/other; inspect in context
item,chilly-p,chili powder,3346,153,dda,direct,direct,direct,physical/other; inspect in context
terrain,t_shrub,shrub,46518,149,dda,direct,direct,direct,physical/other; inspect in context
item,oatmeal,oatmeal,1335,139,dda,direct,direct,direct,physical/other; inspect in context
item,flour,flour,4192,136,dda,direct,direct,direct,physical/other; inspect in context
item,frame,steel frame,10827,135,dda,direct,direct,direct,physical/other; inspect in context
vehicle,frame,,8374,112,dda,direct,direct,direct,physical/other; inspect in context
item,bag_plastic_small,small plastic bag,4179,106,dda,direct,direct,direct,physical/other; inspect in context
terrain,t_tree_young,young tree,33886,105,dda,direct,direct,direct,physical/other; inspect in context
item,welding_rod_steel,welding rod,84547,100,dda,direct,direct,direct,physical/other; inspect in context
terrain,t_linoleum_white,linoleum tile,4406,98,dda,direct,direct,direct,physical/other; inspect in context
item,adhesive_bandages,adhesive bandage,1988,98,dda,direct,direct,direct,physical/other; inspect in context
item,bottle_plastic,plastic bottle,5447,94,dda,direct,direct,direct,physical/other; inspect in context
item,sheet_metal,sheet metal,7608,89,dda,direct,direct,direct,physical/other; inspect in context
item,tums,antacid tablet,1280,87,dda,looks_like,looks_like,looks_like,physical/other; inspect in context
terrain,t_fern,fern,22611,86,dda,direct,direct,direct,physical/other; inspect in context
terrain,t_tree_blackjack,blackjack oak,25996,82,dda,direct,direct,direct,physical/other; inspect in context
terrain,t_water_pool,pool water,538,81,dda,direct,direct,direct,physical/other; inspect in context
terrain,t_tree_pine,pine tree,24108,78,dda,direct,direct,direct,physical/other; inspect in context
item,bottle_plastic_small,very small plastic bottle,4288,72,dda,direct,direct,direct,physical/other; inspect in context
item,can_tomato,canned tomato,814,72,dda,direct,direct,direct,physical/other; inspect in context
terrain,t_concrete,concrete,25514,71,dda,direct,direct,direct,physical/other; inspect in context
item,artificial_sweetener,artificial sweetener,710,71,dda,direct,direct,direct,physical/other; inspect in context
item,dry_rice,dried rice,1613,67,dda,direct,direct,direct,physical/other; inspect in context
terrain,t_tree_maple,maple tree,18747,64,dda,direct,direct,direct,physical/other; inspect in context
item,box_small,small cardboard box,4070,64,dda,direct,direct,direct,physical/other; inspect in context
item,battery,battery,10006,63,dda,direct,direct,direct,physical/other; inspect in context
item,ibuprofen,ibuprofen,2448,62,dda,direct,direct,direct,physical/other; inspect in context
item,garlic_powder,garlic powder,2066,62,dda,direct,direct,direct,physical/other; inspect in context
item,catfood_dry,dry cat food,4638,61,dda,direct,direct,direct,physical/other; inspect in context
terrain,t_tree_birch,birch tree,17955,59,dda,direct,direct,direct,physical/other; inspect in context
item,medical_tape,medical tape,1254,57,dda,direct,direct,direct,physical/other; inspect in context
terrain,t_wall_glass,glass wall,1303,55,dda,direct,direct,direct,physical/other; inspect in context
item,pur_tablets,water purification tablet,5595,54,dda,direct,direct,direct,physical/other; inspect in context
item,yeast,yeast,1293,50,dda,direct,direct,direct,physical/other; inspect in context
terrain,t_thconc_floor,concrete floor,29060,49,dda,direct,direct,direct,physical/other; inspect in context
terrain,t_window_enhanced,armored boarded up window,163,49,dda,direct,direct,direct,physical/other; inspect in context
item,sugar,sugar,11826,47,dda,direct,direct,direct,physical/other; inspect in context
item,dogfood_dry,dry dog food,4339,47,dda,direct,direct,direct,physical/other; inspect in context
item,tea_raw,black tea leaves,2875,46,dda,direct,direct,direct,physical/other; inspect in context
item,wrapper_pr,wrapper,247,44,dda,direct,direct,direct,physical/other; inspect in context
item,protein_bar_evac,protein ration,247,44,dda,direct,direct,direct,physical/other; inspect in context
terrain,t_tree_beech,beech tree,18344,43,dda,direct,direct,direct,physical/other; inspect in context
item,bottle_glass_330ml,small glass bottle,553,43,dda,looks_like,looks_like,looks_like,physical/other; inspect in context
vehicle,roof,roof,3598,41,dda,direct,direct,direct,physical/other; inspect in context
furniture,f_table,table,2707,37,dda,direct,direct,direct,physical/other; inspect in context
item,coffee_raw,coffee powder,2419,36,dda,direct,direct,direct,physical/other; inspect in context
item,can_medium,medium tin can,1517,36,dda,direct,direct,direct,physical/other; inspect in context
furniture,f_bench,bench,1483,36,dda,direct,direct,direct,physical/other; inspect in context
terrain,t_tree_cottonwood,cottonwood tree,10384,35,dda,direct,direct,direct,physical/other; inspect in context
item,instant_coffee,instant coffee mix,3518,35,dda,direct,direct,direct,physical/other; inspect in context
item,socks,socks (pair),2485,35,dda,direct,direct,direct,physical/other; inspect in context
item,gummy_vitamins,gummy vitamin,856,35,dda,direct,direct,direct,physical/other; inspect in context
item,potato,raw potato,610,34,dda,direct,direct,direct,physical/other; inspect in context
item,spaghetti_raw,raw spaghetti pasta,3954,32,dda,direct,direct,direct,physical/other; inspect in context
item,cheese_hard,hard cheese,1476,32,dda,direct,direct,direct,physical/other; inspect in context
terrain,t_door_o,open wood door,703,30,dda,direct,direct,direct,physical/other; inspect in context
terrain,t_shrub_blackberry,blackberry bush,1084,29,dda,direct,direct,direct,physical/other; inspect in context
furniture,f_chair,wooden chair,2383,28,dda,direct,direct,direct,physical/other; inspect in context
item,antifungal,antifungal drug,1208,28,dda,direct,direct,direct,physical/other; inspect in context
terrain,t_tree_elm,elm tree,10398,27,dda,direct,direct,direct,physical/other; inspect in context
item,lotus_blossom,lotus blossom,185,27,xedra_evolved,direct,direct,direct,physical/other; inspect in context
item,nachos,tortilla chips,99,27,dda,direct,direct,direct,physical/other; inspect in context
item,bag_paper_powder,small powder paper bag,975,26,dda,looks_like,looks_like,looks_like,physical/other; inspect in context
item,tampon,tampon,904,26,dda,direct,direct,direct,physical/other; inspect in context
item,socks_ankle,ankle socks (pair),1952,24,dda,direct,direct,direct,physical/other; inspect in context
furniture,f_sofa,sofa,1120,24,dda,direct,direct,direct,physical/other; inspect in context
item,condiment_bottle_sealed,condiment bottle,873,24,dda,direct,direct,direct,physical/other; inspect in context
item,light_cell_rechargeable,light battery,475,24,dda,direct,direct,direct,physical/other; inspect in context
item,can_drink,aluminum can,2305,23,dda,direct,direct,direct,physical/other; inspect in context
item,glass_sheet,sheet of glass,2075,23,dda,direct,direct,direct,physical/other; inspect in context
vehicle,windshield,windshield,2020,23,dda,direct,direct,direct,physical/other; inspect in context
item,classic_literature,book of classic literature,898,23,dda,direct,direct,direct,physical/other; inspect in context
item,oxyacetylene,oxyacetylene,658,23,dda,direct,direct,direct,physical/other; inspect in context
furniture,f_desk,desk,1452,22,dda,direct,direct,direct,physical/other; inspect in context
item,calcium_tablet,calcium tablet,1175,22,dda,direct,direct,direct,physical/other; inspect in context
item,bottle_plastic_seasoning_small,small plastic seasoning bottle,483,22,dda,looks_like,looks_like,looks_like,physical/other; inspect in context
item,wrapper_foil,foil wrapper,2065,20,dda,direct,direct,direct,physical/other; inspect in context
item,menstrual_pad,menstrual pad,854,20,dda,direct,direct,direct,physical/other; inspect in context
item,codeine,codeine,442,20,dda,direct,direct,direct,physical/other; inspect in context
item,bandages,bandage,429,20,dda,direct,direct,direct,physical/other; inspect in context
terrain,t_dirtmound,upturned dirt,24578,19,dda,direct,direct,direct,physical/other; inspect in context
item,wrapper,paper wrapper,3035,19,dda,direct,direct,direct,physical/other; inspect in context
item,bottle_glass,glass bottle,1416,19,dda,direct,direct,direct,physical/other; inspect in context
item,oxycodone,oxycodone,1072,19,dda,direct,direct,direct,physical/other; inspect in context
item,box_paper_small,small paper box,826,19,dda,direct,direct,direct,physical/other; inspect in context
item,poetry_book,book of poetry,744,19,dda,direct,direct,direct,physical/other; inspect in context
item,tinyweldtank,tiny welding tank,234,19,dda,direct,direct,direct,physical/other; inspect in context
item,fruit_leather,fruit leather,179,19,dda,direct,direct,direct,physical/other; inspect in context
item,black_pen_ink,black pen ink,11973,18,dda,direct,direct,direct,physical/other; inspect in context
terrain,t_tree_dead,dead tree,5784,18,dda,direct,direct,direct,physical/other; inspect in context
furniture,f_bed,bed,1631,18,dda,direct,direct,direct,physical/other; inspect in context
item,wheel_mount_medium,medium wheel hub assembly,1627,18,dda,direct,direct,direct,physical/other; inspect in context
item,socks_wool,wool socks (pair),1252,18,dda,direct,direct,direct,physical/other; inspect in context
item,novel_drama,drama novel,804,18,dda,direct,direct,direct,physical/other; inspect in context
item,plays_book,book of plays,645,18,dda,direct,direct,direct,physical/other; inspect in context
item,bottle_bathroom,plastic soap bottle,610,18,dda,direct,direct,direct,physical/other; inspect in context
item,can_beans,canned beans,298,18,dda,direct,direct,direct,physical/other; inspect in context
item,9mm,9x19mm JHP,81,18,dda,direct,direct,direct,physical/other; inspect in context
terrain,t_trunk,tree trunk,5049,17,dda,direct,direct,direct,physical/other; inspect in context
item,jar_glass_sealed,0.5 L glass jar,1308,17,dda,direct,direct,direct,physical/other; inspect in context
item,nail,nail,1290,17,dda,direct,direct,direct,physical/other; inspect in context
item,pills_sleep,sleeping pill,414,17,dda,direct,direct,direct,physical/other; inspect in context
terrain,t_tree_hickory_dead,dead hickory tree,5467,16,dda,direct,direct,direct,physical/other; inspect in context
item,gum,chewing gum,2646,16,dda,direct,direct,direct,physical/other; inspect in context
furniture,f_indoor_plant,indoor plant,1126,16,dda,direct,direct,direct,physical/other; inspect in context
item,undershirt,undershirt,1043,16,dda,direct,direct,direct,physical/other; inspect in context
terrain,t_tree_nannyberry,nannyberry tree,783,16,dda,looks_like,looks_like,looks_like,physical/other; inspect in context
vehicle,board,board,774,16,dda,direct,direct,direct,physical/other; inspect in context
terrain,t_shrub_strawberry,strawberry bush,635,16,dda,direct,direct,direct,physical/other; inspect in context
item,toastem,toaster pastry,612,16,dda,direct,direct,direct,physical/other; inspect in context
furniture,f_armchair,armchair,535,16,dda,direct,direct,direct,physical/other; inspect in context
item,bottle_glass_seasoning_small,small glass seasoning bottle,325,16,dda,looks_like,looks_like,looks_like,physical/other; inspect in context
item,bag_garbage,garbage bag,2754,15,dda,direct,direct,direct,physical/other; inspect in context
vehicle,halfboard,quarterpanel,2538,15,dda,direct,direct,direct,physical/other; inspect in context
item,disinfectant,antiseptic,172,15,dda,direct,direct,direct,physical/other; inspect in context
item,cup_plastic,plastic cup,3133,14,dda,direct,direct,direct,physical/other; inspect in context
furniture,f_counter,counter,2752,14,dda,direct,direct,direct,physical/other; inspect in context
item,jug_plastic,gallon jug,1301,14,dda,direct,direct,direct,physical/other; inspect in context
item,essay_book,book of essays,523,14,dda,direct,direct,direct,physical/other; inspect in context
item,novel_sports,sports novel,400,14,dda,direct,direct,direct,physical/other; inspect in context
furniture,f_coffee_table,coffee table,250,14,dda,direct,direct,direct,physical/other; inspect in context
terrain,t_column,column,53,14,dda,direct,direct,direct,physical/other; inspect in context
item,glass_shard,glass shard,7534,13,dda,direct,direct,direct,physical/other; inspect in context
terrain,t_shrub_blueberry,blueberry bush,849,13,dda,direct,direct,direct,physical/other; inspect in context
item,long_undertop,long underwear top,803,13,dda,direct,direct,direct,physical/other; inspect in context
item,wrapper_bar,wrapper,529,13,dda,looks_like,looks_like,looks_like,physical/other; inspect in context
furniture,f_floor_lamp,standing lamp,341,13,dda,direct,direct,direct,physical/other; inspect in context
item,pale_ale,American pale ale,170,13,dda,direct,direct,direct,physical/other; inspect in context
item,aspirin,aspirin,1473,12,dda,direct,direct,direct,physical/other; inspect in context
terrain,t_shrub_hobblebush,hobblebush,1202,12,dda,looks_like,looks_like,looks_like,physical/other; inspect in context
terrain,t_shrub_raspberry,raspberry bush,878,12,dda,direct,direct,direct,physical/other; inspect in context
item,corpse,corpse,768,12,dda,direct,direct,direct,physical/other; inspect in context
item,dry_lentils,dried lentils,680,12,dda,direct,direct,direct,physical/other; inspect in context
item,novel_pulp,pulp novel,505,12,dda,direct,direct,direct,physical/other; inspect in context
item,novel_fantasy,fantasy novel,416,12,dda,direct,direct,direct,physical/other; inspect in context
terrain,t_shrub_hydrangea,hydrangea bush,400,12,dda,direct,direct,direct,physical/other; inspect in context
item,bottle_plastic_pill_painkiller,plastic painkiller bottle,268,12,dda,direct,direct,direct,physical/other; inspect in context
item,cardboard_roll,cardboard roll,241,12,dda,direct,direct,direct,physical/other; inspect in context
item,cooking_oil,vegetable cooking oil,123,12,dda,direct,direct,direct,physical/other; inspect in context
terrain,t_water_sh,shallow water,17476,11,dda,direct,direct,direct,physical/other; inspect in context
item,splinter,splintered wood,9740,11,dda,direct,direct,direct,physical/other; inspect in context
item,detergent,detergent powder,8937,11,dda,direct,direct,direct,physical/other; inspect in context
furniture,f_boulder_small,small boulder,4294,11,dda,direct,direct,direct,physical/other; inspect in context
terrain,t_wall_wood,wooden wall,1675,11,dda,direct,direct,direct,physical/other; inspect in context
item,wheel,wheel,1209,11,dda,direct,direct,direct,physical/other; inspect in context
vehicle,wheel,,1122,11,dda,direct,direct,direct,physical/other; inspect in context
item,coin_penny,penny,1106,11,dda,direct,direct,direct,physical/other; inspect in context
terrain,t_shrub_rose,rose bush,929,11,dda,direct,direct,direct,physical/other; inspect in context
item,longshirt,long-sleeved shirt,673,11,dda,direct,direct,direct,physical/other; inspect in context
item,novel_mystery,mystery novel,522,11,dda,direct,direct,direct,physical/other; inspect in context
furniture,f_rack_wood,wooden rack,444,11,dda,direct,direct,direct,physical/other; inspect in context
item,novel_crime,crime novel,422,11,dda,direct,direct,direct,physical/other; inspect in context
item,novel_spy,spy novel,335,11,dda,direct,direct,direct,physical/other; inspect in context
item,milk_powder,powdered milk,193,11,dda,direct,direct,direct,physical/other; inspect in context
item,stanag30,STANAG 30-round magazine,71,11,dda,direct,direct,direct,physical/other; inspect in context
item,box_snack,snack cardboard box,1721,10,dda,direct,direct,direct,physical/other; inspect in context
item,stick,stick,1662,10,dda,direct,direct,direct,physical/other; inspect in context
vehicle,wheel_mount_medium_steerable,medium wheel hub assembly (steerable),759,10,dda,direct,direct,direct,physical/other; inspect in context
terrain,t_shrub_chokeberry,black chokeberry bush,591,10,dda,looks_like,looks_like,looks_like,physical/other; inspect in context
item,jeans,jeans,463,10,dda,direct,direct,direct,physical/other; inspect in context
item,pants,pants,437,10,dda,direct,direct,direct,physical/other; inspect in context
item,tea_bag,black tea bag,402,10,dda,direct,direct,direct,physical/other; inspect in context
item,medical_gauze,medical gauze,398,10,dda,direct,direct,direct,physical/other; inspect in context
item,novel_horror,horror novel,385,10,dda,direct,direct,direct,physical/other; inspect in context
item,novel_swash,swashbuckling novel,384,10,dda,direct,direct,direct,physical/other; inspect in context
item,novel_adventure,adventure novel,317,10,dda,direct,direct,direct,physical/other; inspect in context
furniture,f_entertainment_center,entertainment center,260,10,dda,direct,direct,direct,physical/other; inspect in context
item,rootbeer,root beer,155,10,dda,direct,direct,direct,physical/other; inspect in context
item,stout,stout,109,10,dda,direct,direct,direct,physical/other; inspect in context
terrain,t_reinforced_glass_shutter_open,reinforced glass with open shutters,39,10,dda,direct,direct,direct,physical/other; inspect in context
item,black_pen,black pen,6063,9,dda,direct,direct,direct,physical/other; inspect in context
item,pen,pen,5936,9,dda,direct,direct,direct,physical/other; inspect in context
terrain,t_tree_alder,alder tree,3281,9,dda,direct,direct,direct,physical/other; inspect in context
terrain,t_puddle,recess,3114,9,dda,looks_like,looks_like,looks_like,physical/other; inspect in context
terrain,t_tree_sassafras,sassafras tree,3035,9,dda,looks_like,looks_like,looks_like,physical/other; inspect in context
item,scrap,scrap metal,2002,9,dda,direct,direct,direct,physical/other; inspect in context
item,cig,cigarette,1551,9,dda,direct,direct,direct,physical/other; inspect in context
item,seatbelt,seat belt,1393,9,dda,direct,direct,direct,physical/other; inspect in context
vehicle,seatbelt,,1331,9,dda,direct,direct,direct,physical/other; inspect in context
item,garlic,garlic bulb,1096,9,dda,direct,direct,direct,physical/other; inspect in context
terrain,t_dirtfloor,dirt floor,990,9,dda,direct,direct,direct,physical/other; inspect in context
furniture,f_cupboard,cupboard,835,9,dda,direct,direct,direct,physical/other; inspect in context
item,long_underpants,long underwear bottom,722,9,dda,direct,direct,direct,physical/other; inspect in context
item,water,water,602,9,dda,direct,direct,direct,physical/other; inspect in context
furniture,f_trashcan,trash can,500,9,dda,direct,direct,direct,physical/other; inspect in context
item,novel_coa,coming of age novel,457,9,dda,direct,direct,direct,physical/other; inspect in context
item,macaroni_raw,raw macaroni,441,9,dda,direct,direct,direct,physical/other; inspect in context
item,spool_small,small spool,352,9,dda,direct,direct,direct,physical/other; inspect in context
item,novel_scifi,scifi novel,294,9,dda,direct,direct,direct,physical/other; inspect in context
furniture,f_bathtub,bathtub,270,9,dda,direct,direct,direct,physical/other; inspect in context
item,drink_hard_seltzer,hard seltzer,159,9,dda,direct,direct,direct,physical/other; inspect in context
furniture,f_bluebell,bluebell,140,9,dda,direct,direct,direct,physical/other; inspect in context
vehicle,stowboard,stow board,32,9,dda,direct,direct,direct,physical/other; inspect in context
item,insecticide,insecticide powder,18,9,dda,direct,direct,direct,physical/other; inspect in context
item,rock,rock,8541,8,dda,direct,direct,direct,physical/other; inspect in context
terrain,t_tree_willow,willow tree,3750,8,dda,direct,direct,direct,physical/other; inspect in context
item,cinnamon,cinnamon,3555,8,dda,direct,direct,direct,physical/other; inspect in context
item,bag_plastic,plastic bag,3186,8,dda,direct,direct,direct,physical/other; inspect in context
terrain,t_tree_hazelnut,hazelnut tree,2065,8,dda,direct,direct,direct,physical/other; inspect in context
item,can_food,small tin can,1765,8,dda,direct,direct,direct,physical/other; inspect in context
item,news_regional,Rural Digest-Examiner,1258,8,dda,direct,direct,direct,physical/other; inspect in context
item,medium_battery_cell,medium battery,1182,8,dda,direct,direct,direct,physical/other; inspect in context
item,antibiotics,antibiotics,1097,8,dda,direct,direct,direct,physical/other; inspect in context
vehicle,door,door,1089,8,dda,direct,direct,direct,physical/other; inspect in context
vehicle,wheel_mount_medium,,867,8,dda,direct,direct,direct,physical/other; inspect in context
furniture,f_sink,sink,838,8,dda,direct,direct,direct,physical/other; inspect in context
item,tshirt,t-shirt,835,8,dda,direct,direct,direct,physical/other; inspect in context
furniture,f_bookcase,bookcase,782,8,dda,direct,direct,direct,physical/other; inspect in context
item,2x4,plank,717,8,dda,direct,direct,direct,physical/other; inspect in context
item,outfit_storage,set of clothes,679,8,dda,direct,direct,direct,physical/other; inspect in context
item,sweatshirt,sweatshirt,499,8,dda,direct,direct,direct,physical/other; inspect in context
item,223_casing,.223 casing,484,8,dda,direct,direct,direct,physical/other; inspect in context
item,novel_war,war novel,440,8,dda,direct,direct,direct,physical/other; inspect in context
item,bottle_twoliter,large plastic bottle,419,8,dda,direct,direct,direct,physical/other; inspect in context
item,handflare,flare,378,8,dda,direct,direct,direct,physical/other; inspect in context
item,flare_nitrate,flare pyrotechnic,378,8,dda,direct,direct,direct,physical/other; inspect in context
item,tea_bag_chamomile,chamomile tea bag,357,8,dda,direct,direct,direct,physical/other; inspect in context
furniture,f_indoor_plant_y,yellow indoor plant,351,8,dda,direct,direct,direct,physical/other; inspect in context
item,polo_shirt,polo shirt,309,8,dda,direct,direct,direct,physical/other; inspect in context
item,panties,panties,302,8,dda,direct,direct,direct,physical/other; inspect in context
item,chem_hexamine,hexamine wax,283,8,dda,direct,direct,direct,physical/other; inspect in context
item,soysauce,soy sauce,185,8,dda,direct,direct,direct,physical/other; inspect in context
item,faewild,faewild dust,68,8,xedra_evolved,direct,direct,direct,physical/other; inspect in context
item,shoulder_strap,adjustable sling,29,8,dda,direct,direct,direct,physical/other; inspect in context
item,soup_instant_chicken_noodle_powder,instant chicken noodle soup powder,26,8,dda,direct,direct,direct,physical/other; inspect in context
item,vegan_gravy_mix,instant vegan gravy mix,24,8,dda,looks_like,looks_like,looks_like,physical/other; inspect in context
item,mp5mag,MP5 30-round magazine,11,8,dda,direct,direct,direct,physical/other; inspect in context
furniture,f_rubble_rock,pile of rocky rubble,2525,7,dda,direct,direct,direct,physical/other; inspect in context
terrain,t_tree_basswood,basswood tree,2208,7,dda,looks_like,looks_like,looks_like,physical/other; inspect in context
terrain,t_tree_deadpine,dead pine tree,2055,7,dda,direct,direct,direct,physical/other; inspect in context
item,seat,bucket seat,1093,7,dda,direct,direct,direct,physical/other; inspect in context
terrain,t_door_c,closed wood door,814,7,dda,direct,direct,direct,physical/other; inspect in context
furniture,f_flower_spurge,spurge flower,812,7,dda,direct,direct,direct,physical/other; inspect in context
item,bottle_plastic_pill_prescription,plastic prescription bottle,608,7,dda,direct,direct,direct,physical/other; inspect in context
item,dress_shirt,pocket shirt,507,7,dda,direct,direct,direct,physical/other; inspect in context
item,processor,processor board,446,7,dda,direct,direct,direct,physical/other; inspect in context
terrain,t_shrub_lilac,lilac bush,421,7,dda,direct,direct,direct,physical/other; inspect in context
item,plastic_chunk,plastic chunk,420,7,dda,direct,direct,direct,physical/other; inspect in context
item,novel_crime2,crime novel,404,7,dda,direct,direct,direct,physical/other; inspect in context
item,duct_tape,duct tape,311,7,dda,direct,direct,direct,physical/other; inspect in context
item,novel_romance,romance novel,301,7,dda,direct,direct,direct,physical/other; inspect in context
item,bottle_glass_seasoning,glass seasoning bottle,267,7,dda,direct,direct,direct,physical/other; inspect in context
item,halter_top,halter top,256,7,dda,direct,direct,direct,physical/other; inspect in context
item,cigar,cigar,182,7,dda,direct,direct,direct,physical/other; inspect in context
item,gloves_medical,medical gloves (pair),173,7,dda,direct,direct,direct,physical/other; inspect in context
item,towel,towel,164,7,dda,direct,direct,direct,physical/other; inspect in context
item,pepto,heartburn medicine,121,7,dda,direct,direct,direct,physical/other; inspect in context
item,30gal_drum,steel drum (100 L),25,7,dda,direct,direct,direct,physical/other; inspect in context
vehicle,afs_small_roof_external_tank,roof-mounted tank (100 L),7,7,dda,direct,direct,direct,physical/other; inspect in context
item,light_battery_cell,light battery (disposable),3981,6,dda,direct,direct,direct,physical/other; inspect in context
item,noodles_fast,fast noodles,1809,6,dda,direct,direct,direct,physical/other; inspect in context
item,bag_zipper,zipper bag,1481,6,dda,direct,direct,direct,physical/other; inspect in context
furniture,f_chamomile,chamomile,853,6,dda,direct,direct,direct,physical/other; inspect in context
item,car_headlight,car headlight,734,6,dda,direct,direct,direct,physical/other; inspect in context
vehicle,headlight,,732,6,dda,direct,direct,direct,physical/other; inspect in context
item,pipe,pipe,596,6,dda,direct,direct,direct,physical/other; inspect in context
vehicle,trunk,trunk,543,6,dda,direct,direct,direct,physical/other; inspect in context
item,toilet_paper,toilet paper,532,6,dda,direct,direct,direct,physical/other; inspect in context
furniture,f_toilet,toilet,518,6,dda,direct,direct,direct,physical/other; inspect in context
item,metal_tank,metal tank (60 L),450,6,dda,direct,direct,direct,physical/other; inspect in context
vehicle,tank,vehicle tank (60 L),437,6,dda,direct,direct,direct,physical/other; inspect in context
furniture,f_fireweed,fireweed,418,6,dda,looks_like,looks_like,looks_like,physical/other; inspect in context
item,novel_war2,war novel,379,6,dda,direct,direct,direct,physical/other; inspect in context
item,shorts_cargo,cargo shorts,365,6,dda,direct,direct,direct,physical/other; inspect in context
item,sponge,sponge,365,6,dda,direct,direct,direct,physical/other; inspect in context
item,novel_satire,satire novel,353,6,dda,direct,direct,direct,physical/other; inspect in context
item,battery_car,car battery,352,6,dda,direct,direct,direct,physical/other; inspect in context
vehicle,battery_car,,344,6,dda,direct,direct,direct,physical/other; inspect in context
item,bowl_plastic,plastic tupperware,317,6,dda,direct,direct,direct,physical/other; inspect in context
item,soap,soap bar,310,6,dda,direct,direct,direct,physical/other; inspect in context
item,jar_3l_glass_sealed,3 L glass jar,305,6,dda,direct,direct,direct,physical/other; inspect in context
item,can_pineapple,canned pineapple,276,6,dda,direct,direct,direct,physical/other; inspect in context
item,onion,onion,213,6,dda,direct,direct,direct,physical/other; inspect in context
item,storage_battery,large storage battery,194,6,dda,direct,direct,direct,physical/other; inspect in context
vehicle,storage_battery,,177,6,dda,direct,direct,direct,physical/other; inspect in context
item,mc_steel_chunk,chunk of medium steel,114,6,dda,direct,direct,direct,physical/other; inspect in context
item,crispycran,crispy cranberry,102,6,dda,direct,direct,direct,physical/other; inspect in context
item,e_scrap,electronic scrap,91,6,dda,direct,direct,direct,physical/other; inspect in context
item,saline,saline solution,64,6,dda,direct,direct,direct,physical/other; inspect in context
furniture,f_planter_harvest,planter with harvestable plant,53,6,dda,direct,direct,direct,physical/other; inspect in context
item,power_supply,power converter,31,6,dda,direct,direct,direct,physical/other; inspect in context
item,soup_instant_vegetable_powder,instant spring vegetable soup powder,22,6,dda,looks_like,looks_like,looks_like,physical/other; inspect in context
terrain,t_fungus,fungal bed,4598,5,dda,direct,direct,direct,physical/other; inspect in context
terrain,t_tree_chestnut,chestnut tree,2197,5,dda,direct,direct,direct,physical/other; inspect in context
item,book_binder,book binder,1760,5,dda,direct,direct,direct,physical/other; inspect in context
item,match,match,1714,5,dda,direct,direct,direct,physical/other; inspect in context
item,money_one,one-dollar bill,1367,5,dda,direct,direct,direct,physical/other; inspect in context
item,light_minus_disposable_cell,ultra-light battery (disposable),1080,5,dda,direct,direct,direct,physical/other; inspect in context
item,battery_charger,battery charger,953,5,dda,direct,direct,direct,physical/other; inspect in context
terrain,t_shrub_huckleberry,huckleberry bush,873,5,dda,direct,direct,direct,physical/other; inspect in context
vehicle,seat,,848,5,dda,direct,direct,direct,physical/other; inspect in context
item,tramadol,tramadol,660,5,dda,direct,direct,direct,physical/other; inspect in context
item,weeks_old_newspaper,newspaper page,613,5,dda,direct,direct,direct,physical/other; inspect in context
item,boxer_shorts,boxer shorts,483,5,dda,direct,direct,direct,physical/other; inspect in context
item,vehicle_controls,vehicle controls,456,5,dda,direct,direct,direct,physical/other; inspect in context
vehicle,controls,,456,5,dda,direct,direct,direct,physical/other; inspect in context
item,vehicle_dashboard,dashboard,432,5,dda,direct,direct,direct,physical/other; inspect in context
item,hoodie,hoodie,427,5,dda,direct,direct,direct,physical/other; inspect in context
item,stereo,stereo system,416,5,dda,direct,direct,direct,physical/other; inspect in context
item,muffler,muffler,394,5,dda,direct,direct,direct,physical/other; inspect in context
vehicle,muffler,,387,5,dda,direct,direct,direct,physical/other; inspect in context
item,novel_thriller,thriller novel,367,5,dda,direct,direct,direct,physical/other; inspect in context
item,gasoline,gasoline,356,5,dda,direct,direct,direct,physical/other; inspect in context
furniture,f_black_eyed_susan,black eyed Susan,314,5,dda,direct,direct,direct,physical/other; inspect in context
furniture,f_flower_tulip,tulip,310,5,dda,direct,direct,direct,physical/other; inspect in context
item,shorts,shorts,276,5,dda,direct,direct,direct,physical/other; inspect in context
item,skirt,skirt,265,5,dda,direct,direct,direct,physical/other; inspect in context
item,thermal_shirt,thermal shirt,222,5,dda,direct,direct,direct,physical/other; inspect in context
item,shorts_denim,jorts,210,5,dda,direct,direct,direct,physical/other; inspect in context
item,pants_leather,leather pants,170,5,dda,direct,direct,direct,physical/other; inspect in context
item,novel_coa2,Pantheon: The Story of an Iranian Youth,168,5,dda,direct,direct,direct,physical/other; inspect in context
item,lemonlime,lemon-lime soda,140,5,dda,direct,direct,direct,physical/other; inspect in context
item,can_food_big,large tin can,130,5,dda,direct,direct,direct,physical/other; inspect in context
item,european_pilsner,European pilsner,130,5,dda,direct,direct,direct,physical/other; inspect in context
item,vinegar,vinegar,102,5,dda,direct,direct,direct,physical/other; inspect in context
item,iodine,potassium iodide tablet,98,5,dda,direct,direct,direct,physical/other; inspect in context
item,six_bottle_box,six-bottle box,84,5,dda,looks_like,looks_like,looks_like,physical/other; inspect in context
item,bottle_folding,foldable plastic bottle,62,5,dda,direct,direct,direct,physical/other; inspect in context
item,9mmfmj,9x19mm FMJ,45,5,dda,direct,direct,direct,physical/other; inspect in context
furniture,f_statue,statue,44,5,dda,direct,direct,direct,physical/other; inspect in context
item,pickle,pickle,42,5,dda,direct,direct,direct,physical/other; inspect in context
item,imperial_stout,imperial stout,31,5,dda,direct,direct,direct,physical/other; inspect in context
item,556_mk318,5.56x45mm NATO Mk318,13,5,dda,direct,direct,direct,physical/other; inspect in context
item,glock17_17,Glock 9x19mm 17-round magazine,13,5,dda,direct,direct,direct,physical/other; inspect in context
item,223,.223 Remington,11,5,dda,direct,direct,direct,physical/other; inspect in context
terrain,t_rdoor_boarded,boarded up reinforced door,8,5,dda,direct,direct,direct,physical/other; inspect in context
item,blue_pen,blue pen,5893,4,dda,direct,direct,direct,physical/other; inspect in context
item,blue_pen_ink,blue pen ink,5876,4,dda,direct,direct,direct,physical/other; inspect in context
item,cocoa_powder,cocoa powder,4600,4,dda,direct,direct,direct,physical/other; inspect in context
item,file,file,1500,4,dda,direct,direct,direct,physical/other; inspect in context
item,paper,paper,1488,4,dda,direct,direct,direct,physical/other; inspect in context
item,cotton_patchwork,cotton patch,1351,4,dda,direct,direct,direct,physical/other; inspect in context
item,bag_zipper_gallon,gallon-sized zipper bag,1265,4,dda,looks_like,looks_like,looks_like,physical/other; inspect in context
item,newest_newspaper,newspaper page,921,4,dda,direct,direct,direct,physical/other; inspect in context
item,9mm_casing,9x19mm casing,675,4,dda,direct,direct,direct,physical/other; inspect in context
item,flashlight,flashlight (off),619,4,dda,direct,direct,direct,physical/other; inspect in context
item,shrink_wrap,shrink wrapping,579,4,dda,looks_like,looks_like,looks_like,physical/other; inspect in context
item,tank_top,tank top,538,4,dda,direct,direct,direct,physical/other; inspect in context
vehicle,aisle,aisle,538,4,dda,direct,direct,direct,physical/other; inspect in context
furniture,f_dresser,dresser,535,4,dda,direct,direct,direct,physical/other; inspect in context
item,brush,scrub brush,471,4,dda,direct,direct,direct,physical/other; inspect in context
vehicle,dashboard,,431,4,dda,direct,direct,direct,physical/other; inspect in context
item,spoon,spoon,428,4,dda,direct,direct,direct,physical/other; inspect in context
terrain,t_shrub_grape,grape bush,422,4,dda,direct,direct,direct,physical/other; inspect in context
item,bottle_opener,bottle opener,401,4,dda,direct,direct,direct,physical/other; inspect in context
vehicle,integrated_heater_small,small integrated heater,395,4,dda,looks_like,looks_like,looks_like,physical/other; inspect in context
item,horn_car,car horn,390,4,dda,direct,direct,direct,physical/other; inspect in context
vehicle,horn_car,,390,4,dda,direct,direct,direct,physical/other; inspect in context
item,wheel_wide,wide wheel,389,4,dda,direct,direct,direct,physical/other; inspect in context
furniture,f_lily,lily,389,4,dda,direct,direct,direct,physical/other; inspect in context
item,knife_butter,butter knife,379,4,dda,direct,direct,direct,physical/other; inspect in context
item,pants_cargo,cargo pants,369,4,dda,direct,direct,direct,physical/other; inspect in context
vehicle,stereo,,368,4,dda,direct,direct,direct,physical/other; inspect in context
vehicle,wheel_wide,,357,4,dda,direct,direct,direct,physical/other; inspect in context
item,pillowcase,pillowcase,343,4,dda,direct,direct,direct,physical/other; inspect in context
item,blister_pack_small,drug blister pack,341,4,dda,direct,direct,direct,physical/other; inspect in context
furniture,f_street_light,street light,334,4,dda,direct,direct,direct,physical/other; inspect in context
item,b_shorts,basketball shorts,309,4,dda,direct,direct,direct,physical/other; inspect in context
item,novel_western,western novel,293,4,dda,direct,direct,direct,physical/other; inspect in context
item,camisole,camisole,280,4,dda,direct,direct,direct,physical/other; inspect in context
furniture,f_fridge,refrigerator,263,4,dda,direct,direct,direct,physical/other; inspect in context
item,novel_buddy,buddy novel,260,4,dda,direct,direct,direct,physical/other; inspect in context
furniture,f_wardrobe,wardrobe,258,4,dda,direct,direct,direct,physical/other; inspect in context
furniture,f_sunflower,sunflower,252,4,dda,direct,direct,direct,physical/other; inspect in context
item,plastic_fork,plastic fork,251,4,dda,direct,direct,direct,physical/other; inspect in context
item,bleach,bleach,248,4,dda,direct,direct,direct,physical/other; inspect in context
item,plastic_knife,plastic knife,233,4,dda,direct,direct,direct,physical/other; inspect in context
item,oxy_powder,oxidizer powder,227,4,dda,direct,direct,direct,physical/other; inspect in context
item,carton_egg_6,small egg carton,214,4,dda,looks_like,looks_like,looks_like,physical/other; inspect in context
item,novel_road,road novel,210,4,dda,direct,direct,direct,physical/other; inspect in context
item,protein_powder,protein powder,198,4,dda,direct,direct,direct,physical/other; inspect in context
item,pipe_cpvc,PVC pipe,189,4,dda,looks_like,looks_like,looks_like,physical/other; inspect in context
item,weldtank,welding tank,180,4,dda,direct,direct,direct,physical/other; inspect in context
item,novel_tragedy,tragedy novel,166,4,dda,direct,direct,direct,physical/other; inspect in context
item,turtleneck_shirt,turtleneck shirt,150,4,dda,direct,direct,direct,physical/other; inspect in context
terrain,t_water_pool_shallow_outdoors,shallow pool water,146,4,dda,direct,direct,direct,physical/other; inspect in context
item,barbecue_sauce,barbecue sauce,124,4,dda,direct,direct,direct,physical/other; inspect in context
item,dayquil,non-drowsy cough syrup,123,4,dda,direct,direct,direct,physical/other; inspect in context
item,mc_steel_lump,lump of medium steel,109,4,dda,direct,direct,direct,physical/other; inspect in context
item,philosophy_book,book of philosophy,97,4,dda,direct,direct,direct,physical/other; inspect in context
item,sauce_red,tomato sauce,89,4,dda,direct,direct,direct,physical/other; inspect in context
terrain,t_bamboo_long,long bamboo shoots,86,4,dda,looks_like,looks_like,looks_like,physical/other; inspect in context
item,bottle_plastic_seasoning,plastic seasoning bottle,84,4,dda,looks_like,looks_like,looks_like,physical/other; inspect in context
item,bottle_plastic_small_glue,small plastic glue bottle,82,4,dda,looks_like,looks_like,looks_like,physical/other; inspect in context
item,razor_shaving,shaving razor,82,4,dda,direct,direct,direct,physical/other; inspect in context
item,bath_toy,bath toy,69,4,dda,direct,direct,direct,physical/other; inspect in context
item,pine_nuts,Handful of pine nuts,60,4,dda,direct,direct,direct,physical/other; inspect in context
item,textbook_computer,Principles of Advanced Programming,55,4,dda,direct,direct,direct,physical/other; inspect in context
item,moisturizer,moisturizer,54,4,dda,direct,direct,direct,physical/other; inspect in context
item,powder_candy,powder candy sticks,52,4,dda,direct,direct,direct,physical/other; inspect in context
furniture,f_displaycase_b,broken display case,51,4,dda,direct,direct,direct,physical/other; inspect in context
terrain,t_reinforced_glass_shutter,reinforced glass with closed shutters,43,4,dda,direct,direct,direct,physical/other; inspect in context
item,messed_up_spells_lorebook,Magical Mishaps: When Spells Go Wrong,39,4,magiclysm,looks_like,looks_like,looks_like,physical/other; inspect in context
item,22_lr,.22 LR,37,4,dda,direct,direct,direct,physical/other; inspect in context
item,manual_computer,Computer Science 101,35,4,dda,looks_like,looks_like,looks_like,physical/other; inspect in context
item,jug_plastic_glue,gallon glue jug,18,4,dda,looks_like,looks_like,looks_like,physical/other; inspect in context
item,762_51,7.62x51mm NATO M80,13,4,dda,direct,direct,direct,physical/other; inspect in context
item,sr22_mag,.22 plinking handgun magazine,7,4,dda,looks_like,looks_like,looks_like,physical/other; inspect in context
item,ump9mag,UMP-9 30-round magazine,4,4,dda,looks_like,looks_like,looks_like,physical/other; inspect in context
item,candle_wax,candle wax,3222,3,dda,direct,direct,direct,physical/other; inspect in context
item,matches,matchbook,1733,3,dda,direct,direct,direct,physical/other; inspect in context
furniture,f_boulder_medium,medium boulder,1701,3,dda,direct,direct,direct,physical/other; inspect in context
terrain,t_tree_juniper,juniper tree,1544,3,dda,direct,direct,direct,physical/other; inspect in context
furniture,f_lotus,lotus,1540,3,dda,direct,direct,direct,physical/other; inspect in context
item,plastic_shopping_bag,plastic shopping bag,1386,3,dda,direct,direct,direct,physical/other; inspect in context
furniture,f_utility_shelf,utility shelf,1305,3,dda,direct,direct,direct,physical/other; inspect in context
item,mre_bag_small,small MRE bag,1248,3,dda,direct,direct,direct,physical/other; inspect in context
furniture,f_dandelion,dandelion,1217,3,dda,direct,direct,direct,physical/other; inspect in context
item,money_twenty,twenty-dollar bill,1173,3,dda,direct,direct,direct,physical/other; inspect in context
item,antiparasitic,antiparasitic drug,1140,3,dda,direct,direct,direct,physical/other; inspect in context
item,laptop,laptop computer,842,3,dda,direct,direct,direct,physical/other; inspect in context
item,22_casing,.22 LR casing,666,3,dda,direct,direct,direct,physical/other; inspect in context
item,bottle_plastic_355ml,small plastic bottle,632,3,dda,looks_like,looks_like,looks_like,physical/other; inspect in context
item,scissors,office scissors,630,3,dda,direct,direct,direct,physical/other; inspect in context
item,stapler,stapler,620,3,dda,direct,direct,direct,physical/other; inspect in context
item,candle,candle,566,3,dda,direct,direct,direct,physical/other; inspect in context
furniture,f_dahlia,dahlia,435,3,dda,direct,direct,direct,physical/other; inspect in context
item,ash,wood ashes,432,3,dda,direct,direct,direct,physical/other; inspect in context
vehicle,vehicle_alarm,security system,406,3,dda,direct,direct,direct,physical/other; inspect in context
item,fork,fork,373,3,dda,direct,direct,direct,physical/other; inspect in context
item,smart_phone_locked,smartphone (locked),356,3,dda,looks_like,looks_like,looks_like,physical/other; inspect in context
item,briefs,briefs,354,3,dda,direct,direct,direct,physical/other; inspect in context
item,corkscrew,corkscrew,352,3,dda,direct,direct,direct,physical/other; inspect in context
item,under_armor,compression top,346,3,dda,direct,direct,direct,physical/other; inspect in context
item,jersey,sports jersey,298,3,dda,direct,direct,direct,physical/other; inspect in context
item,leather_belt,leather belt,291,3,dda,direct,direct,direct,physical/other; inspect in context
item,boxer_briefs,boxer briefs,271,3,dda,direct,direct,direct,physical/other; inspect in context
furniture,f_shower,shower,261,3,dda,direct,direct,direct,physical/other; inspect in context
item,chopsticks,chopsticks (pair),213,3,dda,direct,direct,direct,physical/other; inspect in context
item,integrated_cooler,small integrated cooler,200,3,dda,looks_like,looks_like,looks_like,physical/other; inspect in context
vehicle,integrated_cooler,,200,3,dda,looks_like,looks_like,looks_like,physical/other; inspect in context
item,plastic_spoon,plastic spoon,199,3,dda,direct,direct,direct,physical/other; inspect in context
item,leggings,leggings,197,3,dda,direct,direct,direct,physical/other; inspect in context
item,toothbrush_plain,toothbrush,176,3,dda,direct,direct,direct,physical/other; inspect in context
item,inhaler,inhaler,175,3,dda,direct,direct,direct,physical/other; inspect in context
item,fitover_sunglasses,fit-over sunglasses,170,3,dda,direct,direct,direct,physical/other; inspect in context
item,bottle_plastic_pill_supplement,plastic supplement bottle,168,3,dda,direct,direct,direct,physical/other; inspect in context
item,turtleneck,turtleneck,167,3,dda,direct,direct,direct,physical/other; inspect in context
item,albuterol,albuterol,166,3,dda,direct,direct,direct,physical/other; inspect in context
item,pan,cast-iron frying pan,162,3,dda,direct,direct,direct,physical/other; inspect in context
item,chunk_rubber,chunk of rubber,161,3,dda,direct,direct,direct,physical/other; inspect in context
item,child_book,children's book,141,3,dda,direct,direct,direct,physical/other; inspect in context
item,alternator_truck,truck alternator,136,3,dda,direct,direct,direct,physical/other; inspect in context
vehicle,alternator_truck,,135,3,dda,direct,direct,direct,physical/other; inspect in context
item,thread,thread,133,3,dda,direct,direct,direct,physical/other; inspect in context
furniture,f_bigmirror,standing mirror,128,3,dda,direct,direct,direct,physical/other; inspect in context
item,mirror,hand mirror,125,3,dda,direct,direct,direct,physical/other; inspect in context
item,jerrycan_big,steel jerrycan,124,3,dda,direct,direct,direct,physical/other; inspect in context
item,bag_canvas,canvas sack,92,3,dda,direct,direct,direct,physical/other; inspect in context
item,novel_erotic,erotic novel,82,3,dda,direct,direct,direct,physical/other; inspect in context
item,1st_aid_box,first aid kit box,66,3,dda,direct,direct,direct,physical/other; inspect in context
item,glasses_reading,reading glasses,65,3,dda,direct,direct,direct,physical/other; inspect in context
item,horseradish,horseradish,63,3,dda,direct,direct,direct,physical/other; inspect in context
item,neccowafers,Necco wafers,60,3,dda,direct,direct,direct,physical/other; inspect in context
item,medium_propane_tank,medium propane tank,58,3,dda,direct,direct,direct,physical/other; inspect in context
item,book_fict_hard_ya_btwo,Betrayal Takes Two,57,3,dda,direct,direct,direct,physical/other; inspect in context
item,scrap_dreamdross,scrap dreamdross,52,3,xedra_evolved,direct,direct,direct,physical/other; inspect in context
furniture,f_fireplace,fireplace,51,3,dda,direct,direct,direct,physical/other; inspect in context
item,textbook_survival,Outdoor Survival Guide,47,3,dda,direct,direct,direct,physical/other; inspect in context
item,makeup_kit,makeup kit,46,3,dda,direct,direct,direct,physical/other; inspect in context
item,cookbook_useless,The Generic Cookbook,41,3,dda,looks_like,looks_like,looks_like,physical/other; inspect in context
item,amplifier,amplifier circuit,40,3,dda,direct,direct,direct,physical/other; inspect in context
item,manual_meditation_int,Secrets of the Zen Masters,26,3,mindovermatter,looks_like,looks_like,looks_like,physical/other; inspect in context
item,holy_symbol,holy symbol,22,3,dda,direct,direct,direct,physical/other; inspect in context
item,mag_shotgun,Trap and Field,15,3,dda,direct,direct,direct,physical/other; inspect in context
item,book_nonf_hard_business_strategy,business strategy book,14,3,dda,looks_like,looks_like,looks_like,physical/other; inspect in context
item,40sw,.40 S&W JHP,12,3,dda,direct,direct,direct,physical/other; inspect in context
item,baking_book,The Baker's Companion,11,3,dda,direct,direct,direct,physical/other; inspect in context
item,belt308,7.62x51mm ammo belt,7,3,dda,direct,direct,direct,physical/other; inspect in context
item,spider_sample,spider sample,6,3,dda,direct,direct,direct,physical/other; inspect in context
item,btmp9mag_9x19mm_30,APC9 30-round magazine,4,3,dda,direct,direct,direct,physical/other; inspect in context
item,stick_long,long stick,4865,2,dda,direct,direct,direct,physical/other; inspect in context
item,cheese,cheese,2014,2,dda,direct,direct,direct,physical/other; inspect in context
item,withered,withered plant,1792,2,dda,direct,direct,direct,physical/other; inspect in context
item,flyer,flyer,1156,2,dda,direct,direct,direct,physical/other; inspect in context
item,rubber_tire_chunk,thick rubber chunk,1051,2,dda,direct,direct,direct,physical/other; inspect in context
item,fp_loyalty_card,Foodplace loyalty card,862,2,dda,direct,direct,direct,physical/other; inspect in context
item,string_36,long string,761,2,dda,direct,direct,direct,physical/other; inspect in context
terrain,t_door_metal_locked,closed metal door,677,2,dda,direct,direct,direct,physical/other; inspect in context
item,heavy_battery_cell,small tool battery,667,2,dda,direct,direct,direct,physical/other; inspect in context
item,ifak_pouch,IFAK pouch,660,2,dda,direct,direct,direct,physical/other; inspect in context
terrain,t_tree_elderberry,elderberry tree,452,2,dda,direct,direct,direct,physical/other; inspect in context
item,coin_quarter,quarter,421,2,dda,direct,direct,direct,physical/other; inspect in context
item,months_old_newspaper,newspaper page,419,2,dda,direct,direct,direct,physical/other; inspect in context
item,sweater,sweater,409,2,dda,direct,direct,direct,physical/other; inspect in context
item,extinguishing_agent,extinguishing agent,384,2,dda,direct,direct,direct,physical/other; inspect in context
item,under_armor_shorts,compression shorts,381,2,dda,direct,direct,direct,physical/other; inspect in context
item,mag_news,TIME magazine,367,2,dda,direct,direct,direct,physical/other; inspect in context
furniture,f_burdock,burdock,345,2,dda,direct,direct,direct,physical/other; inspect in context
item,mag_deduction_tabloid,The Noon,332,2,xedra_evolved,direct,direct,direct,physical/other; inspect in context
item,styrofoam_cup,styrofoam cup,311,2,dda,direct,direct,direct,physical/other; inspect in context
item,pliers,pliers,307,2,dda,direct,direct,direct,physical/other; inspect in context
vehicle,seat_back,,297,2,dda,direct,direct,direct,physical/other; inspect in context
item,sheet_metal_small,small mild steel sheet,296,2,dda,direct,direct,direct,physical/other; inspect in context
item,rubber_band,rubber band,295,2,dda,direct,direct,direct,physical/other; inspect in context
item,pine_bough,pine bough,278,2,dda,direct,direct,direct,physical/other; inspect in context
item,sm_extinguisher,small fire extinguisher,268,2,dda,direct,direct,direct,physical/other; inspect in context
item,quikclot,hemostatic powder,260,2,dda,direct,direct,direct,physical/other; inspect in context
furniture,f_cardboard_box,large cardboard box,248,2,dda,direct,direct,direct,physical/other; inspect in context
vehicle,reclining_seat,reclining bucket seat,245,2,dda,direct,direct,direct,physical/other; inspect in context
item,bra,bra,243,2,dda,direct,direct,direct,physical/other; inspect in context
item,dish_towel,dish towel,242,2,dda,direct,direct,direct,physical/other; inspect in context
item,cargo_rack,cargo carrier,231,2,dda,direct,direct,direct,physical/other; inspect in context
item,xacto,X-Acto knife,230,2,dda,direct,direct,direct,physical/other; inspect in context
vehicle,cargo_space,cargo space,230,2,dda,direct,direct,direct,physical/other; inspect in context
item,pillow,pillow,227,2,dda,direct,direct,direct,physical/other; inspect in context
item,alternator_car,car alternator,218,2,dda,direct,direct,direct,physical/other; inspect in context
item,box_tea,small cardboard box of tea bags,217,2,dda,direct,direct,direct,physical/other; inspect in context
furniture,f_rack_coat,coat rack,217,2,dda,direct,direct,direct,physical/other; inspect in context
item,beer,beer,211,2,dda,direct,direct,direct,physical/other; inspect in context
item,carton_egg,egg carton,206,2,dda,direct,direct,direct,physical/other; inspect in context
item,lc_steel_lump,lump of mild steel,202,2,dda,direct,direct,direct,physical/other; inspect in context
item,arm_warmers,arm warmers (pair),196,2,dda,direct,direct,direct,physical/other; inspect in context
item,rashguard,rashguard shirt,193,2,dda,looks_like,looks_like,looks_like,physical/other; inspect in context
item,hair_dye_kit,hair dye kit,190,2,dda,direct,direct,direct,physical/other; inspect in context
item,dogfood,wet dog food,180,2,dda,direct,direct,direct,physical/other; inspect in context
vehicle,trunk_sedan,sedan trunk,176,2,dda,looks_like,looks_like,looks_like,physical/other; inspect in context
item,boy_shorts,boy shorts,170,2,dda,direct,direct,direct,physical/other; inspect in context
item,bacon,bacon,162,2,dda,direct,direct,direct,physical/other; inspect in context
item,wallet,wallet,156,2,dda,direct,direct,direct,physical/other; inspect in context
item,honey_bottled,forest honey,154,2,dda,direct,direct,direct,physical/other; inspect in context
item,boots,boots (pair),148,2,dda,direct,direct,direct,physical/other; inspect in context
item,headlight_reinforced,reinforced headlight,143,2,dda,direct,direct,direct,physical/other; inspect in context
vehicle,headlight_reinforced,,142,2,dda,direct,direct,direct,physical/other; inspect in context
item,heavy_flashlight,heavy-duty flashlight (off),136,2,dda,direct,direct,direct,physical/other; inspect in context
item,ref_matches,matchbox,127,2,dda,looks_like,looks_like,looks_like,physical/other; inspect in context
item,45_casing,.45 ACP casing,124,2,dda,direct,direct,direct,physical/other; inspect in context
vehicle,aisle_lights,aisle lights,124,2,dda,direct,direct,direct,physical/other; inspect in context
item,one_year_old_newspaper,newspaper page,119,2,dda,direct,direct,direct,physical/other; inspect in context
item,string_floss,dental floss,118,2,dda,direct,direct,direct,physical/other; inspect in context
item,down_pillow,down-filled pillow,116,2,dda,direct,direct,direct,physical/other; inspect in context
terrain,t_door_locked_interior,closed wood door,111,2,dda,direct,direct,direct,physical/other; inspect in context
item,nyquil,cough syrup,108,2,dda,direct,direct,direct,physical/other; inspect in context
furniture,f_sign,sign,105,2,dda,direct,direct,direct,physical/other; inspect in context
furniture,f_gas_oven_microwave_combo,gas oven and microwave combo,101,2,dda,direct,direct,direct,physical/other; inspect in context
item,hinge,hinge,100,2,dda,direct,direct,direct,physical/other; inspect in context
item,backpack,backpack,99,2,dda,direct,direct,direct,physical/other; inspect in context
item,sleeveless_tunic,sleeveless tunic,98,2,dda,direct,direct,direct,physical/other; inspect in context
item,jeans_skinny,skinny jeans,98,2,dda,looks_like,looks_like,looks_like,physical/other; inspect in context
vehicle,wing_mirror,wing mirror,94,2,dda,direct,direct,direct,physical/other; inspect in context
item,motor_tiny,tiny electric motor,89,2,dda,direct,direct,direct,physical/other; inspect in context
item,can_chicken,canned chicken,88,2,dda,direct,direct,direct,physical/other; inspect in context
item,armguard_soft,neoprene arm sleeves (pair),87,2,dda,direct,direct,direct,physical/other; inspect in context
item,sneakers,sneakers (pair),86,2,dda,direct,direct,direct,physical/other; inspect in context
item,wheel_mount_light,light wheel mount,83,2,dda,direct,direct,direct,physical/other; inspect in context
vehicle,tank_medium,vehicle tank (20 L),82,2,dda,direct,direct,direct,physical/other; inspect in context
item,sewing_kit,sewing kit,77,2,dda,direct,direct,direct,physical/other; inspect in context
terrain,t_wood_stairs_down,wooden stairs,77,2,dda,direct,direct,direct,physical/other; inspect in context
item,soap_holder,soap dish,75,2,dda,direct,direct,direct,physical/other; inspect in context
item,duffelbag,duffel bag,73,2,dda,direct,direct,direct,physical/other; inspect in context
item,bottle_plastic_tiny_glue,tiny plastic glue bottle,71,2,dda,looks_like,looks_like,looks_like,physical/other; inspect in context
item,wizard_beginner,A Beginner's Guide to Magic,69,2,magiclysm,direct,direct,direct,physical/other; inspect in context
item,glass,drinking glass,65,2,dda,direct,direct,direct,physical/other; inspect in context
item,556,5.56x45mm NATO M855,64,2,dda,direct,direct,direct,physical/other; inspect in context
item,sunglasses_eye,corrective sunglasses,63,2,dda,direct,direct,direct,physical/other; inspect in context
item,shot_glass,shot glass,61,2,dda,direct,direct,direct,physical/other; inspect in context
item,textbook_business,Advanced Economics,58,2,dda,direct,direct,direct,physical/other; inspect in context
item,long_dress,long dress,58,2,dda,looks_like,looks_like,looks_like,physical/other; inspect in context
item,hot_sauce,hot sauce,54,2,dda,direct,direct,direct,physical/other; inspect in context
item,glass_plate,glass plate,53,2,dda,direct,direct,direct,physical/other; inspect in context
item,ceramic_bowl,ceramic bowl,50,2,dda,direct,direct,direct,physical/other; inspect in context
item,book_fict_hard_sports_semi,Semi-Rough,49,2,dda,direct,direct,direct,physical/other; inspect in context
item,textbook_firstaid,First Responder Handbook,46,2,dda,direct,direct,direct,physical/other; inspect in context
item,RAM,RAM,46,2,dda,direct,direct,direct,physical/other; inspect in context
item,advanced_electronics,Advanced Electronics,45,2,dda,direct,direct,direct,physical/other; inspect in context
item,sewing_machine,sewing machine,44,2,dda,direct,direct,direct,physical/other; inspect in context
item,booklet_firstaid,First Aid Kit Instruction Booklet,42,2,dda,direct,direct,direct,physical/other; inspect in context
item,novel_spy_comefly,Come Fly the Treacherous Skies,42,2,dda,direct,direct,direct,physical/other; inspect in context
item,suitcase_m,suitcase,39,2,dda,direct,direct,direct,physical/other; inspect in context
item,book_fict_hard_scifi_dune,Dune,38,2,dda,direct,direct,direct,physical/other; inspect in context
furniture,f_speaker_cabinet,speaker cabinet,37,2,dda,direct,direct,direct,physical/other; inspect in context
item,backpack_small,small backpack,35,2,dda,looks_like,looks_like,looks_like,physical/other; inspect in context
item,bipod,bipod,34,2,dda,direct,direct,direct,physical/other; inspect in context
item,ring_signet,signet ring,34,2,dda,direct,direct,direct,physical/other; inspect in context
item,flip_flops,flip-flops (pair),33,2,dda,direct,direct,direct,physical/other; inspect in context
item,novel_samurai,samurai novel,33,2,dda,direct,direct,direct,physical/other; inspect in context
item,mag_electronics,Ham Radio Illustrated,32,2,dda,direct,direct,direct,physical/other; inspect in context
item,tourniquet_upper,tourniquet (arm),32,2,dda,direct,direct,direct,physical/other; inspect in context
item,antenna,antenna,29,2,dda,direct,direct,direct,physical/other; inspect in context
item,45_acp,.45 ACP FMJ,28,2,dda,direct,direct,direct,physical/other; inspect in context
item,kevlar_shears,Kevlar shears,28,2,dda,direct,direct,direct,physical/other; inspect in context
item,sinew,sinew,27,2,dda,direct,direct,direct,physical/other; inspect in context
furniture,f_birdbath,birdbath,26,2,dda,direct,direct,direct,physical/other; inspect in context
item,manual_electronics,What's a Transistor?,24,2,dda,direct,direct,direct,physical/other; inspect in context
item,bottle_plastic_tiny,tiny plastic bottle,24,2,dda,looks_like,looks_like,looks_like,physical/other; inspect in context
item,nicotine_liquid,nicotine liquid,24,2,dda,direct,direct,direct,physical/other; inspect in context
item,veh_tools_kitchen,kitchen station,23,2,dda,looks_like,looks_like,looks_like,physical/other; inspect in context
vehicle,veh_tools_kitchen,,23,2,dda,looks_like,looks_like,looks_like,physical/other; inspect in context
item,awl_steel,steel sewing awl,22,2,dda,direct,direct,direct,physical/other; inspect in context
item,flask_hip,hip flask,22,2,dda,direct,direct,direct,physical/other; inspect in context
item,circuit,circuit board,22,2,dda,direct,direct,direct,physical/other; inspect in context
furniture,f_displaycase,display case,22,2,dda,direct,direct,direct,physical/other; inspect in context
item,duffelbag_gym_s,gym bag,20,2,dda,looks_like,looks_like,looks_like,physical/other; inspect in context
item,red_dot_sight,red dot sight,19,2,dda,direct,direct,direct,physical/other; inspect in context
terrain,t_wood_stairs_up,wooden stairs,19,2,dda,direct,direct,direct,physical/other; inspect in context
item,medium_storage_battery,medium storage battery,18,2,dda,direct,direct,direct,physical/other; inspect in context
furniture,f_sojourners_palm,sojourner's palm,18,2,magiclysm,direct,direct,direct,physical/other; inspect in context
item,book_nonf_soft_psych_arteatds,Using Art to Treat Eating Disorders,17,2,dda,direct,direct,direct,physical/other; inspect in context
item,roadmap,road map,17,2,dda,direct,direct,direct,physical/other; inspect in context
vehicle,medium_storage_battery,,17,2,dda,direct,direct,direct,physical/other; inspect in context
furniture,f_ash,pile of ash,15,2,dda,direct,direct,direct,physical/other; inspect in context
item,winemaking_beginner,Winemaking for Beginners,14,2,dda,direct,direct,direct,physical/other; inspect in context
item,liq_bandage_spray,spray bottle of liquid bandage,14,2,dda,direct,direct,direct,physical/other; inspect in context
item,book_fict_soft_pulp_yesmurd,Yesterday's Murdered,14,2,dda,direct,direct,direct,physical/other; inspect in context
item,book_nonf_soft_sports_vlly,Volleyball: Get Ready to Get Ready,14,2,dda,direct,direct,direct,physical/other; inspect in context
item,tacvest,tac vest,14,2,dda,direct,direct,direct,physical/other; inspect in context
item,book_nonf_hard_travelogue,travelogue,14,2,dda,looks_like,looks_like,looks_like,physical/other; inspect in context
item,book_fict_soft_west_calico,Irons at Calico Queen Annex,13,2,dda,direct,direct,direct,physical/other; inspect in context
item,radio_book,Amateur Home Radio for Enthusiasts,12,2,dda,direct,direct,direct,physical/other; inspect in context
item,book_newage_witchcraftbeg,Witchcraft for Beginners,10,2,dda,looks_like,looks_like,looks_like,physical/other; inspect in context
item,dry_lobster,dehydrated lobster,10,2,dda,looks_like,looks_like,looks_like,physical/other; inspect in context
item,wheel_motorbike_or,off-road motorbike wheel,10,2,dda,direct,direct,direct,physical/other; inspect in context
terrain,t_reinforced_door_glass_c,closed reinforced glass door,9,2,dda,direct,direct,direct,physical/other; inspect in context
item,book_newage_witchcraftadv,Advanced Witchcraft,8,2,dda,looks_like,looks_like,looks_like,physical/other; inspect in context
item,rifle_scope,rifle scope,8,2,dda,direct,direct,direct,physical/other; inspect in context
item,workbench,workbench (folded),8,2,dda,direct,direct,direct,physical/other; inspect in context
vehicle,workbench,workbench,8,2,dda,direct,direct,direct,physical/other; inspect in context
item,manual_knives,Spetsnaz Knife Techniques,7,2,dda,direct,direct,direct,physical/other; inspect in context
item,motor_small,small electric motor,7,2,dda,direct,direct,direct,physical/other; inspect in context
item,stanag10,STANAG 10-round magazine,7,2,dda,direct,direct,direct,physical/other; inspect in context
item,avgas,avgas fuel,7,2,dda,direct,direct,direct,physical/other; inspect in context
item,manual_canning,You Can Can at Home,6,2,dda,direct,direct,direct,physical/other; inspect in context
item,9mmP,9x19mm +P,6,2,dda,direct,direct,direct,physical/other; inspect in context
item,manual_archery,Zen and the Art of Archery,5,2,dda,direct,direct,direct,physical/other; inspect in context
item,match_trigger,match trigger,5,2,dda,direct,direct,direct,physical/other; inspect in context
item,p365_mag,P365 10-round magazine,4,2,dda,looks_like,looks_like,looks_like,physical/other; inspect in context
item,50bmg,.50 BMG M33 Ball,4,2,dda,direct,direct,direct,physical/other; inspect in context
item,esapi_plate,ESAPI ballistic plate,4,2,dda,direct,direct,direct,physical/other; inspect in context
vehicle,forklift_fork,forklift arms,4,2,dda,direct,direct,direct,physical/other; inspect in context
item,wp22mag,.22 10-round Walther magazine,3,2,dda,direct,direct,direct,physical/other; inspect in context
item,m9mag_10rd,M9 10-round magazine,3,2,dda,direct,direct,direct,physical/other; inspect in context
item,ruger1022mag,10-round varmint magazine,3,2,dda,direct,direct,direct,physical/other; inspect in context
item,glock40mag,Glock .40 S&W 15-round magazine,3,2,dda,direct,direct,direct,physical/other; inspect in context
item,goblin_fruit_gacha,mysterious fruit,2,2,xedra_evolved,direct,direct,direct,physical/other; inspect in context
item,338lapua_hpbt,.338 Lapua HPBT,2,2,dda,direct,direct,direct,physical/other; inspect in context
item,hk_mp5,H&K MP5A2 submachine gun,2,2,dda,direct,direct,direct,physical/other; inspect in context
item,steel_ballistic_plate,steel ballistic plate,2,2,dda,direct,direct,direct,physical/other; inspect in context
item,seed_bee_balm,bee balm seeds,2,2,dda,direct,direct,direct,physical/other; inspect in context
item,seed_chamomile,chamomile seeds,2,2,dda,direct,direct,direct,physical/other; inspect in context
vehicle,wheel_motorbike_or,,2,2,dda,direct,direct,direct,physical/other; inspect in context
item,welding_wire_steel,welding wire,104439,1,dda,direct,direct,direct,physical/other; inspect in context
item,hdframe,heavy-duty frame,3318,1,dda,direct,direct,direct,physical/other; inspect in context
vehicle,hdframe,,3086,1,dda,direct,direct,direct,physical/other; inspect in context
item,cig_butt,cigarette butt,2571,1,dda,direct,direct,direct,physical/other; inspect in context
item,permanent_marker,permanent marker,2241,1,dda,direct,direct,direct,physical/other; inspect in context
item,permanent_ink,permanent ink,2235,1,dda,direct,direct,direct,physical/other; inspect in context
item,rock_flaking,flaking rock,2024,1,dda,direct,direct,direct,physical/other; inspect in context
item,steel_plate,steel plating,1586,1,dda,direct,direct,direct,physical/other; inspect in context
furniture,f_japanese_knotweed,Japanese knotweed,1394,1,dda,direct,direct,direct,physical/other; inspect in context
item,adderall,prescription stimulant,1316,1,dda,direct,direct,direct,physical/other; inspect in context
item,flyer_evac,FEMA evacuation flyer,1304,1,dda,direct,direct,direct,physical/other; inspect in context
item,cup_foil,foil cup,1206,1,dda,direct,direct,direct,physical/other; inspect in context
item,box_cigarette,cigarette pack,1053,1,dda,direct,direct,direct,physical/other; inspect in context
item,usb_drive,USB drive,814,1,dda,direct,direct,direct,physical/other; inspect in context
furniture,f_rack,display rack,738,1,dda,direct,direct,direct,physical/other; inspect in context
terrain,t_tree_dead_warped,warped dead tree,636,1,dda,looks_like,looks_like,looks_like,physical/other; inspect in context
furniture,f_datura,datura,586,1,dda,direct,direct,direct,physical/other; inspect in context
furniture,f_carrot_wild,wild carrot,584,1,dda,direct,direct,direct,physical/other; inspect in context
item,xlframe,extra-light frame,565,1,dda,direct,direct,direct,physical/other; inspect in context
vehicle,xlframe,,565,1,dda,direct,direct,direct,physical/other; inspect in context
furniture,f_boulder_large,large boulder,563,1,dda,direct,direct,direct,physical/other; inspect in context
item,lc_wire,steel wire,547,1,dda,direct,direct,direct,physical/other; inspect in context
item,cornbread,cornbread,469,1,dda,direct,direct,direct,physical/other; inspect in context
terrain,t_tree_mulberry,mulberry tree,460,1,dda,direct,direct,direct,physical/other; inspect in context
item,hammer,hammer,445,1,dda,direct,direct,direct,physical/other; inspect in context
item,can_aluminum_250ml,small aluminum can,394,1,dda,looks_like,looks_like,looks_like,physical/other; inspect in context
item,butane,butane,356,1,dda,direct,direct,direct,physical/other; inspect in context
item,funnel,funnel,352,1,dda,direct,direct,direct,physical/other; inspect in context
vehicle,hdhalfboard,heavy-duty quarterpanel,346,1,dda,direct,direct,direct,physical/other; inspect in context
item,wrapper_foil_roll,aluminum foil roll,331,1,dda,direct,direct,direct,physical/other; inspect in context
item,glowstick,glowstick,322,1,dda,direct,direct,direct,physical/other; inspect in context
item,cup_plastic_yoghurt,plastic cup,322,1,dda,direct,direct,direct,physical/other; inspect in context
item,money_five,five-dollar bill,312,1,dda,looks_like,looks_like,looks_like,physical/other; inspect in context
item,lighter,lighter,310,1,dda,direct,direct,direct,physical/other; inspect in context
item,screwdriver,screwdriver,295,1,dda,direct,direct,direct,physical/other; inspect in context
item,mre_bag_spread,MRE spread bag,284,1,dda,direct,direct,direct,physical/other; inspect in context
item,eink_tablet_pc,e-ink tablet PC,266,1,dda,direct,direct,direct,physical/other; inspect in context
item,toothbrush_electric,electric toothbrush,264,1,dda,direct,direct,direct,physical/other; inspect in context
item,plastic_straw,plastic straw,254,1,dda,direct,direct,direct,physical/other; inspect in context
item,money_fifty,fifty-dollar bill,248,1,dda,looks_like,looks_like,looks_like,physical/other; inspect in context
item,wheel_mount_heavy,heavy wheel hub assembly,228,1,dda,direct,direct,direct,physical/other; inspect in context
item,wheel_armor,armored wheel,228,1,dda,direct,direct,direct,physical/other; inspect in context
item,acorns,Handful of acorns,220,1,dda,direct,direct,direct,physical/other; inspect in context
item,sports_bra,sports bra,218,1,dda,direct,direct,direct,physical/other; inspect in context
vehicle,alternator_car,,216,1,dda,direct,direct,direct,physical/other; inspect in context
item,hose,rubber hose,213,1,dda,direct,direct,direct,physical/other; inspect in context
item,blanket,blanket,208,1,dda,direct,direct,direct,physical/other; inspect in context
item,jam_fruit,fruit jam,203,1,dda,direct,direct,direct,physical/other; inspect in context
item,book_nonf_zine_news_anlyst,The Analyst,198,1,dda,direct,direct,direct,physical/other; inspect in context
item,lug_wrench,lug wrench,196,1,dda,direct,direct,direct,physical/other; inspect in context
item,tights,tights,194,1,dda,direct,direct,direct,physical/other; inspect in context
item,cheese_powder,powdered cheese,193,1,dda,direct,direct,direct,physical/other; inspect in context
item,ketchup,ketchup,192,1,dda,direct,direct,direct,physical/other; inspect in context
item,soldering_iron,soldering iron,189,1,dda,direct,direct,direct,physical/other; inspect in context
item,soldering_iron_portable,portable soldering iron,189,1,dda,direct,direct,direct,physical/other; inspect in context
item,goggles_welding,welding goggles,182,1,dda,direct,direct,direct,physical/other; inspect in context
item,cu_pipe,copper tubing,177,1,dda,direct,direct,direct,physical/other; inspect in context
furniture,f_barnacle_weed,barnacle weed,175,1,magiclysm,direct,direct,direct,physical/other; inspect in context
item,stockings,stockings (pair),174,1,dda,direct,direct,direct,physical/other; inspect in context
item,plunger_toilet,toilet plunger,173,1,dda,direct,direct,direct,physical/other; inspect in context
item,wearable_light,headlamp,171,1,dda,direct,direct,direct,physical/other; inspect in context
item,india_pale_ale,India pale ale,164,1,dda,direct,direct,direct,physical/other; inspect in context
item,mask_dust,dust mask,164,1,dda,direct,direct,direct,physical/other; inspect in context
item,shredded_rubber,shredded rubber,156,1,dda,direct,direct,direct,physical/other; inspect in context
terrain,t_stump,tree stump,156,1,dda,direct,direct,direct,physical/other; inspect in context
item,sauerkraut,sauerkraut,149,1,dda,direct,direct,direct,physical/other; inspect in context
item,heels,heels (pair),147,1,dda,direct,direct,direct,physical/other; inspect in context
item,boltcutters,bolt cutters,147,1,dda,direct,direct,direct,physical/other; inspect in context
item,wrench,adjustable wrench,146,1,dda,direct,direct,direct,physical/other; inspect in context
item,toolbox_empty,toolbox,145,1,dda,direct,direct,direct,physical/other; inspect in context
item,denim_shirt,denim shirt,144,1,dda,looks_like,looks_like,looks_like,physical/other; inspect in context
item,screwdriver_set,screwdriver set,141,1,dda,direct,direct,direct,physical/other; inspect in context
item,colamdew,energy cola,140,1,dda,direct,direct,direct,physical/other; inspect in context
item,380_casing,.380 ACP casing,140,1,dda,direct,direct,direct,physical/other; inspect in context
furniture,f_mailbox,mailbox,140,1,dda,direct,direct,direct,physical/other; inspect in context
item,gloves_leather,leather gloves (pair),137,1,dda,direct,direct,direct,physical/other; inspect in context
item,catfood,wet cat food,134,1,dda,direct,direct,direct,physical/other; inspect in context
item,jug_plastic_1892ml,half gallon jug,133,1,dda,looks_like,looks_like,looks_like,physical/other; inspect in context
item,glowstick_juice,glowstick juice,132,1,dda,direct,direct,direct,physical/other; inspect in context
item,extension_cable,extension cord,130,1,dda,direct,direct,direct,physical/other; inspect in context
item,carving_fork,carving fork,129,1,dda,direct,direct,direct,physical/other; inspect in context
item,bacon_uncut,large slab of uncut bacon,127,1,dda,direct,direct,direct,physical/other; inspect in context
item,mayonnaise,mayonnaise,126,1,dda,direct,direct,direct,physical/other; inspect in context
item,diesel,diesel,125,1,dda,direct,direct,direct,physical/other; inspect in context
item,flask_glass,glass flask,122,1,dda,direct,direct,direct,physical/other; inspect in context
item,seed_weed,cannabis seeds,121,1,dda,direct,direct,direct,physical/other; inspect in context
item,bandana,bandana,120,1,dda,direct,direct,direct,physical/other; inspect in context
item,can_opener,can opener,120,1,dda,direct,direct,direct,physical/other; inspect in context
item,umbrella,umbrella,119,1,dda,direct,direct,direct,physical/other; inspect in context
item,brush_toilet,toilet brush,116,1,dda,direct,direct,direct,physical/other; inspect in context
item,plastic_spoon_kids,kiddie spoon,115,1,dda,direct,direct,direct,physical/other; inspect in context
item,shot_hull,12 gauge hull,110,1,dda,direct,direct,direct,physical/other; inspect in context
item,casserole,casserole pot,110,1,dda,direct,direct,direct,physical/other; inspect in context
furniture,f_sign_stop,stop sign,110,1,dda,direct,direct,direct,physical/other; inspect in context
item,bathroom_scale,bathroom scale,108,1,dda,direct,direct,direct,physical/other; inspect in context
item,teleumbrella,telescoping umbrella (collapsed),107,1,dda,direct,direct,direct,physical/other; inspect in context
item,bucket_5gal,large plastic bucket,104,1,dda,direct,direct,direct,physical/other; inspect in context
item,wallet_leather,leather wallet,103,1,dda,direct,direct,direct,physical/other; inspect in context
item,television,television,102,1,dda,direct,direct,direct,physical/other; inspect in context
item,feather,feather,102,1,dda,direct,direct,direct,physical/other; inspect in context
item,wool_hoodie,wool hoodie,101,1,dda,direct,direct,direct,physical/other; inspect in context
item,manual_mechanics_car_owner,car owner manual,100,1,dda,looks_like,looks_like,looks_like,physical/other; inspect in context
item,misc_repairkit,miscellaneous repair kit,98,1,dda,direct,direct,direct,physical/other; inspect in context
item,grenade_emp,EMP grenade,96,1,dda,direct,direct,direct,physical/other; inspect in context
item,pot,pot,96,1,dda,direct,direct,direct,physical/other; inspect in context
item,pocket_survival,Pocket Survival Guide,95,1,dda,direct,direct,direct,physical/other; inspect in context
item,polisher,electric polisher,93,1,dda,direct,direct,direct,physical/other; inspect in context
item,i4_combustion,1.6 L I4 engine,90,1,dda,direct,direct,direct,physical/other; inspect in context
item,cutting_board,cutting board,90,1,dda,direct,direct,direct,physical/other; inspect in context
terrain,t_door_frame,empty door frame,90,1,dda,direct,direct,direct,physical/other; inspect in context
item,v6_combustion,2.8 L V6 engine,89,1,dda,direct,direct,direct,physical/other; inspect in context
item,fuel_tin,gallon can,89,1,dda,looks_like,looks_like,looks_like,physical/other; inspect in context
vehicle,engine_v6,,89,1,dda,direct,direct,direct,physical/other; inspect in context
vehicle,box,box,89,1,dda,direct,direct,direct,physical/other; inspect in context
item,flint_steel,flint and steel,87,1,dda,direct,direct,direct,physical/other; inspect in context
item,gloves_light,light gloves (pair),87,1,dda,direct,direct,direct,physical/other; inspect in context
vehicle,engine_inline4,,87,1,dda,direct,direct,direct,physical/other; inspect in context
item,multitool,multitool,86,1,dda,direct,direct,direct,physical/other; inspect in context
item,hacksaw,hacksaw,83,1,dda,direct,direct,direct,physical/other; inspect in context
item,pipe_fittings,set of pipe fittings,83,1,dda,direct,direct,direct,physical/other; inspect in context
item,webbasics_computer,Web Design Basics,81,1,dda,looks_like,looks_like,looks_like,physical/other; inspect in context
item,book_fict_hard_sports_uni,Uniform Boy,81,1,dda,direct,direct,direct,physical/other; inspect in context
item,socket_screwdriver_set,socket screwdriver set,79,1,dda,looks_like,looks_like,looks_like,physical/other; inspect in context
item,ceramic_plate,ceramic plate,79,1,dda,direct,direct,direct,physical/other; inspect in context
item,knit_scarf,knit scarf,79,1,dda,direct,direct,direct,physical/other; inspect in context
item,wallet_photo,photograph,78,1,dda,direct,direct,direct,physical/other; inspect in context
item,jerrycan,plastic jerrycan,78,1,dda,direct,direct,direct,physical/other; inspect in context
item,skirt_long,long skirt,78,1,dda,direct,direct,direct,physical/other; inspect in context
item,can_coconut,coconut milk,77,1,dda,direct,direct,direct,physical/other; inspect in context
item,glasses_eye,eyeglasses,76,1,dda,direct,direct,direct,physical/other; inspect in context
item,quilt,quilt,75,1,dda,direct,direct,direct,physical/other; inspect in context
item,bag_chips_large,large chips bag,74,1,dda,looks_like,looks_like,looks_like,physical/other; inspect in context
item,mag_comic,comic book,73,1,dda,direct,direct,direct,physical/other; inspect in context
item,portable_game,handheld game system,72,1,dda,direct,direct,direct,physical/other; inspect in context
item,pork_beans,pork and beans,72,1,dda,direct,direct,direct,physical/other; inspect in context
item,sleeping_bag,sleeping bag,71,1,dda,direct,direct,direct,physical/other; inspect in context
item,ceramic_cup,ceramic cup,71,1,dda,direct,direct,direct,physical/other; inspect in context
item,gloves_fingerless,fingerless leather gloves (pair),70,1,dda,direct,direct,direct,physical/other; inspect in context
item,purse,purse,70,1,dda,direct,direct,direct,physical/other; inspect in context
item,fairy_tales,book of fairy tales,69,1,dda,direct,direct,direct,physical/other; inspect in context
item,basic_chemistry,Chemistry for Kids: Awesome Science Experiments that Really Work,68,1,dda,direct,direct,direct,physical/other; inspect in context
item,textbook_tailor,Sewing Techniques for Designers,66,1,dda,direct,direct,direct,physical/other; inspect in context
item,boots_steel,steeltoed boots (pair),66,1,dda,direct,direct,direct,physical/other; inspect in context
item,long_glove_white,extra long white gloves (pair),66,1,dda,direct,direct,direct,physical/other; inspect in context
item,hot_pants,short shorts,65,1,dda,direct,direct,direct,physical/other; inspect in context
item,jumper_cable,jumper cable,64,1,dda,direct,direct,direct,physical/other; inspect in context
item,lamp_oil,kerosene,63,1,dda,direct,direct,direct,physical/other; inspect in context
item,years_old_newspaper,newspaper page,63,1,dda,direct,direct,direct,physical/other; inspect in context
item,gloves_wool,wool gloves (pair),63,1,dda,direct,direct,direct,physical/other; inspect in context
item,sauce_pesto,pesto,63,1,dda,direct,direct,direct,physical/other; inspect in context
item,six_pack_rings,six-pack rings,62,1,dda,direct,direct,direct,physical/other; inspect in context
vehicle,door_opaque,opaque door,62,1,dda,direct,direct,direct,physical/other; inspect in context
item,trailmap,trail guide,61,1,dda,direct,direct,direct,physical/other; inspect in context
item,manual_dodge_kid,Break a Leg!,60,1,dda,direct,direct,direct,physical/other; inspect in context
item,pliers_locking,locking pliers,60,1,dda,looks_like,looks_like,looks_like,physical/other; inspect in context
item,textbook_mechanics,Mechanical Mastery,59,1,dda,direct,direct,direct,physical/other; inspect in context
item,copper_pan,copper frying pan,59,1,dda,direct,direct,direct,physical/other; inspect in context
item,hatchet,hatchet,58,1,dda,direct,direct,direct,physical/other; inspect in context
item,socket_wrench_set,socket wrench set,55,1,dda,looks_like,looks_like,looks_like,physical/other; inspect in context
item,waterproof_smart_phone_case,waterproof smartphone case,55,1,dda,looks_like,looks_like,looks_like,physical/other; inspect in context
item,headscarf,headscarf,55,1,dda,direct,direct,direct,physical/other; inspect in context
item,welding_papr_helmet,PAPR welding helmet,55,1,dda,looks_like,looks_like,looks_like,physical/other; inspect in context
item,textbook_fireman,A History of Firefighting,52,1,dda,direct,direct,direct,physical/other; inspect in context
item,knife_sharpener_handheld,handheld knife sharpener,52,1,dda,direct,direct,direct,physical/other; inspect in context
item,thermal_socks,thermal electric socks (pair),52,1,dda,direct,direct,direct,physical/other; inspect in context
item,38_casing,.38 Special casing,51,1,dda,direct,direct,direct,physical/other; inspect in context
item,dress_shoes,dress shoes (pair),51,1,dda,direct,direct,direct,physical/other; inspect in context
item,pickaxe,pickaxe,51,1,dda,direct,direct,direct,physical/other; inspect in context
terrain,t_tree_walnut,walnut tree,51,1,dda,direct,direct,direct,physical/other; inspect in context
item,computer_science,Computer Science 301,50,1,dda,direct,direct,direct,physical/other; inspect in context
item,analytical_set_basic,basic laboratory analysis kit,50,1,dda,direct,direct,direct,physical/other; inspect in context
item,beeper,back-up beeper,50,1,dda,direct,direct,direct,physical/other; inspect in context
item,kettle,kettle,50,1,dda,direct,direct,direct,physical/other; inspect in context
item,hotplate_induction,induction hotplate,49,1,dda,direct,direct,direct,physical/other; inspect in context
vehicle,beeper,,49,1,dda,direct,direct,direct,physical/other; inspect in context
item,denat_alcohol,denatured alcohol,48,1,dda,direct,direct,direct,physical/other; inspect in context
item,blanket_weighted,weighted blanket,48,1,dda,looks_like,looks_like,looks_like,physical/other; inspect in context
item,glass_bowl,glass bowl,47,1,dda,direct,direct,direct,physical/other; inspect in context
item,aluminum_foil,aluminum foil,47,1,dda,direct,direct,direct,physical/other; inspect in context
item,hackerman_computer,Pro Hacker Secrets,46,1,dda,looks_like,looks_like,looks_like,physical/other; inspect in context
item,bum_wine,cheap wine,46,1,dda,direct,direct,direct,physical/other; inspect in context
item,survival_book,Autobiography of a Mountain Man,45,1,dda,direct,direct,direct,physical/other; inspect in context
item,book_fict_hard_scifi_talnt,Parable of the Talents,45,1,dda,direct,direct,direct,physical/other; inspect in context
item,book_nonf_empty_social_history_no_magic,Running on Empty: A Social History of those Born Without Magic,45,1,magiclysm,looks_like,looks_like,looks_like,physical/other; inspect in context
item,metal_file,metal fileset,45,1,dda,direct,direct,direct,physical/other; inspect in context
vehicle,wheel_mount_light_steerable,light wheel mount (steerable),45,1,dda,direct,direct,direct,physical/other; inspect in context
item,motor,electric motor,44,1,dda,direct,direct,direct,physical/other; inspect in context
item,jeans_ripped,ripped jeans,44,1,dda,looks_like,looks_like,looks_like,physical/other; inspect in context
item,charcoal,charcoal,44,1,dda,direct,direct,direct,physical/other; inspect in context
item,water_faucet,water faucet,44,1,dda,direct,direct,direct,physical/other; inspect in context
vehicle,engine_electric,,44,1,dda,direct,direct,direct,physical/other; inspect in context
item,tie_bow,bow tie,43,1,dda,direct,direct,direct,physical/other; inspect in context
item,boots_rubber,rubber boots (pair),43,1,dda,direct,direct,direct,physical/other; inspect in context
item,recipe_bullets,The Handloader's Helper,42,1,dda,direct,direct,direct,physical/other; inspect in context
item,long_knit_scarf,long knit scarf,42,1,dda,direct,direct,direct,physical/other; inspect in context
item,motor_micro,micro electric motor,41,1,dda,direct,direct,direct,physical/other; inspect in context
item,glasses_bifocal,bifocal glasses,41,1,dda,direct,direct,direct,physical/other; inspect in context
item,book_fict_hard_sports_omni,The Golf Omnivore,40,1,dda,direct,direct,direct,physical/other; inspect in context
item,gasdiscount_platinum,platinum gas discount card,39,1,dda,direct,direct,direct,physical/other; inspect in context
item,syrup,maple syrup,39,1,dda,direct,direct,direct,physical/other; inspect in context
item,slingpack,sling pack,39,1,dda,direct,direct,direct,physical/other; inspect in context
item,sunglasses_reading,reading sunglasses,39,1,dda,direct,direct,direct,physical/other; inspect in context
item,novel_spy_rocketsci,"Lies, Damn Lies, and Rocket Science",39,1,dda,direct,direct,direct,physical/other; inspect in context
item,hotplate,hotplate,38,1,dda,direct,direct,direct,physical/other; inspect in context
item,power_station_portable,portable power station,38,1,dda,direct,direct,direct,physical/other; inspect in context
item,hot_pants_leather,leather hot pants,38,1,dda,direct,direct,direct,physical/other; inspect in context
item,fanny,fanny pack,38,1,dda,direct,direct,direct,physical/other; inspect in context
item,bag_paper_charcoal,paper sack,38,1,dda,looks_like,looks_like,looks_like,physical/other; inspect in context
vehicle,wheel_mount_light,,38,1,dda,direct,direct,direct,physical/other; inspect in context
item,shot_00,12 gauge buckshot,37,1,dda,direct,direct,direct,physical/other; inspect in context
item,straw_basket,straw basket,36,1,dda,direct,direct,direct,physical/other; inspect in context
item,pilot_light,pilot light,36,1,dda,direct,direct,direct,physical/other; inspect in context
item,hat_cotton,cotton hat,36,1,dda,direct,direct,direct,physical/other; inspect in context
item,insect_sample,insect sample,35,1,dda,direct,direct,direct,physical/other; inspect in context
item,v2_combustion,0.6 L V2 engine,35,1,dda,direct,direct,direct,physical/other; inspect in context
item,wristwatch,wrist watch,35,1,dda,direct,direct,direct,physical/other; inspect in context
vehicle,hatch,hatch,35,1,dda,direct,direct,direct,physical/other; inspect in context
item,book_nonf_hard_history_modern,history book (modern),34,1,dda,looks_like,looks_like,looks_like,physical/other; inspect in context
item,cordless_impact_wrench,cordless impact wrench,34,1,dda,looks_like,looks_like,looks_like,physical/other; inspect in context
vehicle,engine_vtwin,,34,1,dda,direct,direct,direct,physical/other; inspect in context
item,sweets_book,Sweets for your Sweet Child,33,1,dda,direct,direct,direct,physical/other; inspect in context
item,mag_cars,Top Gear magazine,33,1,dda,direct,direct,direct,physical/other; inspect in context
item,lifestraw,lifestraw,33,1,dda,direct,direct,direct,physical/other; inspect in context
item,backpack_hiking,hiking backpack,33,1,dda,direct,direct,direct,physical/other; inspect in context
item,alternator_motorbike,motorbike alternator,33,1,dda,direct,direct,direct,physical/other; inspect in context
vehicle,alternator_motorbike,,33,1,dda,direct,direct,direct,physical/other; inspect in context
item,textbook_electronics,Electronic Circuit Theory,32,1,dda,direct,direct,direct,physical/other; inspect in context
item,shavingkit,shaving kit,32,1,dda,direct,direct,direct,physical/other; inspect in context
item,material_aluminium_ingot,chunk of aluminum,32,1,dda,direct,direct,direct,physical/other; inspect in context
item,manual_speech,Self-Esteem for Dummies,31,1,dda,direct,direct,direct,physical/other; inspect in context
item,SICP,SICP,31,1,dda,direct,direct,direct,physical/other; inspect in context
item,copper,copper,31,1,dda,direct,direct,direct,physical/other; inspect in context
item,many_years_old_newspaper,newspaper page,30,1,dda,direct,direct,direct,physical/other; inspect in context
item,saddle,saddle,30,1,dda,direct,direct,direct,physical/other; inspect in context
item,daypack,daypack,30,1,dda,direct,direct,direct,physical/other; inspect in context
item,tall_tales,book of tall tales,30,1,dda,direct,direct,direct,physical/other; inspect in context
vehicle,saddle,,30,1,dda,direct,direct,direct,physical/other; inspect in context
item,mag_survival,Outdoor Adventures,29,1,dda,direct,direct,direct,physical/other; inspect in context
item,id_industrial,industrial ID card,29,1,dda,direct,direct,direct,physical/other; inspect in context
item,iron_pot,cast-iron pot,29,1,dda,direct,direct,direct,physical/other; inspect in context
item,mag_mechanics,Popular Mechanics,28,1,dda,direct,direct,direct,physical/other; inspect in context
item,mc_wire,medium steel wire,28,1,dda,direct,direct,direct,physical/other; inspect in context
item,thermostat,bimetal thermostat,28,1,dda,direct,direct,direct,physical/other; inspect in context
vehicle,tank_small,vehicle tank (10 L),28,1,dda,direct,direct,direct,physical/other; inspect in context
item,manual_swimming,Water Survival Training Field Manual,27,1,dda,direct,direct,direct,physical/other; inspect in context
item,text_gunsmith,"Ballistics: Theory, Design, and Application",27,1,dda,direct,direct,direct,physical/other; inspect in context
item,denarius,denarius,26,1,magiclysm,direct,direct,direct,physical/other; inspect in context
item,manual_meditation,Meditation and You,26,1,mindovermatter,looks_like,looks_like,looks_like,physical/other; inspect in context
item,book_fict_soft_pulp_gcapes,The Great Capes of Metropolis,26,1,dda,direct,direct,direct,physical/other; inspect in context
item,tie_skinny,skinny tie,26,1,dda,direct,direct,direct,physical/other; inspect in context
item,refrigerant_tank,refrigerant tank,26,1,dda,direct,direct,direct,physical/other; inspect in context
item,modern_tanner,The Modern Tanner,25,1,dda,direct,direct,direct,physical/other; inspect in context
item,manual_survival,Pitching a Tent,25,1,dda,direct,direct,direct,physical/other; inspect in context
item,wizard_advanced,A Treatise on Magical Elements,25,1,magiclysm,direct,direct,direct,physical/other; inspect in context
furniture,f_kampuch,kampuch,25,1,magiclysm,looks_like,looks_like,looks_like,physical/other; inspect in context
item,manual_mechanics,Under the Hood,24,1,dda,direct,direct,direct,physical/other; inspect in context
item,chemistry_set_basic,basic chemistry set,24,1,dda,direct,direct,direct,physical/other; inspect in context
item,cooked_pumpkin,mashed pumpkin,24,1,dda,direct,direct,direct,physical/other; inspect in context
furniture,f_dishwasher,dishwasher,24,1,dda,direct,direct,direct,physical/other; inspect in context
item,mag_tailor,Sew Awesome Monthly,23,1,dda,direct,direct,direct,physical/other; inspect in context
item,mag_firstaid,Paramedics,23,1,dda,direct,direct,direct,physical/other; inspect in context
item,mag_guns,Guns n Ammo,23,1,dda,direct,direct,direct,physical/other; inspect in context
item,mag_cooking,Bon Appetit,23,1,dda,direct,direct,direct,physical/other; inspect in context
item,molasses,molasses,23,1,dda,direct,direct,direct,physical/other; inspect in context
item,silver_watch,silver watch,23,1,dda,direct,direct,direct,physical/other; inspect in context
vehicle,door_internal,internal door,23,1,dda,direct,direct,direct,physical/other; inspect in context
item,adv_chemistry,Advanced Physical Chemistry,22,1,dda,direct,direct,direct,physical/other; inspect in context
item,mag_dude,Alpha Male Quarterly,22,1,dda,direct,direct,direct,physical/other; inspect in context
item,book_nonf_soft_wedding_coolring,10 Cool Things About Being A Ring Bearer,22,1,dda,direct,direct,direct,physical/other; inspect in context
item,thermal_suit,thermal electric suit,22,1,dda,direct,direct,direct,physical/other; inspect in context
item,v12_combustion,7 L V12 engine,22,1,dda,direct,direct,direct,physical/other; inspect in context
vehicle,door_sliding,sliding door,22,1,dda,direct,direct,direct,physical/other; inspect in context
vehicle,engine_v12,,22,1,dda,direct,direct,direct,physical/other; inspect in context
item,book_nonf_hard_photography_book,photography collection,21,1,dda,looks_like,looks_like,looks_like,physical/other; inspect in context
item,book_nonf_hard_self_help,self-help book,21,1,dda,looks_like,looks_like,looks_like,physical/other; inspect in context
item,chem_muriatic_acid,hydrochloric acid,21,1,dda,direct,direct,direct,physical/other; inspect in context
item,pants_faux_fur,faux fur pants,20,1,dda,direct,direct,direct,physical/other; inspect in context
item,book_fict_soft_pulp_venus,Black Valkyries From Venus,20,1,dda,direct,direct,direct,physical/other; inspect in context
item,corded_powerdrill,power drill,20,1,dda,direct,direct,direct,physical/other; inspect in context
item,minifridge,minifridge,19,1,dda,direct,direct,direct,physical/other; inspect in context
item,book_fict_soft_satire_cats,Cat's Cradle,19,1,dda,direct,direct,direct,physical/other; inspect in context
item,blazer,blazer,19,1,dda,direct,direct,direct,physical/other; inspect in context
item,manual_first_aid,The Big Book of First Aid,18,1,dda,direct,direct,direct,physical/other; inspect in context
item,mag_rifle,Modern Rifleman,18,1,dda,direct,direct,direct,physical/other; inspect in context
item,book_nonf_soft_safety_radiaea,International Approaches to Securing Radioactive Sources Against Terrorism,18,1,dda,direct,direct,direct,physical/other; inspect in context
item,book_fict_soft_ya_burn,Nothing Burned,18,1,dda,direct,direct,direct,physical/other; inspect in context
item,fish_sample,fish sample,18,1,dda,direct,direct,direct,physical/other; inspect in context
item,mag_unarmed,Boxing Monthly,17,1,dda,direct,direct,direct,physical/other; inspect in context
item,diamond,diamond,17,1,dda,direct,direct,direct,physical/other; inspect in context
furniture,f_funnelcap,funnelcap,17,1,magiclysm,direct,direct,direct,physical/other; inspect in context
item,mag_melee,CQB Monthly,16,1,dda,direct,direct,direct,physical/other; inspect in context
item,book_nonf_history_antimagic_restraints,Prisons and Magic: The History of Past and Present Antimagic Restraints,16,1,magiclysm,looks_like,looks_like,looks_like,physical/other; inspect in context
item,book_fict_soft_pulp_squids,Planet of the Murderous Squids that Time Forgot!,16,1,dda,direct,direct,direct,physical/other; inspect in context
item,book_newage_inpsychic,Your Inner Psychic,15,1,dda,looks_like,looks_like,looks_like,physical/other; inspect in context
item,mag_dodge,Dance Dance Dance!,15,1,dda,direct,direct,direct,physical/other; inspect in context
item,fc_hairpin,fancy hairpin,15,1,dda,direct,direct,direct,physical/other; inspect in context
item,helmet_bike,bike helmet,15,1,dda,direct,direct,direct,physical/other; inspect in context
item,colander_steel,mesh colander,15,1,dda,direct,direct,direct,physical/other; inspect in context
item,gloves_liner,glove liners (pair),15,1,dda,direct,direct,direct,physical/other; inspect in context
item,chiropteran_sample,chiropteran sample,15,1,dda,looks_like,looks_like,looks_like,physical/other; inspect in context
item,unitard,unitard,14,1,dda,direct,direct,direct,physical/other; inspect in context
item,espadrilles,espadrilles,14,1,dda,looks_like,looks_like,looks_like,physical/other; inspect in context
item,380_JHP,.380 ACP JHP,14,1,dda,direct,direct,direct,physical/other; inspect in context
item,salted_fish,salted fish,14,1,dda,direct,direct,direct,physical/other; inspect in context
item,chisel,metalworking chisel,14,1,dda,direct,direct,direct,physical/other; inspect in context
item,book_nonf_soft_speech_naillaw,Nail Your Law Firm Interview,13,1,dda,direct,direct,direct,physical/other; inspect in context
item,45_jhp,.45 ACP JHP,13,1,dda,direct,direct,direct,physical/other; inspect in context
item,3006_casing,.30-06 casing,13,1,dda,direct,direct,direct,physical/other; inspect in context
item,book_fict_soft_swash_buccaneer,The Code of the Buccaneer,13,1,dda,direct,direct,direct,physical/other; inspect in context
item,spinach,handful of spinach,13,1,dda,direct,direct,direct,physical/other; inspect in context
item,textbook_toxicology,Textbook of Advanced Toxicology,12,1,dda,direct,direct,direct,physical/other; inspect in context
item,fun_survival,Through the Lens,12,1,dda,direct,direct,direct,physical/other; inspect in context
item,knife_swissarmy,Swiss Army knife,12,1,dda,direct,direct,direct,physical/other; inspect in context
item,flag_swimsuit,swimsuit,12,1,dda,looks_like,looks_like,looks_like,physical/other; inspect in context
item,book_nonf_magic_origin_of_species,On the Origin of Species by Means of Natural and Supernatural Selection,12,1,magiclysm,looks_like,looks_like,looks_like,physical/other; inspect in context
item,m249,M249 machine gun,12,1,dda,direct,direct,direct,physical/other; inspect in context
item,book_fict_soft_sports_envy,Trophy Envy,12,1,dda,direct,direct,direct,physical/other; inspect in context
item,paperback_romance_dd,Dubliner's Debutante,12,1,dda,direct,direct,direct,physical/other; inspect in context
item,welding_book,Welding and Metallurgy,12,1,dda,direct,direct,direct,physical/other; inspect in context
vehicle,smart_engine_controller,smart engine controller,12,1,dda,direct,direct,direct,physical/other; inspect in context
item,mag_swimming,Swim Planet,11,1,dda,direct,direct,direct,physical/other; inspect in context
item,jacket_leather,leather jacket,11,1,dda,direct,direct,direct,physical/other; inspect in context
item,popcan_stove,soda can stove kit,10,1,dda,direct,direct,direct,physical/other; inspect in context
item,book_fict_soft_sports_tdsp,The Touchdown Special,10,1,dda,direct,direct,direct,physical/other; inspect in context
item,coffee_syrup,coffee syrup,10,1,dda,direct,direct,direct,physical/other; inspect in context
item,powered_earmuffs,shooter's earmuffs,10,1,dda,direct,direct,direct,physical/other; inspect in context
item,dry_bag_large,large dry bag,10,1,dda,looks_like,looks_like,looks_like,physical/other; inspect in context
item,plastic_pot_flower,plastic flower pot,10,1,dda,direct,direct,direct,physical/other; inspect in context
item,m1911mag,M1911 7-round magazine,9,1,dda,direct,direct,direct,physical/other; inspect in context
item,book_nonf_hard_religion,religion book,9,1,dda,looks_like,looks_like,looks_like,physical/other; inspect in context
item,chitin_piece,chunk of chitin,9,1,dda,direct,direct,direct,physical/other; inspect in context
item,bearing,ball bearing,9,1,dda,direct,direct,direct,physical/other; inspect in context
item,book_anthology_sst,Sharp & Sugar Tooth,9,1,dda,looks_like,looks_like,looks_like,physical/other; inspect in context
item,belt223,5.56x45mm ammo belt,9,1,dda,direct,direct,direct,physical/other; inspect in context
item,book_nonf_soft_psych_psycstlk,The Psychology of Stalking,9,1,dda,direct,direct,direct,physical/other; inspect in context
item,paperback_romance_secret,The Death of My Secret Life,9,1,dda,direct,direct,direct,physical/other; inspect in context
item,clay_pot_flower,clay flower pot,9,1,dda,direct,direct,direct,physical/other; inspect in context
item,shot_bird,12 gauge birdshot,8,1,dda,direct,direct,direct,physical/other; inspect in context
item,textbook_robots,Robots for Fun & Profit,8,1,dda,direct,direct,direct,physical/other; inspect in context
item,touristmap,tourist guide,8,1,dda,direct,direct,direct,physical/other; inspect in context
item,tire_bicycle_or,"27"" off-road bicycle tire",8,1,dda,looks_like,looks_like,looks_like,physical/other; inspect in context
item,modular_ar15,AR-15,8,1,dda,direct,direct,direct,physical/other; inspect in context
item,hat_hunting,hunting cap,8,1,dda,direct,direct,direct,physical/other; inspect in context
item,metalworking_tongs,flatjaw tongs,8,1,dda,direct,direct,direct,physical/other; inspect in context
item,small_lcd_screen,small LCD screen,8,1,dda,direct,direct,direct,physical/other; inspect in context
item,silver_necklace,silver necklace,8,1,dda,direct,direct,direct,physical/other; inspect in context
item,filter_liquid,automotive filter,8,1,dda,direct,direct,direct,physical/other; inspect in context
vehicle,veh_tools_workshop,,8,1,dda,looks_like,looks_like,looks_like,physical/other; inspect in context
item,occult_economicon,The Economicon of Dobbs,7,1,dda,direct,direct,direct,physical/other; inspect in context
item,hotcut,hotcut,7,1,dda,direct,direct,direct,physical/other; inspect in context
item,book_fict_soft_west_vaq,Vaquero Sun,7,1,dda,direct,direct,direct,physical/other; inspect in context
item,gastropod_sample,snail sample,7,1,dda,direct,direct,direct,physical/other; inspect in context
item,batrachian_sample,frog sample,7,1,dda,direct,direct,direct,physical/other; inspect in context
item,ursine_sample,ursine sample,7,1,dda,direct,direct,direct,physical/other; inspect in context
item,book_fict_soft_scifi_f451,Fahrenheit 451,7,1,dda,direct,direct,direct,physical/other; inspect in context
item,book_nonf_hard_dodge_tlwd,Treasury of Legends about Western Dancing,6,1,dda,direct,direct,direct,physical/other; inspect in context
item,manual_traps,The Modern Trapper,6,1,dda,direct,direct,direct,physical/other; inspect in context
item,retool_instructions,retool instructions,6,1,dda,looks_like,looks_like,looks_like,physical/other; inspect in context
item,holybook_biblechild_p,Children's Protestant Bible,6,1,dda,looks_like,looks_like,looks_like,physical/other; inspect in context
item,bondage_mask,bondage mask,6,1,dda,direct,direct,direct,physical/other; inspect in context
item,cattle_sample,cattle sample,6,1,dda,direct,direct,direct,physical/other; inspect in context
item,ammolink223,.223 ammo belt linkage,6,1,dda,direct,direct,direct,physical/other; inspect in context
item,usp45mag,USP .45 pistol 12-round magazine,6,1,dda,direct,direct,direct,physical/other; inspect in context
item,308,.308 Winchester,6,1,dda,direct,direct,direct,physical/other; inspect in context
item,nylon_holster,nylon holster,6,1,dda,looks_like,looks_like,looks_like,physical/other; inspect in context
item,pump_complex,high-pressure pump,6,1,dda,direct,direct,direct,physical/other; inspect in context
item,endochitin,strand of endochitin,6,1,dda,direct,direct,direct,physical/other; inspect in context
terrain,t_tree_birch_harvested,birch tree,6,1,dda,direct,direct,direct,physical/other; inspect in context
terrain,t_tree_peach,peach tree,6,1,dda,direct,direct,direct,physical/other; inspect in context
item,manual_traps_mil,FM 20-32 Mine/Countermine Operations,5,1,dda,direct,direct,direct,physical/other; inspect in context
item,swbodyguard_mag,.380 conceal carry magazine,5,1,dda,looks_like,looks_like,looks_like,physical/other; inspect in context
item,swage,swage and die set,5,1,dda,direct,direct,direct,physical/other; inspect in context
item,crucible,crucible,5,1,dda,direct,direct,direct,physical/other; inspect in context
item,40x46mm_m651,40x46mm M651 tear gas,5,1,dda,direct,direct,direct,physical/other; inspect in context
item,cloak,cloak,5,1,dda,direct,direct,direct,physical/other; inspect in context
item,kevlar,Kevlar vest,5,1,dda,direct,direct,direct,physical/other; inspect in context
item,chestpouch,chest ammo pouch,5,1,dda,direct,direct,direct,physical/other; inspect in context
item,vac_sealer,vacuum sealer,5,1,dda,direct,direct,direct,physical/other; inspect in context
item,poncho,wool poncho,5,1,dda,direct,direct,direct,physical/other; inspect in context
item,dairy_book,Things to Do with Milk,4,1,dda,direct,direct,direct,physical/other; inspect in context
item,modular_ar_pistol,"AR ""pistol""",4,1,dda,looks_like,looks_like,looks_like,physical/other; inspect in context
item,cigar_cutter,cigar cutter,4,1,dda,direct,direct,direct,physical/other; inspect in context
item,muzzle_brake,muzzle brake,4,1,dda,direct,direct,direct,physical/other; inspect in context
item,9mmP2,9x19mm +P+,4,1,dda,direct,direct,direct,physical/other; inspect in context
item,lupine_sample,lupine sample,4,1,dda,direct,direct,direct,physical/other; inspect in context
item,bio_power_storage,Power Storage CBM,4,1,dda,direct,direct,direct,physical/other; inspect in context
item,usp_45,USP .45 pistol,4,1,dda,direct,direct,direct,physical/other; inspect in context
item,44magnum,.44 Magnum JHP,4,1,dda,direct,direct,direct,physical/other; inspect in context
item,squeeze_tube_small,2.8 ounce squeeze tube,4,1,dda,looks_like,looks_like,looks_like,physical/other; inspect in context
item,ballistic_vest_esapi,US ballistic vest,4,1,dda,direct,direct,direct,physical/other; inspect in context
item,big_portable_fridge,food truck fridge,4,1,dda,looks_like,looks_like,looks_like,physical/other; inspect in context
item,big_portable_freezer,food truck freezer,4,1,dda,direct,direct,direct,physical/other; inspect in context
item,helmet_football,football helmet,4,1,dda,direct,direct,direct,physical/other; inspect in context
vehicle,big_portable_fridge,food truck fridge,4,1,dda,direct,direct,direct,physical/other; inspect in context
vehicle,big_portable_freezer,food truck freezer,4,1,dda,direct,direct,direct,physical/other; inspect in context
item,glowing_mushroom,glowing mushroom caps,3,1,magiclysm,looks_like,looks_like,looks_like,physical/other; inspect in context
item,manual_robotics_kit,robotics kit instructions,3,1,dda,looks_like,looks_like,looks_like,physical/other; inspect in context
item,folding_stock,folding stock,3,1,dda,direct,direct,direct,physical/other; inspect in context
item,undine_sample,undine sample,3,1,xedra_evolved,looks_like,looks_like,looks_like,physical/other; inspect in context
item,retool_ar15_300blk_medium,CQB .300BLK upper receiver,3,1,dda,looks_like,looks_like,looks_like,physical/other; inspect in context
item,cannabis,cannabis plant,3,1,dda,direct,direct,direct,physical/other; inspect in context
item,collector_book,collector's edition book,3,1,dda,direct,direct,direct,physical/other; inspect in context
item,swbodyguard,.380 conceal carry handgun,3,1,dda,looks_like,looks_like,looks_like,physical/other; inspect in context
item,wire_stock,collapsing wire stock,3,1,dda,direct,direct,direct,physical/other; inspect in context
item,m9,M9 combat pistol,3,1,dda,direct,direct,direct,physical/other; inspect in context
item,glock40mag_10,Glock .40 S&W 10-round magazine,3,1,dda,looks_like,looks_like,looks_like,physical/other; inspect in context
item,stanag5,STANAG 5-round magazine,3,1,dda,direct,direct,direct,physical/other; inspect in context
item,remington_700,Remington 700 .30-06 rifle,3,1,dda,direct,direct,direct,physical/other; inspect in context
item,3006,.30-06 FMJ,3,1,dda,direct,direct,direct,physical/other; inspect in context
item,belt50,.50 BMG ammo belt,3,1,dda,direct,direct,direct,physical/other; inspect in context
item,sholster,fast draw holster,3,1,dda,direct,direct,direct,physical/other; inspect in context
item,wetsuit_booties,diving socks (pair),3,1,dda,direct,direct,direct,physical/other; inspect in context
item,vacuum_sealing,Vacuum Sealer Instructions,3,1,dda,looks_like,looks_like,looks_like,physical/other; inspect in context
item,cheongsam,cheongsam,3,1,dda,looks_like,looks_like,looks_like,physical/other; inspect in context
furniture,f_dive_block,diving block,3,1,dda,direct,direct,direct,physical/other; inspect in context
item,basic_pyromancy_expurgated,"Practical Pyromancy, Seventh Edition",2,1,magiclysm,looks_like,looks_like,looks_like,physical/other; inspect in context
item,38_special,.38 Special JHP,2,1,dda,direct,direct,direct,physical/other; inspect in context
item,flashbang,flashbang,2,1,dda,direct,direct,direct,physical/other; inspect in context
item,sr22,.22 plinking handgun,2,1,dda,direct,direct,direct,physical/other; inspect in context
item,bt_apc9k,B&T APC9 PRO K submachine gun,2,1,dda,direct,direct,direct,physical/other; inspect in context
item,57mm,5.7x28mm FMJ AP,2,1,dda,direct,direct,direct,physical/other; inspect in context
item,m9mag,M9 15-round magazine,2,1,dda,direct,direct,direct,physical/other; inspect in context
item,bot_grenade_hack,inactive grenade hack,2,1,dda,direct,direct,direct,physical/other; inspect in context
item,lens,high-quality lens,2,1,dda,direct,direct,direct,physical/other; inspect in context
item,platinum_small,platinum,2,1,dda,direct,direct,direct,physical/other; inspect in context
item,stanag5ranger,STANAG 5-round magazine with ranger plate,2,1,dda,looks_like,looks_like,looks_like,physical/other; inspect in context
item,270win_jsp,.270 Winchester JSP,2,1,dda,direct,direct,direct,physical/other; inspect in context
item,40fmj,.40 S&W FMJ,2,1,dda,direct,direct,direct,physical/other; inspect in context
item,410shot_000,.410 buckshot,2,1,dda,direct,direct,direct,physical/other; inspect in context
item,remington_870_express,7-round riot shotgun,2,1,dda,direct,direct,direct,physical/other; inspect in context
item,glock_23,Glock 23 pistol,2,1,dda,looks_like,looks_like,looks_like,physical/other; inspect in context
item,rifle_case_soft,rifle case,2,1,dda,direct,direct,direct,physical/other; inspect in context
item,modular_ump,UMP submachine gun,2,1,dda,looks_like,looks_like,looks_like,physical/other; inspect in context
item,454_speedloader5,.454 5-round speedloader,2,1,dda,direct,direct,direct,physical/other; inspect in context
item,esbi_plate,ESBI ballistic plate,2,1,dda,direct,direct,direct,physical/other; inspect in context
item,book_nonf_hard_homemk_anythingcan,Anything Can Be Beautiful,2,1,dda,direct,direct,direct,physical/other; inspect in context
item,300_winmag,.300 Winchester Magnum JHP,2,1,dda,direct,direct,direct,physical/other; inspect in context
vehicle,water_faucet,,2,1,dda,direct,direct,direct,physical/other; inspect in context
item,tea_sweetened,sweetened tea,1,1,dda,direct,direct,direct,physical/other; inspect in context
item,rail_laser_sight,rail laser sight,1,1,dda,direct,direct,direct,physical/other; inspect in context
item,ar10mag_20rd,AR-10 20-round magazine,1,1,dda,direct,direct,direct,physical/other; inspect in context
item,glockmag_10,Glock 19 9x19mm 10-round magazine,1,1,dda,looks_like,looks_like,looks_like,physical/other; inspect in context
item,px4mag_10rd,Px4 9x19mm 10-round magazine,1,1,dda,direct,direct,direct,physical/other; inspect in context
item,sp2022mag_10rd_9mm,SP2022 10-round magazine,1,1,dda,direct,direct,direct,physical/other; inspect in context
item,32_acp,.32 ACP FMJ,1,1,dda,direct,direct,direct,physical/other; inspect in context
item,mrad_smr,Barrett precision rifle,1,1,dda,looks_like,looks_like,looks_like,physical/other; inspect in context
item,mrad_338lapua_mag,Barrett .338 Lapua 10-round magazine,1,1,dda,looks_like,looks_like,looks_like,physical/other; inspect in context
item,cheek_pad,cheek pad,1,1,dda,direct,direct,direct,physical/other; inspect in context
item,357mag_fmj,.357 Magnum FMJ,1,1,dda,direct,direct,direct,physical/other; inspect in context
item,357mag_jhp,.357 Magnum JHP,1,1,dda,direct,direct,direct,physical/other; inspect in context
item,38_fmj,.38 Special FMJ,1,1,dda,direct,direct,direct,physical/other; inspect in context
item,545,5.45x39mm FMJ,1,1,dda,direct,direct,direct,physical/other; inspect in context
item,38_speedloader6,.38/.357 6-round speedloader,1,1,dda,direct,direct,direct,physical/other; inspect in context
item,marlin_336_3030,6-shot lever-action rifle,1,1,dda,looks_like,looks_like,looks_like,physical/other; inspect in context
item,mossberg_500,6-round combat shotgun,1,1,dda,direct,direct,direct,physical/other; inspect in context
item,bot_skitterbot,inactive skitterbot,1,1,dda,direct,direct,direct,physical/other; inspect in context
item,p365,P365 handgun,1,1,dda,looks_like,looks_like,looks_like,physical/other; inspect in context
item,offset_sight_rail,offset sight rail,1,1,dda,direct,direct,direct,physical/other; inspect in context
item,m9bigmag,M9 30-round magazine,1,1,dda,direct,direct,direct,physical/other; inspect in context
item,ammolink308,.308 ammo belt linkage,1,1,dda,direct,direct,direct,physical/other; inspect in context
item,hk_mp5sd,H&K MP5SD submachine gun,1,1,dda,direct,direct,direct,physical/other; inspect in context
item,mp5sd_suppressor,MP5SD integral suppressor,1,1,dda,direct,direct,direct,physical/other; inspect in context
item,glock_18c,Glock machine pistol,1,1,dda,direct,direct,direct,physical/other; inspect in context
item,glock17_10,Glock 9x19mm 10-round magazine,1,1,dda,looks_like,looks_like,looks_like,physical/other; inspect in context
item,barrel_ported,ported barrel,1,1,dda,direct,direct,direct,physical/other; inspect in context
item,walther_p22,Walther training pistol,1,1,dda,direct,direct,direct,physical/other; inspect in context
item,autoclave,disconnected autoclave,1,1,dda,direct,direct,direct,physical/other; inspect in context
item,bio_sunglasses,Anti-Glare Compensators CBM,1,1,dda,direct,direct,direct,physical/other; inspect in context
item,magnetron,magnetron,1,1,dda,direct,direct,direct,physical/other; inspect in context
item,anvil,anvil,1,1,dda,direct,direct,direct,physical/other; inspect in context
item,hard_plate,hard plating,1,1,dda,direct,direct,direct,physical/other; inspect in context
item,welder_crude,makeshift arc welder,1,1,dda,direct,direct,direct,physical/other; inspect in context
item,dry_mushroom,dried mushroom,1,1,dda,direct,direct,direct,physical/other; inspect in context
item,battery_motorbike_small,small motorbike battery,1,1,dda,direct,direct,direct,physical/other; inspect in context
item,1cyl_combustion_large,0.2 L large 1-cylinder engine,1,1,dda,direct,direct,direct,physical/other; inspect in context
item,book_nonf_hard_homemk_grtrms,The Greatest Rooms of the Century,1,1,dda,direct,direct,direct,physical/other; inspect in context
item,duster_fur,fur duster,1,1,dda,direct,direct,direct,physical/other; inspect in context
item,seed_thyme,thyme seeds,1,1,dda,direct,direct,direct,physical/other; inspect in context
item,seed_mugwort,mugwort seeds,1,1,dda,direct,direct,direct,physical/other; inspect in context
terrain,t_rdoor_b,damaged reinforced wood door,1,1,dda,direct,direct,direct,physical/other; inspect in context
vehicle,funnel,,1,1,dda,direct,direct,direct,physical/other; inspect in context
vehicle,plating_hard,,1,1,dda,direct,direct,direct,physical/other; inspect in context
vehicle,battery_motorbike_small,,1,1,dda,direct,direct,direct,physical/other; inspect in context
vehicle,engine_1cyl_large,,1,1,dda,direct,direct,direct,physical/other; inspect in context
terrain,t_open_air,open air,3534723,0,dda,direct,direct,direct,physical/other; inspect in context
terrain,t_treetop,treetop,190038,0,dda,direct,direct,direct,physical/other; inspect in context
terrain,t_water_moving_dp,flowing deep water,188386,0,dda,direct,direct,direct,physical/other; inspect in context
item,material_sand,sand,178295,0,dda,direct,direct,direct,physical/other; inspect in context
terrain,t_soil,solid earth,101934,0,dda,direct,direct,direct,physical/other; inspect in context
item,welding_wire_alloy,aluminum welding wire,88090,0,dda,direct,direct,direct,physical/other; inspect in context
terrain,t_rock_floor,rock floor,84963,0,dda,direct,direct,direct,physical/other; inspect in context
item,material_quicklime,quicklime powder,66614,0,dda,direct,direct,direct,physical/other; inspect in context
terrain,t_guardrail,guard rail,66174,0,dda,direct,direct,direct,physical/other; inspect in context
terrain,t_rock,solid rock,63668,0,dda,direct,direct,direct,physical/other; inspect in context
terrain,t_railroad_rubble,gravel,62607,0,dda,direct,direct,direct,physical/other; inspect in context
terrain,t_strconc_floor,reinforced concrete floor,47293,0,dda,direct,direct,direct,physical/other; inspect in context
item,material_cement,cement powder,42352,0,dda,direct,direct,direct,physical/other; inspect in context
item,seed_corn,corn seeds,37013,0,dda,direct,direct,direct,physical/other; inspect in context
terrain,t_shingle_flat_roof,shingle flat roof,35660,0,dda,direct,direct,direct,physical/other; inspect in context
terrain,t_grass_tall,tall grass,32516,0,dda,direct,direct,direct,physical/other; inspect in context
terrain,t_concrete_wall,concrete wall,30493,0,dda,direct,direct,direct,physical/other; inspect in context
terrain,t_railroad_tie,railroad tie,26951,0,dda,direct,direct,direct,physical/other; inspect in context
terrain,t_flat_roof,flat roof,26222,0,dda,direct,direct,direct,physical/other; inspect in context
terrain,t_metal_flat_roof,metal flat roof,25378,0,dda,direct,direct,direct,physical/other; inspect in context
terrain,t_strconc_wall,reinforced concrete wall,23487,0,dda,direct,direct,direct,physical/other; inspect in context
terrain,t_water_moving_sh,flowing shallow water,23246,0,dda,direct,direct,direct,physical/other; inspect in context
terrain,t_railroad_track,railroad track,22427,0,dda,direct,direct,direct,physical/other; inspect in context
furniture,f_plant_seedling,seedling,22007,0,dda,direct,direct,direct,physical/other; inspect in context
terrain,t_treetop_evergreen,treetop,21326,0,dda,direct,direct,direct,physical/other; inspect in context
furniture,f_plant_mature,mature plant,14970,0,dda,direct,direct,direct,physical/other; inspect in context
terrain,t_gutter,rain gutter,14483,0,dda,direct,direct,direct,physical/other; inspect in context
terrain,t_treetop_dead,dead treetop,12775,0,dda,direct,direct,direct,physical/other; inspect in context
terrain,t_sewage_pipe,high gauge pipe,12026,0,dda,direct,direct,direct,physical/other; inspect in context
terrain,t_water_sh_murky_underground,murky shallow water,11911,0,dda,direct,direct,direct,physical/other; inspect in context
terrain,t_open_air_rooved,open air,11203,0,dda,direct,direct,direct,physical/other; inspect in context
terrain,t_railroad_track_on_tie,railroad track,10858,0,dda,direct,direct,direct,physical/other; inspect in context
terrain,t_water_murky,murky shallow water,10734,0,dda,direct,direct,direct,physical/other; inspect in context
terrain,t_obsidian_floor,obsidian floor,10428,0,xedra_evolved,looks_like,looks_like,looks_like,physical/other; inspect in context
item,material_gravel,gravel,10032,0,dda,direct,direct,direct,physical/other; inspect in context
terrain,t_strconc_floor_no_roof,reinforced concrete floor,9006,0,dda,looks_like,looks_like,looks_like,physical/other; inspect in context
item,butter,butter,8039,0,dda,direct,direct,direct,physical/other; inspect in context
terrain,t_sewage,sewage,7683,0,dda,direct,direct,direct,physical/other; inspect in context
terrain,t_water_dp,deep water,7009,0,dda,direct,direct,direct,physical/other; inspect in context
terrain,t_pavement_hw_air,bridge pavement,6696,0,dda,direct,direct,direct,physical/other; inspect in context
terrain,t_sand,sand,6386,0,dda,direct,direct,direct,physical/other; inspect in context
terrain,t_scrap_floor,simple metal floor,6344,0,dda,direct,direct,direct,physical/other; inspect in context
terrain,t_floor_burnt,burnt floor,6047,0,dda,direct,direct,direct,physical/other; inspect in context
terrain,t_bridge,walkway,5648,0,dda,direct,direct,direct,physical/other; inspect in context
item,leaves,handful of leaves,5589,0,dda,direct,direct,direct,physical/other; inspect in context
terrain,t_wall_w,white wall,5205,0,dda,direct,direct,direct,physical/other; inspect in context
item,pencil,pencil,4891,0,dda,direct,direct,direct,physical/other; inspect in context
furniture,f_cattails,cattails,4642,0,dda,direct,direct,direct,physical/other; inspect in context
item,lasagne_raw,raw lasagne pasta,4310,0,dda,direct,direct,direct,physical/other; inspect in context
terrain,t_chainfence,chain link fence,4118,0,dda,direct,direct,direct,physical/other; inspect in context
terrain,t_metal_railing,metal railing,3881,0,dda,direct,direct,direct,physical/other; inspect in context
item,twig,twig,3694,0,dda,direct,direct,direct,physical/other; inspect in context
terrain,t_nether_glass_floor,black glass,3449,0,dda,direct,direct,direct,physical/other; inspect in context
item,napkin,napkin,3388,0,dda,direct,direct,direct,physical/other; inspect in context
terrain,t_scrap_wall,simple metal wall,3350,0,dda,direct,direct,direct,physical/other; inspect in context
item,bread,bread,3069,0,dda,direct,direct,direct,physical/other; inspect in context
item,coffee_raw_kentucky,Kentucky coffee grounds,2969,0,dda,direct,direct,direct,physical/other; inspect in context
terrain,t_thconc_floor_flesh,overgrown floor,2951,0,dda,direct,direct,direct,physical/other; inspect in context
terrain,t_rock_floor_no_roof,rock floor,2916,0,dda,direct,direct,direct,physical/other; inspect in context
item,chem_sulphur,sulfur,2808,0,dda,direct,direct,direct,physical/other; inspect in context
item,egg_bird_unfert,unfertilized bird egg,2742,0,dda,direct,direct,direct,physical/other; inspect in context
furniture,f_generator_broken,broken generator,2736,0,dda,direct,direct,direct,physical/other; inspect in context
item,candle_small,small candle,2716,0,dda,direct,direct,direct,physical/other; inspect in context
terrain,t_grate,metal grate,2636,0,dda,direct,direct,direct,physical/other; inspect in context
terrain,t_metal_floor,metal floor,2622,0,dda,direct,direct,direct,physical/other; inspect in context
item,material_soil,soil,2549,0,dda,direct,direct,direct,physical/other; inspect in context
terrain,t_fungus_floor_in,fungal floor,2538,0,dda,direct,direct,direct,physical/other; inspect in context
terrain,t_wall_metal,metal wall,2496,0,dda,direct,direct,direct,physical/other; inspect in context
item,curry_powder,curry powder,2468,0,dda,direct,direct,direct,physical/other; inspect in context
terrain,t_wall_burnt,burnt wall,2425,0,dda,direct,direct,direct,physical/other; inspect in context
terrain,t_grass_grazed,grazed grass,2417,0,dda,looks_like,looks_like,looks_like,physical/other; inspect in context
item,bread_flour,bread flour,2264,0,dda,direct,direct,direct,physical/other; inspect in context
item,roasted_coffee_bean,roasted coffee beans,2197,0,dda,direct,direct,direct,physical/other; inspect in context
item,bfipowder,antiseptic powder,2189,0,dda,direct,direct,direct,physical/other; inspect in context
item,chem_carbide,calcium carbide powder,2129,0,dda,direct,direct,direct,physical/other; inspect in context
terrain,t_strconc_wall_w,reinforced white concrete wall,2034,0,dda,looks_like,looks_like,looks_like,physical/other; inspect in context
furniture,f_purple_loosestrife,purple loosestrife,1958,0,dda,looks_like,looks_like,looks_like,physical/other; inspect in context
terrain,t_tar_flat_roof,tar paper flat roof,1915,0,dda,direct,direct,direct,physical/other; inspect in context
item,concrete,dry concrete mix,1722,0,dda,direct,direct,direct,physical/other; inspect in context
terrain,t_privacy_fence,wooden privacy fence,1720,0,dda,direct,direct,direct,physical/other; inspect in context
item,gelatin_powder,powdered gelatin,1590,0,dda,direct,direct,direct,physical/other; inspect in context
terrain,t_railroad_track_d,railroad track,1580,0,dda,direct,direct,direct,physical/other; inspect in context
item,rock_large,large rock,1571,0,dda,direct,direct,direct,physical/other; inspect in context
item,spring,large spring,1477,0,dda,direct,direct,direct,physical/other; inspect in context
item,feces_bird,bird litter,1467,0,dda,direct,direct,direct,physical/other; inspect in context
item,plastic_sheet_small,plastic sheet,1451,0,dda,direct,direct,direct,physical/other; inspect in context
terrain,t_metal_floor_no_roof,metal floor,1440,0,dda,direct,direct,direct,physical/other; inspect in context
terrain,t_floor_resin,resin floor,1413,0,dda,direct,direct,direct,physical/other; inspect in context
item,copper_wire,raw copper wire,1408,0,dda,direct,direct,direct,physical/other; inspect in context
terrain,t_glassed_sand,glassed sand,1392,0,dda,looks_like,looks_like,looks_like,physical/other; inspect in context
item,cotton_ball,cotton balls,1383,0,dda,direct,direct,direct,physical/other; inspect in context
item,string_6,short string,1344,0,dda,direct,direct,direct,physical/other; inspect in context
terrain,t_concrete_wall_w,white concrete wall,1333,0,dda,looks_like,looks_like,looks_like,physical/other; inspect in context
terrain,t_ramp_up_low,road ramp up (low end),1285,0,dda,direct,direct,direct,physical/other; inspect in context
terrain,t_ramp_up_high,road ramp up (high end),1285,0,dda,direct,direct,direct,physical/other; inspect in context
terrain,t_ramp_down_low,road ramp down (low end),1285,0,dda,direct,direct,direct,physical/other; inspect in context
terrain,t_ramp_down_high,road ramp down (high end),1285,0,dda,direct,direct,direct,physical/other; inspect in context
item,magnesium,magnesium powder,1283,0,dda,direct,direct,direct,physical/other; inspect in context
terrain,t_floor_waxed,waxed floor,1254,0,dda,direct,direct,direct,physical/other; inspect in context
item,strong_antibiotic,broad-spectrum antibiotics,1252,0,dda,direct,direct,direct,physical/other; inspect in context
item,ceramic_shard,ceramic shard,1241,0,dda,direct,direct,direct,physical/other; inspect in context
item,chem_chromium_oxide,chromium oxide powder,1202,0,dda,direct,direct,direct,physical/other; inspect in context
terrain,t_roof_paper,flat roof,1102,0,dda,direct,direct,direct,physical/other; inspect in context
furniture,f_rubble_landfill,pile of trashy rubble,1079,0,dda,direct,direct,direct,physical/other; inspect in context
terrain,t_wall_resin,resin wall,1069,0,dda,direct,direct,direct,physical/other; inspect in context
terrain,t_railing,railing,1063,0,dda,direct,direct,direct,physical/other; inspect in context
furniture,f_rubble,pile of rubble,1042,0,dda,direct,direct,direct,physical/other; inspect in context
item,flint,flint,1015,0,dda,looks_like,looks_like,looks_like,physical/other; inspect in context
terrain,t_reinforced_glass_lab,reinforced glass,1009,0,dda,looks_like,looks_like,looks_like,physical/other; inspect in context
item,naproxen,naproxen,1004,0,dda,direct,direct,direct,physical/other; inspect in context
item,green_pen,green pen,985,0,dda,direct,direct,direct,physical/other; inspect in context
terrain,t_fence_barbed,barbed wire fence,985,0,dda,direct,direct,direct,physical/other; inspect in context
item,red_pen,red pen,984,0,dda,direct,direct,direct,physical/other; inspect in context
item,xanax,fast-acting sedative,984,0,dda,direct,direct,direct,physical/other; inspect in context
terrain,t_carpet_strconcrete_yellow,industrial yellow carpet,984,0,dda,looks_like,looks_like,looks_like,physical/other; inspect in context
item,red_pen_ink,red pen ink,983,0,dda,direct,direct,direct,physical/other; inspect in context
terrain,t_window_domestic,window with curtains,980,0,dda,direct,direct,direct,physical/other; inspect in context
item,green_pen_ink,green pen ink,978,0,dda,direct,direct,direct,physical/other; inspect in context
item,onion_rings,onion rings,977,0,dda,direct,direct,direct,physical/other; inspect in context
terrain,t_wall,wall,974,0,dda,direct,direct,direct,physical/other; inspect in context
item,crackers,cracker,954,0,dda,direct,direct,direct,physical/other; inspect in context
terrain,t_guardrail_hw_air,guard rail,948,0,dda,direct,direct,direct,physical/other; inspect in context
terrain,t_rock_wall,stone wall,946,0,dda,direct,direct,direct,physical/other; inspect in context
item,sharp_rock,sharp rock,939,0,dda,direct,direct,direct,physical/other; inspect in context
terrain,t_sidewalk_hw_air,bridge sidewalk,924,0,dda,direct,direct,direct,physical/other; inspect in context
terrain,t_wall_log,log wall,916,0,dda,direct,direct,direct,physical/other; inspect in context
item,memory_card,memory card,911,0,dda,looks_like,looks_like,looks_like,physical/other; inspect in context
item,chem_manganese_dioxide,manganese dioxide powder,909,0,dda,direct,direct,direct,physical/other; inspect in context
item,water_clean,clean water,893,0,dda,direct,direct,direct,physical/other; inspect in context
terrain,t_concrete_roof,concrete roof,886,0,dda,looks_like,looks_like,looks_like,physical/other; inspect in context
terrain,t_concrete_wall_flesh,overgrown wall,882,0,dda,direct,direct,direct,physical/other; inspect in context
terrain,t_strconc_floor_olight,"strong concrete floor, overhead light",873,0,dda,looks_like,looks_like,looks_like,physical/other; inspect in context
terrain,t_door_glass_frosted_lab_c,closed frosted glass door,871,0,dda,direct,direct,direct,physical/other; inspect in context
terrain,t_glass_roof,skylight,850,0,dda,direct,direct,direct,physical/other; inspect in context
terrain,t_triffid_leaves,branches with leaves,848,0,dda,direct,direct,direct,physical/other; inspect in context
item,diazepam,prescription sedative,843,0,dda,direct,direct,direct,physical/other; inspect in context
furniture,f_wreckage,metal wreckage,808,0,dda,direct,direct,direct,physical/other; inspect in context
terrain,t_clay,clay,788,0,dda,direct,direct,direct,physical/other; inspect in context
item,chem_zinc_powder,zinc powder,785,0,dda,direct,direct,direct,physical/other; inspect in context
item,fertilizer_commercial,commercial fertilizer,780,0,dda,direct,direct,direct,physical/other; inspect in context
furniture,f_hedge_short,short hedge,780,0,dda,direct,direct,direct,physical/other; inspect in context
terrain,t_wall_gray,gray wall,776,0,dda,looks_like,looks_like,looks_like,physical/other; inspect in context
terrain,t_splitrail_fence,split rail fence,771,0,dda,direct,direct,direct,physical/other; inspect in context
item,bubblewrap,bubble wrap,769,0,dda,direct,direct,direct,physical/other; inspect in context
item,scorecard,score card,752,0,dda,direct,direct,direct,physical/other; inspect in context
furniture,f_console_broken,broken console,752,0,dda,direct,direct,direct,physical/other; inspect in context
item,field_stone,field stone,751,0,dda,direct,direct,direct,physical/other; inspect in context
terrain,t_railroad_track_small,small railroad track,751,0,dda,direct,direct,direct,physical/other; inspect in context
terrain,t_strconc_wall_gray,reinforced gray concrete wall,742,0,dda,looks_like,looks_like,looks_like,physical/other; inspect in context
item,hairpin,hairpin,727,0,dda,direct,direct,direct,physical/other; inspect in context
terrain,t_wall_g,green wall,710,0,dda,direct,direct,direct,physical/other; inspect in context
item,plastic_bucket,plastic tub,699,0,dda,direct,direct,direct,physical/other; inspect in context
terrain,t_pavement_y_hw_air,bridge yellow pavement,696,0,dda,direct,direct,direct,physical/other; inspect in context
terrain,t_sconc_wall_w,simple white concrete wall,691,0,dda,looks_like,looks_like,looks_like,physical/other; inspect in context
item,can_cheese,cheese spread,686,0,dda,direct,direct,direct,physical/other; inspect in context
item,thorazine,antipsychotic,685,0,dda,direct,direct,direct,physical/other; inspect in context
furniture,f_thistle,thistle,673,0,dda,looks_like,looks_like,looks_like,physical/other; inspect in context
terrain,t_sconc_wall_gray,simple gray concrete wall,671,0,dda,looks_like,looks_like,looks_like,physical/other; inspect in context
terrain,t_window,window,661,0,dda,direct,direct,direct,physical/other; inspect in context
terrain,t_door_metal_c,closed metal door,661,0,dda,direct,direct,direct,physical/other; inspect in context
terrain,t_sconc_wall,simple concrete wall,652,0,dda,direct,direct,direct,physical/other; inspect in context
furniture,f_salsify,salsify,651,0,dda,direct,direct,direct,physical/other; inspect in context
item,mustard_powder,mustard powder,650,0,dda,direct,direct,direct,physical/other; inspect in context
furniture,f_server,server stack,643,0,dda,direct,direct,direct,physical/other; inspect in context
item,prozac,antidepressant,641,0,dda,direct,direct,direct,physical/other; inspect in context
terrain,t_tree_deadpine_warped,warped dead pine tree,632,0,dda,direct,direct,direct,physical/other; inspect in context
terrain,t_puddle_underground,recess,626,0,dda,looks_like,looks_like,looks_like,physical/other; inspect in context
furniture,f_ground_cable,ground cable,624,0,dda,direct,direct,direct,physical/other; inspect in context
item,nic_pouch_can,nicotine pouch can,621,0,dda,direct,direct,direct,physical/other; inspect in context
item,nic_gum,nicotine gum,614,0,dda,direct,direct,direct,physical/other; inspect in context
terrain,t_switchgear_l,large switchgear,607,0,dda,direct,direct,direct,physical/other; inspect in context
terrain,t_pit_corpsed,corpse filled pit,599,0,dda,direct,direct,direct,physical/other; inspect in context
item,chem_citric_acid,citric acid powder,597,0,dda,direct,direct,direct,physical/other; inspect in context
furniture,f_asparagus_wild,wild asparagus,592,0,dda,looks_like,looks_like,looks_like,physical/other; inspect in context
item,mil_plate,military composite plating,585,0,dda,direct,direct,direct,physical/other; inspect in context
vehicle,plating_military,,585,0,dda,direct,direct,direct,physical/other; inspect in context
terrain,t_concrete_wall_gray,gray concrete wall,582,0,dda,looks_like,looks_like,looks_like,physical/other; inspect in context
item,caff_gum,caffeinated chewing gum,577,0,dda,direct,direct,direct,physical/other; inspect in context
item,55gal_drum,steel drum (200 L),573,0,dda,direct,direct,direct,physical/other; inspect in context
furniture,f_locker,locker,568,0,dda,direct,direct,direct,physical/other; inspect in context
terrain,t_zebra,pedestrian crossing,564,0,dda,direct,direct,direct,physical/other; inspect in context
item,bread_garlic,garlic bread,560,0,dda,direct,direct,direct,physical/other; inspect in context
item,sprinkles,sprinkles,558,0,dda,direct,direct,direct,physical/other; inspect in context
furniture,f_glass_fridge,single glass door fridge,548,0,dda,direct,direct,direct,physical/other; inspect in context
terrain,t_wall_b,blue wall,543,0,dda,direct,direct,direct,physical/other; inspect in context
terrain,t_carpet_yellow,yellow carpet,525,0,dda,direct,direct,direct,physical/other; inspect in context
item,123ln_ap,12.3ln AP,524,0,dda,looks_like,looks_like,looks_like,physical/other; inspect in context
terrain,t_paper,paper wall,524,0,dda,direct,direct,direct,physical/other; inspect in context
vehicle,hdroof,heavy-duty roof,522,0,dda,direct,direct,direct,physical/other; inspect in context
terrain,t_mud,mud,516,0,dda,direct,direct,direct,physical/other; inspect in context
terrain,t_floor_noroof,wooden floor,514,0,dda,direct,direct,direct,physical/other; inspect in context
furniture,f_hedge_tall,tall hedge,504,0,dda,direct,direct,direct,physical/other; inspect in context
terrain,t_tree_crabapple,crabapple tree,496,0,dda,looks_like,looks_like,looks_like,physical/other; inspect in context
furniture,f_warehouse_shelf,warehouse shelf,490,0,dda,direct,direct,direct,physical/other; inspect in context
furniture,f_large_canvas_wall,canvas wall,487,0,dda,direct,direct,direct,physical/other; inspect in context
furniture,f_machinery_heavy,heavy machinery,487,0,dda,direct,direct,direct,physical/other; inspect in context
item,chips,chips,477,0,dda,direct,direct,direct,physical/other; inspect in context
terrain,t_resin_roof,resin roof,477,0,dda,direct,direct,direct,physical/other; inspect in context
terrain,t_carpet_purple,purple carpet,472,0,dda,direct,direct,direct,physical/other; inspect in context
item,meat_tainted,chunk of tainted meat,466,0,dda,direct,direct,direct,physical/other; inspect in context
item,flatbread,flatbread,464,0,dda,direct,direct,direct,physical/other; inspect in context
terrain,t_bars,metal bars,461,0,dda,direct,direct,direct,physical/other; inspect in context
item,heatpack,heat pack,459,0,dda,direct,direct,direct,physical/other; inspect in context
terrain,t_floor_paper,paper floor,455,0,dda,direct,direct,direct,physical/other; inspect in context
terrain,t_paper_hard,layered paper wall,454,0,dda,direct,direct,direct,physical/other; inspect in context
furniture,f_machinery_light,light machinery,453,0,dda,direct,direct,direct,physical/other; inspect in context
terrain,t_fence,picket fence,446,0,dda,direct,direct,direct,physical/other; inspect in context
terrain,t_nether_stone,black stone,441,0,mindovermatter,looks_like,looks_like,looks_like,physical/other; inspect in context
terrain,t_wall_orange,orange wall,439,0,dda,looks_like,looks_like,looks_like,physical/other; inspect in context
item,tobacco,rolling tobacco,438,0,dda,direct,direct,direct,physical/other; inspect in context
furniture,f_standing_tank,standing tank,437,0,dda,direct,direct,direct,physical/other; inspect in context
furniture,f_fungal_clump,fungal clump,435,0,dda,direct,direct,direct,physical/other; inspect in context
furniture,f_hay,bale of hay,425,0,dda,direct,direct,direct,physical/other; inspect in context
furniture,f_druid_brambles,brambles,425,0,magiclysm,looks_like,looks_like,looks_like,physical/other; inspect in context
item,snack_bread,wheat snack bread,424,0,dda,looks_like,looks_like,looks_like,physical/other; inspect in context
item,ear_plugs,ear plugs (pair),423,0,dda,direct,direct,direct,physical/other; inspect in context
terrain,t_horn_moss,horn moss,422,0,magiclysm,looks_like,looks_like,looks_like,physical/other; inspect in context
item,plastic_sheet,large plastic sheet,421,0,dda,direct,direct,direct,physical/other; inspect in context
item,mre_package,MRE package,421,0,dda,direct,direct,direct,physical/other; inspect in context
item,oyster_crackers,oyster cracker,420,0,dda,direct,direct,direct,physical/other; inspect in context
terrain,t_tile_flat_roof,tile flat roof,420,0,dda,direct,direct,direct,physical/other; inspect in context
item,spork,spork,419,0,dda,direct,direct,direct,physical/other; inspect in context
item,mre_bag_dessert,MRE dessert bag,416,0,dda,direct,direct,direct,physical/other; inspect in context
terrain,t_sewage_pump,high gauge pump,413,0,dda,direct,direct,direct,physical/other; inspect in context
furniture,f_maianthemum_stellatum,starry false Solomon's seal,413,0,dda,direct,direct,direct,physical/other; inspect in context
item,caffeine,caffeine pill,406,0,dda,direct,direct,direct,physical/other; inspect in context
furniture,f_metal_bench,metal bench,405,0,dda,direct,direct,direct,physical/other; inspect in context
item,fungicide,fungicide powder,400,0,dda,direct,direct,direct,physical/other; inspect in context
terrain,t_water_pool_shallow,shallow pool water,397,0,dda,direct,direct,direct,physical/other; inspect in context
terrain,t_bulk_tank,bulk tank,395,0,dda,direct,direct,direct,physical/other; inspect in context
furniture,f_mutpoppy,mutated poppy flower,389,0,dda,direct,direct,direct,physical/other; inspect in context
item,herbal_tea_bag,herbal tea bag,388,0,dda,direct,direct,direct,physical/other; inspect in context
terrain,t_roof_paper_hard,flat roof,387,0,dda,looks_like,looks_like,looks_like,physical/other; inspect in context
item,chem_saltpetre,saltpeter powder,385,0,dda,direct,direct,direct,physical/other; inspect in context
terrain,t_pit_shallow,shallow pit,383,0,dda,direct,direct,direct,physical/other; inspect in context
terrain,t_carpet_green,green carpet,379,0,dda,direct,direct,direct,physical/other; inspect in context
terrain,t_wall_glass_lab,glass wall,378,0,dda,looks_like,looks_like,looks_like,physical/other; inspect in context
terrain,t_curtains,window with closed curtains,378,0,dda,direct,direct,direct,physical/other; inspect in context
vehicle,plating_steel,,375,0,dda,direct,direct,direct,physical/other; inspect in context
item,melatonin_tablet,melatonin tablet,373,0,dda,direct,direct,direct,physical/other; inspect in context
furniture,f_filing_cabinet,filing cabinet,368,0,dda,direct,direct,direct,physical/other; inspect in context
item,sandpaper,sandpaper,360,0,dda,direct,direct,direct,physical/other; inspect in context
terrain,t_reinforced_glass,reinforced glass,355,0,dda,direct,direct,direct,physical/other; inspect in context
terrain,t_nether_water_sh,black water,354,0,mindovermatter,looks_like,looks_like,looks_like,physical/other; inspect in context
item,lye_powder,lye powder,353,0,dda,direct,direct,direct,physical/other; inspect in context
item,exodiiBRmag_26,Exodii battle rifle box magazine,352,0,dda,looks_like,looks_like,looks_like,physical/other; inspect in context
item,ceramic_mug,coffee mug,350,0,dda,direct,direct,direct,physical/other; inspect in context
terrain,t_tree_small_alien_3,alien tree,350,0,mindovermatter,looks_like,looks_like,looks_like,physical/other; inspect in context
item,coin_dime,dime,347,0,dda,direct,direct,direct,physical/other; inspect in context
terrain,t_wall_brown,brown wall,347,0,dda,looks_like,looks_like,looks_like,physical/other; inspect in context
furniture,f_canvas_wall,canvas wall,347,0,dda,direct,direct,direct,physical/other; inspect in context
item,office_holepunch,hole puncher,341,0,dda,direct,direct,direct,physical/other; inspect in context
furniture,f_lilypad,lilypad,338,0,dda,direct,direct,direct,physical/other; inspect in context
item,chocolate,chocolate bar,335,0,dda,direct,direct,direct,physical/other; inspect in context
item,ravioli,ravioli,332,0,dda,direct,direct,direct,physical/other; inspect in context
item,hi_q_wax,cannabis wax,332,0,dda,direct,direct,direct,physical/other; inspect in context
furniture,f_water_purifier,water purifier,331,0,dda,direct,direct,direct,physical/other; inspect in context
item,bag_canvas_small,canvas bag,326,0,dda,direct,direct,direct,physical/other; inspect in context
item,tea_fruit_bag,fruit tea bag,325,0,dda,direct,direct,direct,physical/other; inspect in context
item,teddy_bear,plush toy,321,0,dda,direct,direct,direct,physical/other; inspect in context
item,can_corn,canned corn,319,0,dda,direct,direct,direct,physical/other; inspect in context
terrain,t_gutter_drop,gutter drop,317,0,dda,direct,direct,direct,physical/other; inspect in context
terrain,t_obsidian_roof,obsidian roof,317,0,xedra_evolved,looks_like,looks_like,looks_like,physical/other; inspect in context
terrain,t_dirt_underground,dirt,317,0,dda,direct,direct,direct,physical/other; inspect in context
item,coin_nickel,nickel,315,0,dda,direct,direct,direct,physical/other; inspect in context
terrain,t_shrub_autumn_olive,autumn olive,313,0,dda,looks_like,looks_like,looks_like,physical/other; inspect in context
terrain,t_concrete_railing,concrete railing,312,0,dda,direct,direct,direct,physical/other; inspect in context
item,gift_card,gift card,308,0,dda,looks_like,looks_like,looks_like,physical/other; inspect in context
item,tea_green_bag,green tea bag,303,0,dda,direct,direct,direct,physical/other; inspect in context
terrain,t_salamander_veins,salamander vein,303,0,xedra_evolved,looks_like,looks_like,looks_like,physical/other; inspect in context
item,lc_steel_chunk,chunk of mild steel,301,0,dda,direct,direct,direct,physical/other; inspect in context
terrain,t_elevator,elevator,300,0,dda,direct,direct,direct,physical/other; inspect in context
terrain,t_wall_resin_cage,resin cage,297,0,dda,direct,direct,direct,physical/other; inspect in context
terrain,t_junk_palisade,junk metal barrier,296,0,dda,direct,direct,direct,physical/other; inspect in context
item,milk_UHT,shelf stable milk,295,0,dda,direct,direct,direct,physical/other; inspect in context
terrain,t_stairs_up,stairs,295,0,dda,direct,direct,direct,physical/other; inspect in context
terrain,t_carpet_concrete_red,industrial red carpet,295,0,dda,direct,direct,direct,physical/other; inspect in context
item,sheet_cotton,cotton sheet,294,0,dda,direct,direct,direct,physical/other; inspect in context
item,sushi_veggyroll,vegetable hosomaki,294,0,dda,direct,direct,direct,physical/other; inspect in context
terrain,t_gutter_downspout,downspout,291,0,dda,direct,direct,direct,physical/other; inspect in context
vehicle,door_trunk,trunk door,289,0,dda,direct,direct,direct,physical/other; inspect in context
terrain,t_wall_dirt,smooth dirt wall,286,0,dda,direct,direct,direct,physical/other; inspect in context
item,pebble,pebble,282,0,dda,direct,direct,direct,physical/other; inspect in context
item,biscuit,biscuit,280,0,dda,direct,direct,direct,physical/other; inspect in context
item,reinforced_glass_sheet,sheet of reinforced glass,276,0,dda,direct,direct,direct,physical/other; inspect in context
vehicle,reinforced_windshield,reinforced windshield,276,0,dda,direct,direct,direct,physical/other; inspect in context
item,button_plastic,button,275,0,dda,direct,direct,direct,physical/other; inspect in context
item,tortilla_corn,corn tortilla,275,0,dda,direct,direct,direct,physical/other; inspect in context
terrain,t_metal_ventilation_shutter,ventilation shutters,275,0,dda,direct,direct,direct,physical/other; inspect in context
vehicle,hdboard,heavy-duty board,272,0,dda,direct,direct,direct,physical/other; inspect in context
item,spread_peanutbutter,peanut butter spread,271,0,dda,direct,direct,direct,physical/other; inspect in context
furniture,f_roof_turbine_vent,roof turbine vent,270,0,dda,direct,direct,direct,physical/other; inspect in context
item,balloon,balloon,268,0,dda,direct,direct,direct,physical/other; inspect in context
item,marble,marble,267,0,dda,direct,direct,direct,physical/other; inspect in context
terrain,t_door_metal_interior_locked,closed metal door,262,0,dda,looks_like,looks_like,looks_like,physical/other; inspect in context
terrain,t_floor_paper_noroof,paper floor,258,0,dda,direct,direct,direct,physical/other; inspect in context
item,123ln,12.3ln,255,0,dda,direct,direct,direct,physical/other; inspect in context
item,clay_lump,lump of clay,255,0,dda,direct,direct,direct,physical/other; inspect in context
item,yoghurt,yogurt,253,0,dda,direct,direct,direct,physical/other; inspect in context
item,sheet,sheet,253,0,dda,direct,direct,direct,physical/other; inspect in context
furniture,f_stool,wooden stool,252,0,dda,direct,direct,direct,physical/other; inspect in context
item,pillbox,pillbox,251,0,dda,direct,direct,direct,physical/other; inspect in context
item,leather,leather patch,251,0,dda,direct,direct,direct,physical/other; inspect in context
item,scrap_aluminum,scrap aluminum,250,0,dda,direct,direct,direct,physical/other; inspect in context
item,pudding,pudding,249,0,dda,direct,direct,direct,physical/other; inspect in context
furniture,f_machinery_electronic,electronic machinery,248,0,dda,direct,direct,direct,physical/other; inspect in context
terrain,t_tree_small_alien_1,alien tree,247,0,mindovermatter,looks_like,looks_like,looks_like,physical/other; inspect in context
terrain,t_wood_wall_w,white wood wall,247,0,dda,looks_like,looks_like,looks_like,physical/other; inspect in context
terrain,t_paper_brood,paper wall,246,0,dda,looks_like,looks_like,looks_like,physical/other; inspect in context
item,cookies,cookie,245,0,dda,direct,direct,direct,physical/other; inspect in context
item,smallweldtank,small welding tank,244,0,dda,looks_like,looks_like,looks_like,physical/other; inspect in context
furniture,f_whiskflower,whiskflower bush,244,0,magiclysm,looks_like,looks_like,looks_like,physical/other; inspect in context
item,inj_iron,injectable iron,242,0,dda,direct,direct,direct,physical/other; inspect in context
item,brownie,brownie,242,0,dda,direct,direct,direct,physical/other; inspect in context
furniture,f_camp_chair,camp chair,241,0,dda,direct,direct,direct,physical/other; inspect in context
terrain,t_wood_roof,wooden roof,239,0,dda,looks_like,looks_like,looks_like,physical/other; inspect in context
terrain,t_window_domestic_alarm,window with curtains,238,0,dda,looks_like,looks_like,looks_like,physical/other; inspect in context
furniture,f_metal_table,metal table,238,0,dda,direct,direct,direct,physical/other; inspect in context
item,extinguisher,large fire extinguisher,236,0,dda,direct,direct,direct,physical/other; inspect in context
item,money_ten,ten-dollar bill,236,0,dda,direct,direct,direct,physical/other; inspect in context
item,tea_bag_dandelion,dandelion tea bag,236,0,dda,direct,direct,direct,physical/other; inspect in context
item,chain,steel chain,233,0,dda,direct,direct,direct,physical/other; inspect in context
terrain,t_radio_tower,radio tower,233,0,dda,direct,direct,direct,physical/other; inspect in context
terrain,t_sandmound,mound of sand,230,0,dda,direct,direct,direct,physical/other; inspect in context
item,can_spam,SPAM,228,0,dda,direct,direct,direct,physical/other; inspect in context
item,sports_drink,sports drink,227,0,dda,direct,direct,direct,physical/other; inspect in context
vehicle,wheel_armor,,227,0,dda,direct,direct,direct,physical/other; inspect in context
terrain,t_stairs_down,stairs,223,0,dda,direct,direct,direct,physical/other; inspect in context
furniture,f_metal_crate_c,sealed metal crate,223,0,dda,direct,direct,direct,physical/other; inspect in context
item,heavy_plus_battery_cell,big tool battery,220,0,dda,direct,direct,direct,physical/other; inspect in context
item,pillbox_large,large pillbox,220,0,dda,looks_like,looks_like,looks_like,physical/other; inspect in context
item,oats,oats,220,0,dda,direct,direct,direct,physical/other; inspect in context
item,cereal2,whole-grain cereal,219,0,dda,direct,direct,direct,physical/other; inspect in context
item,apple_canned,canned fruit,217,0,dda,direct,direct,direct,physical/other; inspect in context
furniture,f_air_conditioner,cooling unit,217,0,dda,direct,direct,direct,physical/other; inspect in context
terrain,t_ballistic_glass,ballistic glass,216,0,dda,direct,direct,direct,physical/other; inspect in context
furniture,f_solar_unit,mounted polycrystalline solar panel,215,0,dda,direct,direct,direct,physical/other; inspect in context
item,water_mineral,mineral water,211,0,dda,direct,direct,direct,physical/other; inspect in context
item,test_tube,test tube,210,0,dda,direct,direct,direct,physical/other; inspect in context
furniture,f_sand_mound_short,short mound of sand,210,0,dda,direct,direct,direct,physical/other; inspect in context
item,reciprocating_saw,reciprocating saw,209,0,dda,direct,direct,direct,physical/other; inspect in context
item,exodiiminimag,Exodii zombie hunting rifle magazine,209,0,dda,direct,direct,direct,physical/other; inspect in context
terrain,t_wall_metal_corrugated,corrugated metal wall,207,0,dda,direct,direct,direct,physical/other; inspect in context
furniture,f_barricade_road,road barricade,207,0,dda,direct,direct,direct,physical/other; inspect in context
item,chunk_feldspar,chunk of feldspar,206,0,dda,looks_like,looks_like,looks_like,physical/other; inspect in context
item,mag_glam,Glamopolitan,202,0,dda,direct,direct,direct,physical/other; inspect in context
terrain,t_wall_wood_chipped,chipped wood wall,202,0,dda,direct,direct,direct,physical/other; inspect in context
terrain,t_nether_water_dp,black water,199,0,mindovermatter,looks_like,looks_like,looks_like,physical/other; inspect in context
item,cola,dark cola,198,0,dda,direct,direct,direct,physical/other; inspect in context
terrain,t_wall_half,half-built wall,198,0,dda,direct,direct,direct,physical/other; inspect in context
furniture,f_vent_pipe,vent pipe,197,0,dda,direct,direct,direct,physical/other; inspect in context
terrain,t_brick_roof,brick roof,195,0,dda,direct,direct,direct,physical/other; inspect in context
item,exodiiBRmag,Exodii battle rifle pan magazine,191,0,dda,direct,direct,direct,physical/other; inspect in context
item,cereal3,corn flakes,191,0,dda,direct,direct,direct,physical/other; inspect in context
furniture,f_crate_c,crate,191,0,dda,direct,direct,direct,physical/other; inspect in context
item,light_minus_battery_cell,ultra-light battery,189,0,dda,direct,direct,direct,physical/other; inspect in context
terrain,t_window_empty,empty window,189,0,dda,direct,direct,direct,physical/other; inspect in context
item,mustard,mustard,188,0,dda,direct,direct,direct,physical/other; inspect in context
furniture,f_selfheal,common selfheal,186,0,dda,looks_like,looks_like,looks_like,physical/other; inspect in context
furniture,f_gravel_mound_short,short mound of gravel,183,0,dda,direct,direct,direct,physical/other; inspect in context
furniture,f_tourist_table,folding table,182,0,dda,direct,direct,direct,physical/other; inspect in context
item,oxy_torch,acetylene torch,181,0,dda,direct,direct,direct,physical/other; inspect in context
item,cereal,sugary cereal,181,0,dda,direct,direct,direct,physical/other; inspect in context
terrain,t_carpet_concrete_green,industrial green carpet,181,0,dda,direct,direct,direct,physical/other; inspect in context
terrain,t_rock_roof,rock roof,180,0,dda,direct,direct,direct,physical/other; inspect in context
furniture,f_chicory,chicory,180,0,dda,direct,direct,direct,physical/other; inspect in context
item,40_casing,.40 S&W casing,179,0,dda,direct,direct,direct,physical/other; inspect in context
item,milk_cream,heavy cream,179,0,dda,direct,direct,direct,physical/other; inspect in context
terrain,t_railroad_tie_d,railroad tie,178,0,dda,direct,direct,direct,physical/other; inspect in context
furniture,f_sand_mound_mid,mound of sand,177,0,dda,direct,direct,direct,physical/other; inspect in context
item,peeler,vegetable peeler,175,0,dda,direct,direct,direct,physical/other; inspect in context
item,plant_sample,plant sample,175,0,dda,direct,direct,direct,physical/other; inspect in context
item,spray_can,spray can,174,0,dda,direct,direct,direct,physical/other; inspect in context
terrain,t_door_glass_c,closed glass door,174,0,dda,direct,direct,direct,physical/other; inspect in context
furniture,f_large_groundsheet,groundsheet,174,0,dda,direct,direct,direct,physical/other; inspect in context
terrain,t_drystone_wall_half,field stone half-wall,173,0,dda,direct,direct,direct,physical/other; inspect in context
furniture,f_exodii_lamp,scavenged utility light,173,0,dda,direct,direct,direct,physical/other; inspect in context
item,box_medium_folded,folded cardboard box,172,0,dda,direct,direct,direct,physical/other; inspect in context
furniture,f_mustard,mustard,172,0,dda,direct,direct,direct,physical/other; inspect in context
terrain,t_support_l,large metal support,167,0,dda,direct,direct,direct,physical/other; inspect in context
item,usb_drive_older,older USB drive,163,0,dda,looks_like,looks_like,looks_like,physical/other; inspect in context
item,seat_leather,leather bucket seat,163,0,dda,direct,direct,direct,physical/other; inspect in context
item,memory_card_older,older memory card,162,0,dda,looks_like,looks_like,looks_like,physical/other; inspect in context
furniture,f_jerusalem_artichoke,Jerusalem artichoke plant,162,0,dda,direct,direct,direct,physical/other; inspect in context
furniture,f_workbench,workbench,162,0,dda,direct,direct,direct,physical/other; inspect in context
item,veggy_salad,vegetable salad,161,0,dda,direct,direct,direct,physical/other; inspect in context
item,powder_eggs,powdered egg,160,0,dda,direct,direct,direct,physical/other; inspect in context
terrain,t_railroad_tie_h,railroad tie,160,0,dda,direct,direct,direct,physical/other; inspect in context
furniture,f_console,computer console,160,0,dda,direct,direct,direct,physical/other; inspect in context
terrain,t_window_frame,window frame,157,0,dda,direct,direct,direct,physical/other; inspect in context
vehicle,wheel_mount_heavy,,157,0,dda,direct,direct,direct,physical/other; inspect in context
item,bone_tainted,tainted bone,154,0,dda,direct,direct,direct,physical/other; inspect in context
item,polycarbonate_sheet,polycarbonate sheet,153,0,dda,direct,direct,direct,physical/other; inspect in context
item,cardboard,piece of cardboard,153,0,dda,direct,direct,direct,physical/other; inspect in context
item,cordless_drill,cordless drill,153,0,dda,direct,direct,direct,physical/other; inspect in context
terrain,t_shrub_spicebush,spicebush,153,0,dda,looks_like,looks_like,looks_like,physical/other; inspect in context
furniture,f_wild_rice,wild rice,152,0,dda,looks_like,looks_like,looks_like,physical/other; inspect in context
furniture,f_golden_reed,golden reed,152,0,magiclysm,direct,direct,direct,physical/other; inspect in context
item,hairbrush,hairbrush,151,0,dda,direct,direct,direct,physical/other; inspect in context
terrain,t_heartwood_floor,sapwood floor,150,0,magiclysm,looks_like,looks_like,looks_like,physical/other; inspect in context
furniture,f_alien_tendril,glowing tendril,150,0,dda,direct,direct,direct,physical/other; inspect in context
item,meat,chunk of meat,149,0,dda,direct,direct,direct,physical/other; inspect in context
item,bag_durasack,reusable plastic sack,147,0,dda,looks_like,looks_like,looks_like,physical/other; inspect in context
item,hotdogs_frozen,uncooked hot dog,147,0,dda,direct,direct,direct,physical/other; inspect in context
terrain,t_window_no_curtains,window without curtains,145,0,dda,direct,direct,direct,physical/other; inspect in context
item,juice,fruit juice,142,0,dda,direct,direct,direct,physical/other; inspect in context
furniture,f_oven,oven,142,0,dda,direct,direct,direct,physical/other; inspect in context
item,creamsoda,cream soda,139,0,dda,direct,direct,direct,physical/other; inspect in context
item,comb_pocket,comb,139,0,dda,direct,direct,direct,physical/other; inspect in context
terrain,t_floor_paper_hard,hard paper floor,139,0,dda,direct,direct,direct,physical/other; inspect in context
item,oj,orange juice,138,0,dda,direct,direct,direct,physical/other; inspect in context
furniture,f_gravel_mound_mid,mound of gravel,138,0,dda,direct,direct,direct,physical/other; inspect in context
item,pineapple_juice,pineapple juice,137,0,dda,looks_like,looks_like,looks_like,physical/other; inspect in context
item,mre_bag_jam,MRE jam bag,137,0,dda,direct,direct,direct,physical/other; inspect in context
item,chili,chili con carne,136,0,dda,direct,direct,direct,physical/other; inspect in context
item,gasdiscount_silver,silver gas discount card,133,0,dda,direct,direct,direct,physical/other; inspect in context
item,material_limestone,limestone,133,0,dda,direct,direct,direct,physical/other; inspect in context
terrain,t_pit_spiked,spiked pit,133,0,dda,direct,direct,direct,physical/other; inspect in context
terrain,t_wall_p,purple wall,133,0,dda,direct,direct,direct,physical/other; inspect in context
item,aerosol_paint,aerosol paint,132,0,dda,direct,direct,direct,physical/other; inspect in context
terrain,t_drystone_wall,field stone wall,132,0,dda,direct,direct,direct,physical/other; inspect in context
terrain,t_grass_alien,alien grass,131,0,dda,direct,direct,direct,physical/other; inspect in context
furniture,f_small_satellite_dish,satellite dish,131,0,dda,direct,direct,direct,physical/other; inspect in context
furniture,f_exodii_botrack,rack of robots,129,0,dda,direct,direct,direct,physical/other; inspect in context
item,survnote,survivor's note,128,0,dda,direct,direct,direct,physical/other; inspect in context
item,wood_block,small wood block,126,0,dda,direct,direct,direct,physical/other; inspect in context
item,bag_body_bag,body bag,126,0,dda,direct,direct,direct,physical/other; inspect in context
terrain,t_woodchips,woodchips,126,0,dda,direct,direct,direct,physical/other; inspect in context
furniture,f_sand_mound_tall,tall mound of sand,126,0,dda,direct,direct,direct,physical/other; inspect in context
item,sunglasses,sunglasses,125,0,dda,direct,direct,direct,physical/other; inspect in context
item,tortilla_flour,flour tortilla,125,0,dda,direct,direct,direct,physical/other; inspect in context
furniture,f_nether_crystal_structure,glowing crystal,124,0,mindovermatter,looks_like,looks_like,looks_like,physical/other; inspect in context
furniture,f_room_divider,room divider,124,0,dda,looks_like,looks_like,looks_like,physical/other; inspect in context
trap,tr_sinkhole,sinkhole,124,0,dda,direct,direct,direct,physical/other; inspect in context
item,magnifying_glass,magnifying glass,122,0,dda,direct,direct,direct,physical/other; inspect in context
vehicle,hddoor,heavy-duty door,122,0,dda,direct,direct,direct,physical/other; inspect in context
item,smart_phone,smartphone,121,0,dda,direct,direct,direct,physical/other; inspect in context
item,family_photo,family photo,120,0,dda,direct,direct,direct,physical/other; inspect in context
item,762_casing,7.62x39mm casing,120,0,dda,direct,direct,direct,physical/other; inspect in context
terrain,t_water_pool_outdoors,pool water,120,0,dda,direct,direct,direct,physical/other; inspect in context
item,mre_zapplesauce,zapplesauce,119,0,dda,looks_like,looks_like,looks_like,physical/other; inspect in context
terrain,t_door_locked,closed wood door,118,0,dda,direct,direct,direct,physical/other; inspect in context
item,orangesoda,orange soda,117,0,dda,direct,direct,direct,physical/other; inspect in context
item,tongs,kitchen tongs,117,0,dda,direct,direct,direct,physical/other; inspect in context
item,horseradish_root,horseradish root,117,0,dda,direct,direct,direct,physical/other; inspect in context
furniture,f_cellphone_booster,cell phone signal booster,117,0,dda,direct,direct,direct,physical/other; inspect in context
furniture,f_planter_mature,planter with mature plant,117,0,dda,direct,direct,direct,physical/other; inspect in context
item,shovel,shovel,116,0,dda,direct,direct,direct,physical/other; inspect in context
item,lemonade_powder,lemonade drink mix,115,0,dda,direct,direct,direct,physical/other; inspect in context
terrain,t_wall_black,black wall,113,0,dda,direct,direct,direct,physical/other; inspect in context
terrain,t_door_metal_o,open metal door,112,0,dda,direct,direct,direct,physical/other; inspect in context
item,coke,cocaine,111,0,dda,direct,direct,direct,physical/other; inspect in context
item,mre_chocolate_pudding,chocolate pudding,111,0,dda,looks_like,looks_like,looks_like,physical/other; inspect in context
item,carton_946ml,quart carton,111,0,dda,looks_like,looks_like,looks_like,physical/other; inspect in context
item,purple_drink,grape drink,110,0,dda,direct,direct,direct,physical/other; inspect in context
item,gasfilter_med,CBRN filter canister,109,0,dda,direct,direct,direct,physical/other; inspect in context
item,gasfilter_m,activated carbon,109,0,dda,direct,direct,direct,physical/other; inspect in context
item,spatula,spatula,109,0,dda,direct,direct,direct,physical/other; inspect in context
item,con_mix_foldable,concrete mixer,109,0,dda,direct,direct,direct,physical/other; inspect in context
furniture,f_sandbag_wall,sandbag wall,109,0,dda,direct,direct,direct,physical/other; inspect in context
item,ladle,ladle,108,0,dda,direct,direct,direct,physical/other; inspect in context
item,ring_wedding,wedding ring,108,0,dda,direct,direct,direct,physical/other; inspect in context
item,mre_chocolate_cake,MRE toaster pastry,108,0,dda,looks_like,looks_like,looks_like,physical/other; inspect in context
item,grapeade_powder,grapeade drink mix,107,0,dda,looks_like,looks_like,looks_like,physical/other; inspect in context
terrain,t_chaingate_l,locked wire gate,107,0,dda,direct,direct,direct,physical/other; inspect in context
item,orangeade_powder,orangeade drink mix,106,0,dda,looks_like,looks_like,looks_like,physical/other; inspect in context
terrain,t_wall_r,red wall,106,0,dda,direct,direct,direct,physical/other; inspect in context
furniture,f_display_fridge,display fridge,106,0,dda,looks_like,looks_like,looks_like,physical/other; inspect in context
item,carton_sealed,half gallon carton,105,0,dda,direct,direct,direct,physical/other; inspect in context
item,skull_human_tainted,tainted human skull,105,0,dda,looks_like,looks_like,looks_like,physical/other; inspect in context
item,dry_veggy,dehydrated vegetable,105,0,dda,direct,direct,direct,physical/other; inspect in context
furniture,f_crate_o,open crate,105,0,dda,direct,direct,direct,physical/other; inspect in context
item,whisk,whisk,104,0,dda,direct,direct,direct,physical/other; inspect in context
item,wood_panel,wooden panel,104,0,dda,direct,direct,direct,physical/other; inspect in context
item,joint_roach,joint roach,104,0,dda,direct,direct,direct,physical/other; inspect in context
item,chestnut_roasted,Handful of roasted chestnuts,104,0,dda,direct,direct,direct,physical/other; inspect in context
terrain,t_metal_roof,metal roof,104,0,dda,looks_like,looks_like,looks_like,physical/other; inspect in context
furniture,f_sandbag_half,sandbag barricade,104,0,dda,direct,direct,direct,physical/other; inspect in context
item,mre_poppyseed_cake,lemon poppy seed pound cake,103,0,dda,looks_like,looks_like,looks_like,physical/other; inspect in context
item,leg_warmers,leg warmers (pair),103,0,dda,direct,direct,direct,physical/other; inspect in context
item,exodii_chassis,Exodii chassis,103,0,dda,direct,direct,direct,physical/other; inspect in context
terrain,t_tree_pine_harvested,pine tree,103,0,dda,direct,direct,direct,physical/other; inspect in context
item,energy_drink,energy drink,102,0,dda,direct,direct,direct,physical/other; inspect in context
item,lemonade,lemonade,102,0,dda,direct,direct,direct,physical/other; inspect in context
item,down_blanket,down-filled blanket,102,0,dda,direct,direct,direct,physical/other; inspect in context
item,mre_fried_rice,fried rice (small portion),102,0,dda,looks_like,looks_like,looks_like,physical/other; inspect in context
terrain,t_window_boarded_noglass,boarded up window,102,0,dda,direct,direct,direct,physical/other; inspect in context
furniture,f_washer,washing machine,102,0,dda,direct,direct,direct,physical/other; inspect in context
furniture,f_alien_pod_resin,resin pod,102,0,dda,direct,direct,direct,physical/other; inspect in context
item,zeroorange,diet orange soda,101,0,dda,looks_like,looks_like,looks_like,physical/other; inspect in context
item,cyborg_matrix,cybernetic neural matrix,101,0,dda,direct,direct,direct,physical/other; inspect in context
terrain,t_screened_porch_wall,screen mesh wall,101,0,dda,direct,direct,direct,physical/other; inspect in context
terrain,t_curtains_alarm,window with closed curtains,101,0,dda,looks_like,looks_like,looks_like,physical/other; inspect in context
terrain,t_potential_trans,potential transformer,101,0,dda,direct,direct,direct,physical/other; inspect in context
terrain,t_mud_underground,mud,101,0,dda,direct,direct,direct,physical/other; inspect in context
item,wallet_stylish,stylish wallet,100,0,dda,direct,direct,direct,physical/other; inspect in context
item,lgpistol_primer,large pistol primer,100,0,dda,direct,direct,direct,physical/other; inspect in context
item,pistachio_shelled,Handful of shelled pistachios,100,0,dda,direct,direct,direct,physical/other; inspect in context
terrain,t_metal_grate_window_noglass,window with metal grate,100,0,dda,direct,direct,direct,physical/other; inspect in context
item,knife_folding,folding knife,99,0,dda,direct,direct,direct,physical/other; inspect in context
item,money_two,two-dollar bill,99,0,dda,looks_like,looks_like,looks_like,physical/other; inspect in context
item,jack_small,scissor jack,99,0,dda,direct,direct,direct,physical/other; inspect in context
item,mre_potato,"potatoes, Au Gratin",99,0,dda,looks_like,looks_like,looks_like,physical/other; inspect in context
item,porkbelly,chunk of porkbelly,99,0,dda,direct,direct,direct,physical/other; inspect in context
item,scrap_copper,chunk of copper,99,0,dda,direct,direct,direct,physical/other; inspect in context
item,veggy_pickled,pickled veggy,99,0,dda,direct,direct,direct,physical/other; inspect in context
item,syringe,syringe,98,0,dda,direct,direct,direct,physical/other; inspect in context
item,whistle_multitool,whistle multitool,98,0,dda,direct,direct,direct,physical/other; inspect in context
item,waistcoat,waistcoat,98,0,dda,direct,direct,direct,physical/other; inspect in context
furniture,f_dumpster,dumpster,98,0,dda,direct,direct,direct,physical/other; inspect in context
item,zerotropical,diet tropical soda,97,0,dda,looks_like,looks_like,looks_like,physical/other; inspect in context
item,wheel_wide_or,off-road wide wheel,97,0,dda,direct,direct,direct,physical/other; inspect in context
item,metal_smoother,metallic smoother,97,0,dda,direct,direct,direct,physical/other; inspect in context
vehicle,seat_leather,,97,0,dda,direct,direct,direct,physical/other; inspect in context
item,tunic,tunic,96,0,dda,direct,direct,direct,physical/other; inspect in context
item,thyme,thyme,96,0,dda,direct,direct,direct,physical/other; inspect in context
item,pistachio_roasted,Handful of roasted pistachios,96,0,dda,direct,direct,direct,physical/other; inspect in context
furniture,f_gravel_mound_tall,tall mound of gravel,96,0,dda,direct,direct,direct,physical/other; inspect in context
terrain,t_tree_small_alien_2,alien tree,95,0,mindovermatter,looks_like,looks_like,looks_like,physical/other; inspect in context
terrain,t_door_metal_pickable,closed metal door,95,0,dda,direct,direct,direct,physical/other; inspect in context
furniture,f_exodii_charger_cheap,simple charging station,95,0,dda,direct,direct,direct,physical/other; inspect in context
item,coat_lab,lab coat,94,0,dda,direct,direct,direct,physical/other; inspect in context
item,glasses_safety,safety glasses,94,0,dda,direct,direct,direct,physical/other; inspect in context
item,chaw,chewing tobacco,94,0,dda,direct,direct,direct,physical/other; inspect in context
furniture,f_dryer,dryer,94,0,dda,direct,direct,direct,physical/other; inspect in context
item,mre_carrot_cake,carrot pound cake,93,0,dda,looks_like,looks_like,looks_like,physical/other; inspect in context
item,mre_blackbeans,black beans in sauce,93,0,dda,looks_like,looks_like,looks_like,physical/other; inspect in context
item,candy3,chewy candy,93,0,dda,direct,direct,direct,physical/other; inspect in context
terrain,t_palisade,palisade wall,93,0,dda,direct,direct,direct,physical/other; inspect in context
terrain,t_wall_wattle,wattle-and-daub wall,93,0,dda,direct,direct,direct,physical/other; inspect in context
item,homeopathic_pills,homeopathic pill,92,0,dda,direct,direct,direct,physical/other; inspect in context
item,seat_bench_leather,leather bench seat,92,0,dda,looks_like,looks_like,looks_like,physical/other; inspect in context
item,icecream_choc,serving of chocolate ice cream,92,0,dda,direct,direct,direct,physical/other; inspect in context
terrain,t_triffid_bark_wall,solid bark wall,92,0,dda,direct,direct,direct,physical/other; inspect in context
terrain,t_druid_wood_wall,solid wood wall,92,0,magiclysm,looks_like,looks_like,looks_like,physical/other; inspect in context
furniture,f_dogbane,spreading dogbane,92,0,dda,looks_like,looks_like,looks_like,physical/other; inspect in context
vehicle,seat_back_leather,,92,0,dda,direct,direct,direct,physical/other; inspect in context
item,lunchbox,lunchbox,91,0,dda,direct,direct,direct,physical/other; inspect in context
item,bag_chips_small,small chips bag,91,0,dda,looks_like,looks_like,looks_like,physical/other; inspect in context
item,multimeter,multimeter,90,0,dda,direct,direct,direct,physical/other; inspect in context
item,phonebook,phone book,90,0,dda,direct,direct,direct,physical/other; inspect in context
item,zeromdew,diet energy cola,90,0,dda,looks_like,looks_like,looks_like,physical/other; inspect in context
item,dry_fruit,dehydrated fruit,90,0,dda,direct,direct,direct,physical/other; inspect in context
item,tin,tin powder,90,0,dda,direct,direct,direct,physical/other; inspect in context
furniture,f_pool_table,pool table,90,0,dda,direct,direct,direct,physical/other; inspect in context
item,scarf,wool scarf,89,0,dda,direct,direct,direct,physical/other; inspect in context
item,tie_necktie,necktie,89,0,dda,direct,direct,direct,physical/other; inspect in context
item,steel_pan,steel frying pan,89,0,dda,direct,direct,direct,physical/other; inspect in context
item,icecream_fruit,serving of fruity ice cream,89,0,dda,direct,direct,direct,physical/other; inspect in context
terrain,t_switchgear_s,small switchgear,89,0,dda,direct,direct,direct,physical/other; inspect in context
item,weed,marijuana,88,0,dda,direct,direct,direct,physical/other; inspect in context
item,honey_mustard,honey mustard,88,0,dda,looks_like,looks_like,looks_like,physical/other; inspect in context
terrain,t_obsidian_wall,obsidian rock,88,0,xedra_evolved,looks_like,looks_like,looks_like,physical/other; inspect in context
item,rolling_pin,rolling pin,87,0,dda,direct,direct,direct,physical/other; inspect in context
item,wooden_post_short,short wooden post,87,0,dda,direct,direct,direct,physical/other; inspect in context
item,icecream_artificial,serving of dairy dessert,87,0,dda,direct,direct,direct,physical/other; inspect in context
terrain,t_grass_alien_4,alien grass,87,0,mindovermatter,looks_like,looks_like,looks_like,physical/other; inspect in context
furniture,f_olieribos,olieribos,87,0,magiclysm,looks_like,looks_like,looks_like,physical/other; inspect in context
vehicle,wheel_wide_or,,87,0,dda,direct,direct,direct,physical/other; inspect in context
item,zerocola,diet cola,86,0,dda,looks_like,looks_like,looks_like,physical/other; inspect in context
item,potato_masher,potato masher,86,0,dda,direct,direct,direct,physical/other; inspect in context
item,thermos,thermos,85,0,dda,direct,direct,direct,physical/other; inspect in context
item,bag_chips_medium,chips bag,85,0,dda,looks_like,looks_like,looks_like,physical/other; inspect in context
terrain,t_wall_P,pink wall,85,0,dda,direct,direct,direct,physical/other; inspect in context
terrain,t_wall_glass_alarm,glass wall,85,0,dda,direct,direct,direct,physical/other; inspect in context
item,weak_antibiotic,narrow-spectrum antibiotics,84,0,dda,direct,direct,direct,physical/other; inspect in context
item,cranberry_juice,cranberry juice,84,0,dda,direct,direct,direct,physical/other; inspect in context
item,chem_ethanol,ethanol,84,0,dda,direct,direct,direct,physical/other; inspect in context
item,wild_herbs,wild herbs,84,0,dda,direct,direct,direct,physical/other; inspect in context
terrain,t_dirtfloor_thatchroof,dirt floor,84,0,dda,direct,direct,direct,physical/other; inspect in context
terrain,t_door_metal_bulkhead_c,closed bulkhead door,84,0,dda,direct,direct,direct,physical/other; inspect in context
item,decoy_elfa,standpipe maintenance log,83,0,dda,direct,direct,direct,physical/other; inspect in context
item,357mag_casing,.357 Magnum casing,83,0,dda,direct,direct,direct,physical/other; inspect in context
item,pants_checkered,checkered pants,83,0,dda,direct,direct,direct,physical/other; inspect in context
item,juice_pasteurized,pasteurized fruit juice,83,0,dda,direct,direct,direct,physical/other; inspect in context
furniture,f_curtain,privacy curtain,83,0,dda,direct,direct,direct,physical/other; inspect in context
item,jack,bottle jack,82,0,dda,direct,direct,direct,physical/other; inspect in context
item,thermometer,thermometer,82,0,dda,direct,direct,direct,physical/other; inspect in context
furniture,f_glass_cabinet,glass front cabinet,82,0,dda,direct,direct,direct,physical/other; inspect in context
item,joint,joint,81,0,dda,direct,direct,direct,physical/other; inspect in context
item,choc_drink,chocolate drink,80,0,dda,direct,direct,direct,physical/other; inspect in context
item,voltmeter,voltmeter,80,0,dda,direct,direct,direct,physical/other; inspect in context
item,garter_belt,garter belt,80,0,dda,looks_like,looks_like,looks_like,physical/other; inspect in context
item,bucket,bucket,80,0,dda,direct,direct,direct,physical/other; inspect in context
terrain,t_sandbox,sandbox,80,0,dda,direct,direct,direct,physical/other; inspect in context
item,sheet_canvas,canvas sheet,79,0,dda,direct,direct,direct,physical/other; inspect in context
item,tool_belt,tool belt,79,0,dda,direct,direct,direct,physical/other; inspect in context
item,tin_snips,tin snips,79,0,dda,direct,direct,direct,physical/other; inspect in context
item,hc_wire,high steel wire,79,0,dda,direct,direct,direct,physical/other; inspect in context
item,exodii_drone_chassis,Exodii drone chassis,79,0,dda,direct,direct,direct,physical/other; inspect in context
item,copper_ring,copper ring,78,0,dda,direct,direct,direct,physical/other; inspect in context
item,lead,lead,78,0,dda,direct,direct,direct,physical/other; inspect in context
furniture,f_water_heater,water heater,78,0,dda,direct,direct,direct,physical/other; inspect in context
item,mop,mop,77,0,dda,direct,direct,direct,physical/other; inspect in context
item,meat_smoked,smoked meat,77,0,dda,direct,direct,direct,physical/other; inspect in context
terrain,t_fence_post,fence post,77,0,dda,direct,direct,direct,physical/other; inspect in context
terrain,t_window_boarded,boarded up window,77,0,dda,direct,direct,direct,physical/other; inspect in context
item,pinecone,pinecone,76,0,dda,direct,direct,direct,physical/other; inspect in context
item,cashews,Handful of cashews,76,0,dda,direct,direct,direct,physical/other; inspect in context
item,survival_kit_box,survival kit box,75,0,dda,direct,direct,direct,physical/other; inspect in context
item,gloves_work,work gloves (pair),75,0,dda,direct,direct,direct,physical/other; inspect in context
item,saw,wood saw,75,0,dda,direct,direct,direct,physical/other; inspect in context
vehicle,door_motor,door motor,75,0,dda,direct,direct,direct,physical/other; inspect in context
item,sheet_lycra,Lycra sheet,74,0,dda,direct,direct,direct,physical/other; inspect in context
item,trashcan_large,industrial trash can,74,0,dda,direct,direct,direct,physical/other; inspect in context
vehicle,integrated_trashcan,industrial trash can,74,0,dda,direct,direct,direct,physical/other; inspect in context
item,juniper,Handful of junipers,73,0,dda,direct,direct,direct,physical/other; inspect in context
item,nanoskirt,nanoskirt,73,0,dda,direct,direct,direct,physical/other; inspect in context
item,rc_car_box,radio car box,72,0,dda,direct,direct,direct,physical/other; inspect in context
item,icecream_yogurt,serving of frozen yogurt,72,0,dda,direct,direct,direct,physical/other; inspect in context
item,almond_roasted,Handful of roasted almonds,72,0,dda,direct,direct,direct,physical/other; inspect in context
item,chemistry_set,chemistry set,71,0,dda,direct,direct,direct,physical/other; inspect in context
item,razor_blade,razor blade,71,0,dda,direct,direct,direct,physical/other; inspect in context
item,technician_shirt_gray,work t-shirt,71,0,dda,direct,direct,direct,physical/other; inspect in context
terrain,t_pit,pit,71,0,dda,direct,direct,direct,physical/other; inspect in context
item,bag_iv,IV bag,70,0,dda,direct,direct,direct,physical/other; inspect in context
item,gasfilter_s,filter mask cartridge,70,0,dda,direct,direct,direct,physical/other; inspect in context
item,plastic_bag_vac,vacuum-packed bag,70,0,dda,direct,direct,direct,physical/other; inspect in context
vehicle,wheel_mount_heavy_steerable,heavy wheel hub assembly (steerable),70,0,dda,direct,direct,direct,physical/other; inspect in context
item,plut_slurry,watery plutonium slurry,69,0,dda,direct,direct,direct,physical/other; inspect in context
terrain,t_window_open,open window with curtains,69,0,dda,direct,direct,direct,physical/other; inspect in context
item,blood,blood,68,0,dda,direct,direct,direct,physical/other; inspect in context
item,gasdiscount_gold,gold gas discount card,68,0,dda,direct,direct,direct,physical/other; inspect in context
item,peanut,peanuts,68,0,dda,direct,direct,direct,physical/other; inspect in context
terrain,t_door_glass_frosted_lab_o,open frosted glass door,68,0,dda,direct,direct,direct,physical/other; inspect in context
furniture,f_plastic_groundsheet,plastic groundsheet,68,0,dda,direct,direct,direct,physical/other; inspect in context
item,sheet_felt,felt sheet,67,0,dda,direct,direct,direct,physical/other; inspect in context
item,pants_ski,ski pants,67,0,dda,direct,direct,direct,physical/other; inspect in context
item,jp8,JP8 fuel,67,0,dda,direct,direct,direct,physical/other; inspect in context
item,material_shrd_limestone,limestone shard,67,0,dda,direct,direct,direct,physical/other; inspect in context
item,bowl_pewter,pewter bowl,67,0,dda,direct,direct,direct,physical/other; inspect in context
item,icecream_gelato,serving of gelato,67,0,dda,direct,direct,direct,physical/other; inspect in context
item,exodii_motor,rotary device,67,0,dda,direct,direct,direct,physical/other; inspect in context
item,candy2,chocolate candy,67,0,dda,direct,direct,direct,physical/other; inspect in context
item,basket,wire basket,67,0,dda,direct,direct,direct,physical/other; inspect in context
item,memory_card_science,memory card (XEDRA),66,0,dda,looks_like,looks_like,looks_like,physical/other; inspect in context
item,garlic_press,garlic press,66,0,dda,direct,direct,direct,physical/other; inspect in context
item,can_chowder,clam chowder,66,0,dda,direct,direct,direct,physical/other; inspect in context
furniture,f_deckchair,deck chair,66,0,dda,direct,direct,direct,physical/other; inspect in context
vehicle,reclining_seat_leather,reclining leather bucket seat,66,0,dda,direct,direct,direct,physical/other; inspect in context
vehicle,basketlg,,66,0,dda,direct,direct,direct,physical/other; inspect in context
item,exodiiBRmag_153,Exodii battle rifle large pan magazine,65,0,dda,looks_like,looks_like,looks_like,physical/other; inspect in context
item,wastebread,wastebread,65,0,dda,direct,direct,direct,physical/other; inspect in context
item,icecream_candy,serving of candy ice cream,65,0,dda,direct,direct,direct,physical/other; inspect in context
item,box_large,large cardboard box,64,0,dda,direct,direct,direct,physical/other; inspect in context
item,recharge_station,recharging station,64,0,dda,direct,direct,direct,physical/other; inspect in context
item,bow_saw,bow saw,64,0,dda,direct,direct,direct,physical/other; inspect in context
item,candy,peanut butter candy,64,0,dda,direct,direct,direct,physical/other; inspect in context
item,peanut_shelled,Handful of shelled peanuts,64,0,dda,direct,direct,direct,physical/other; inspect in context
item,balclava,balaclava,63,0,dda,direct,direct,direct,physical/other; inspect in context
item,eyedrops,saline eye drops,63,0,dda,direct,direct,direct,physical/other; inspect in context
item,clamp,clamp,63,0,dda,direct,direct,direct,physical/other; inspect in context
item,can_tuna,canned tuna fish,63,0,dda,direct,direct,direct,physical/other; inspect in context
item,icecream,serving of ice cream,63,0,dda,direct,direct,direct,physical/other; inspect in context
item,icecream_custard,serving of frozen custard,63,0,dda,direct,direct,direct,physical/other; inspect in context
item,milk,milk,63,0,dda,direct,direct,direct,physical/other; inspect in context
item,mintpatties,peppermint patty,63,0,dda,direct,direct,direct,physical/other; inspect in context
terrain,t_window_no_curtains_open,open window without curtains,63,0,dda,direct,direct,direct,physical/other; inspect in context
terrain,t_laminated_glass,laminated glass,63,0,dda,direct,direct,direct,physical/other; inspect in context
furniture,f_capacitor,capacitor bank,63,0,dda,direct,direct,direct,physical/other; inspect in context
item,brown_bread,brown bread,62,0,dda,direct,direct,direct,physical/other; inspect in context
item,textbook_chemistry,chemistry textbook,62,0,dda,direct,direct,direct,physical/other; inspect in context
item,small_lighter,mini lighter,62,0,dda,direct,direct,direct,physical/other; inspect in context
item,trunks,swimming trunks,62,0,dda,direct,direct,direct,physical/other; inspect in context
item,seed_rose,rose seeds,62,0,dda,direct,direct,direct,physical/other; inspect in context
item,canteen,plastic canteen,61,0,dda,direct,direct,direct,physical/other; inspect in context
furniture,f_home_furnace,furnace,61,0,dda,direct,direct,direct,physical/other; inspect in context
furniture,f_console_broken_table,broken console,61,0,dda,looks_like,looks_like,looks_like,physical/other; inspect in context
item,textbook_biodiesel,Biodiesel: Renewable Fuel Resource,60,0,dda,direct,direct,direct,physical/other; inspect in context
item,photo_album,photo album,60,0,dda,direct,direct,direct,physical/other; inspect in context
item,lye,lye,60,0,dda,direct,direct,direct,physical/other; inspect in context
item,frame_wood,wooden frame,60,0,dda,direct,direct,direct,physical/other; inspect in context
item,veggy_canned,canned veggy,60,0,dda,direct,direct,direct,physical/other; inspect in context
item,pecan_roasted,Handful of roasted pecans,60,0,dda,direct,direct,direct,physical/other; inspect in context
terrain,t_tree_spruce,spruce tree,60,0,dda,looks_like,looks_like,looks_like,physical/other; inspect in context
terrain,t_chickenwire_fence,chickenwire fence,60,0,dda,direct,direct,direct,physical/other; inspect in context
furniture,f_TV_antenna,TV antenna,60,0,dda,direct,direct,direct,physical/other; inspect in context
furniture,f_metal_crate_r,riveted metal crate,60,0,dda,direct,direct,direct,physical/other; inspect in context
item,textbook_speech,Principles of Effective Communication,59,0,dda,direct,direct,direct,physical/other; inspect in context
item,wheel_slick,racing wheel,59,0,dda,direct,direct,direct,physical/other; inspect in context
furniture,f_utility_pole,utility pole,59,0,dda,direct,direct,direct,physical/other; inspect in context
item,jumpsuit,jumpsuit,58,0,dda,direct,direct,direct,physical/other; inspect in context
item,sparkling_pomegranate,pomegranate sparkling water,58,0,dda,looks_like,looks_like,looks_like,physical/other; inspect in context
item,9mm_ammo_box_50,9mm ammo box,58,0,dda,direct,direct,direct,physical/other; inspect in context
item,wheel_motorbike,motorbike wheel,58,0,dda,direct,direct,direct,physical/other; inspect in context
item,rake_plastic,plastic rake,58,0,dda,direct,direct,direct,physical/other; inspect in context
item,oxygen,oxygen,57,0,dda,direct,direct,direct,physical/other; inspect in context
item,hickory_nut,hickory nuts,57,0,dda,direct,direct,direct,physical/other; inspect in context
item,mortar_pestle,mortar and pestle,57,0,dda,direct,direct,direct,physical/other; inspect in context
item,machete,machete,57,0,dda,direct,direct,direct,physical/other; inspect in context
item,motor_oil,motor oil,57,0,dda,direct,direct,direct,physical/other; inspect in context
furniture,f_vending_c_off,vending machine (off),57,0,dda,looks_like,looks_like,looks_like,physical/other; inspect in context
item,cell_phone,cellphone,56,0,dda,direct,direct,direct,physical/other; inspect in context
item,chem_hydrogen_peroxide,hydrogen peroxide,56,0,dda,direct,direct,direct,physical/other; inspect in context
item,fish,fillet of fish,56,0,dda,direct,direct,direct,physical/other; inspect in context
item,maltballs,malted milk balls,56,0,dda,direct,direct,direct,physical/other; inspect in context
item,ruined_chunks,butchery refuse,56,0,dda,direct,direct,direct,physical/other; inspect in context
terrain,t_railroad_track_small_d,small railroad track,56,0,dda,direct,direct,direct,physical/other; inspect in context
furniture,f_moly,moly,56,0,magiclysm,looks_like,looks_like,looks_like,physical/other; inspect in context
vehicle,ram_steel,steel ram,56,0,dda,direct,direct,direct,physical/other; inspect in context
item,apple_cider,apple cider,55,0,dda,direct,direct,direct,physical/other; inspect in context
item,wrench_small,small adjustable wrench,55,0,dda,direct,direct,direct,physical/other; inspect in context
item,whistle,whistle,55,0,dda,direct,direct,direct,physical/other; inspect in context
item,box_medium,cardboard box,55,0,dda,direct,direct,direct,physical/other; inspect in context
item,water_sewage,sewage water,55,0,dda,direct,direct,direct,physical/other; inspect in context
furniture,f_water_heater_family,family–sized water heater,55,0,dda,looks_like,looks_like,looks_like,physical/other; inspect in context
item,bologna,bologna,54,0,dda,direct,direct,direct,physical/other; inspect in context
item,pockknife,pocket knife,54,0,dda,direct,direct,direct,physical/other; inspect in context
item,ax,wood axe,54,0,dda,direct,direct,direct,physical/other; inspect in context
item,meat_salted,salted meat slice,54,0,dda,direct,direct,direct,physical/other; inspect in context
item,robofac_armor_rig,Hub 01 modular defense system,53,0,dda,looks_like,looks_like,looks_like,physical/other; inspect in context
item,test_tube_micro,microcentrifuge tube,53,0,dda,direct,direct,direct,physical/other; inspect in context
item,v8_combustion,4.5 L V8 engine,53,0,dda,direct,direct,direct,physical/other; inspect in context
item,hickory_root,hickory root,53,0,dda,direct,direct,direct,physical/other; inspect in context
item,orange,orange,53,0,dda,direct,direct,direct,physical/other; inspect in context
item,swim_briefs,swim briefs,53,0,dda,looks_like,looks_like,looks_like,physical/other; inspect in context
item,pants_tactical,tactical pants,53,0,dda,looks_like,looks_like,looks_like,physical/other; inspect in context
item,bead_bracelet,beaded bracelet,53,0,dda,direct,direct,direct,physical/other; inspect in context
item,sparkling,sparkling water,52,0,dda,looks_like,looks_like,looks_like,physical/other; inspect in context
item,chem_methanol,methanol,52,0,dda,direct,direct,direct,physical/other; inspect in context
item,pecan_shelled,Handful of shelled pecans,52,0,dda,direct,direct,direct,physical/other; inspect in context
terrain,t_reb_cage,rebar cage,52,0,dda,direct,direct,direct,physical/other; inspect in context
furniture,f_exodii_portal_tower,shimmering superstructure,52,0,dda,direct,direct,direct,physical/other; inspect in context
furniture,f_machinery_old,old machinery,52,0,dda,direct,direct,direct,physical/other; inspect in context
vehicle,engine_v8,,52,0,dda,direct,direct,direct,physical/other; inspect in context
vehicle,hatchback_trunk,hatchback trunk,52,0,dda,looks_like,looks_like,looks_like,physical/other; inspect in context
item,cargo_aisle,floor trunk,51,0,dda,direct,direct,direct,physical/other; inspect in context
item,horn_big,truck horn,51,0,dda,direct,direct,direct,physical/other; inspect in context
item,308_casing,.308 Winchester casing,51,0,dda,direct,direct,direct,physical/other; inspect in context
item,quilt_patchwork,patchwork quilt,51,0,dda,direct,direct,direct,physical/other; inspect in context
item,greeting_card,greeting card,51,0,dda,looks_like,looks_like,looks_like,physical/other; inspect in context
item,bikini_bottom,bikini bottoms,51,0,dda,direct,direct,direct,physical/other; inspect in context
item,milkshake_fastfood,fast food milkshake,51,0,dda,direct,direct,direct,physical/other; inspect in context
terrain,t_door_b,damaged wood door,51,0,dda,direct,direct,direct,physical/other; inspect in context
terrain,t_wood_treated_roof,treated wooden roof,51,0,dda,looks_like,looks_like,looks_like,physical/other; inspect in context
furniture,f_chimney,chimney crown,51,0,dda,direct,direct,direct,physical/other; inspect in context
vehicle,trunk_floor,floor trunk,51,0,dda,direct,direct,direct,physical/other; inspect in context
vehicle,horn_big,,51,0,dda,direct,direct,direct,physical/other; inspect in context
item,goggles_chem,chemical goggles,50,0,dda,looks_like,looks_like,looks_like,physical/other; inspect in context
item,coat_rain,rain coat,50,0,dda,direct,direct,direct,physical/other; inspect in context
item,skirt_denim,jean skirt,50,0,dda,direct,direct,direct,physical/other; inspect in context
item,book_fict_hard_ya_dark,In a Dark Place,50,0,dda,direct,direct,direct,physical/other; inspect in context
item,knee_pads,knee pads (pair),50,0,dda,direct,direct,direct,physical/other; inspect in context
item,milkshake_deluxe_choc,deluxe chocolate milkshake,50,0,dda,direct,direct,direct,physical/other; inspect in context
terrain,t_lava,lava,50,0,dda,direct,direct,direct,physical/other; inspect in context
terrain,t_sai_box,telecom cabinet,50,0,dda,direct,direct,direct,physical/other; inspect in context
furniture,f_foot_locker,steel foot locker,50,0,dda,direct,direct,direct,physical/other; inspect in context
item,sheet_nylon,synthetic fabric sheet,49,0,dda,direct,direct,direct,physical/other; inspect in context
item,ph_meter,pH meter,49,0,dda,direct,direct,direct,physical/other; inspect in context
item,hand_pump,hand pump,49,0,dda,direct,direct,direct,physical/other; inspect in context
item,chem_washing_soda,washing soda,49,0,dda,direct,direct,direct,physical/other; inspect in context
item,silver_ring,silver ring,49,0,dda,direct,direct,direct,physical/other; inspect in context
item,mbag,messenger bag,49,0,dda,direct,direct,direct,physical/other; inspect in context
item,salt_water,salt water,49,0,dda,direct,direct,direct,physical/other; inspect in context
item,human_flesh,human flesh,49,0,dda,direct,direct,direct,physical/other; inspect in context
item,textbook_fabrication,DIY Compendium,48,0,dda,direct,direct,direct,physical/other; inspect in context
item,steel_grille,steel grille,48,0,dda,direct,direct,direct,physical/other; inspect in context
item,cheese_grater,cheese grater,48,0,dda,direct,direct,direct,physical/other; inspect in context
item,mittens,mittens (pair),48,0,dda,direct,direct,direct,physical/other; inspect in context
item,backpack_leather,leather backpack,48,0,dda,direct,direct,direct,physical/other; inspect in context
terrain,t_door_elocked,closed wood door with an electronic lock,48,0,dda,looks_like,looks_like,looks_like,physical/other; inspect in context
terrain,t_station_disc,disconnect switch,48,0,dda,direct,direct,direct,physical/other; inspect in context
item,microscope,microscope,47,0,dda,direct,direct,direct,physical/other; inspect in context
item,microscope_dissecting,dissecting microscope,47,0,dda,direct,direct,direct,physical/other; inspect in context
item,bikini_top,bikini top,47,0,dda,direct,direct,direct,physical/other; inspect in context
item,froglegs,frog legs (pair),47,0,dda,direct,direct,direct,physical/other; inspect in context
furniture,f_straw_bed,straw bed,47,0,dda,direct,direct,direct,physical/other; inspect in context
furniture,f_scrap_bridge,scrap metal bridge,47,0,dda,direct,direct,direct,physical/other; inspect in context
item,pemmican,pemmican,46,0,dda,direct,direct,direct,physical/other; inspect in context
item,mask_filter,filter mask,46,0,dda,direct,direct,direct,physical/other; inspect in context
item,rack_test_tube_micro,microcentrifuge tube tray,46,0,dda,direct,direct,direct,physical/other; inspect in context
item,gelbox,electrophoresis tray,46,0,dda,direct,direct,direct,physical/other; inspect in context
item,mask_gas_half,half-face gas mask,46,0,dda,looks_like,looks_like,looks_like,physical/other; inspect in context
item,coffeemaker,coffeemaker,46,0,dda,direct,direct,direct,physical/other; inspect in context
item,runner_bag,runner pack,46,0,dda,direct,direct,direct,physical/other; inspect in context
item,hair_dryer,hair dryer,46,0,dda,direct,direct,direct,physical/other; inspect in context
item,gold_ring,gold ring,46,0,dda,direct,direct,direct,physical/other; inspect in context
item,prussian_blue,Prussian blue tablet,46,0,dda,direct,direct,direct,physical/other; inspect in context
terrain,t_junk_floor,junk metal floor,46,0,dda,direct,direct,direct,physical/other; inspect in context
item,gloves_rubber,rubber gloves (pair),45,0,dda,direct,direct,direct,physical/other; inspect in context
item,milkshake,milkshake,45,0,dda,direct,direct,direct,physical/other; inspect in context
item,circsaw_off,circular saw (off),45,0,dda,direct,direct,direct,physical/other; inspect in context
item,nailgun,nail gun,45,0,dda,direct,direct,direct,physical/other; inspect in context
item,eraser,eraser,45,0,dda,direct,direct,direct,physical/other; inspect in context
item,frozen_lemonade,frozen lemonade,45,0,dda,direct,direct,direct,physical/other; inspect in context
item,mop_folded,collapsible mop,45,0,dda,looks_like,looks_like,looks_like,physical/other; inspect in context
item,milkshake_choc,chocolate milkshake,45,0,dda,direct,direct,direct,physical/other; inspect in context
item,blister_pack,blister pack,45,0,dda,looks_like,looks_like,looks_like,physical/other; inspect in context
terrain,t_rock_wall_half,half-built stone wall,45,0,dda,direct,direct,direct,physical/other; inspect in context
terrain,t_chaingate_c,closed wire gate,45,0,dda,direct,direct,direct,physical/other; inspect in context
furniture,f_exercise,exercise machine,45,0,dda,direct,direct,direct,physical/other; inspect in context
vehicle,wheel_motorbike,,45,0,dda,direct,direct,direct,physical/other; inspect in context
item,spectrophotometer,spectrophotometer,44,0,dda,direct,direct,direct,physical/other; inspect in context
item,methed_alcohol,methylated spirits,44,0,dda,looks_like,looks_like,looks_like,physical/other; inspect in context
item,spike,spike,44,0,dda,direct,direct,direct,physical/other; inspect in context
item,box_small_folded,small folded cardboard box,44,0,dda,direct,direct,direct,physical/other; inspect in context
item,teapot,teapot,44,0,dda,direct,direct,direct,physical/other; inspect in context
item,hoe,hoe,44,0,dda,direct,direct,direct,physical/other; inspect in context
item,long_extension_cable,outdoor extension cord,44,0,dda,direct,direct,direct,physical/other; inspect in context
item,light_emergency_red,emergency vehicle light (red),44,0,dda,direct,direct,direct,physical/other; inspect in context
item,boat_board,wooden boat hull,44,0,dda,direct,direct,direct,physical/other; inspect in context
item,popcorn2,salted popcorn,44,0,dda,direct,direct,direct,physical/other; inspect in context
furniture,f_lab_bench,lab workbench,44,0,dda,direct,direct,direct,physical/other; inspect in context
vehicle,light_red,,44,0,dda,direct,direct,direct,physical/other; inspect in context
vehicle,frame_wood,,44,0,dda,direct,direct,direct,physical/other; inspect in context
vehicle,boat_board,,44,0,dda,direct,direct,direct,physical/other; inspect in context
vehicle,wheel_slick,,44,0,dda,direct,direct,direct,physical/other; inspect in context
item,microcentrifuge,microcentrifuge,43,0,dda,direct,direct,direct,physical/other; inspect in context
item,sparkling_peach,peach sparkling water,43,0,dda,looks_like,looks_like,looks_like,physical/other; inspect in context
item,folding_poncho,rain poncho,43,0,dda,direct,direct,direct,physical/other; inspect in context
item,cow_candy,candy cattle,43,0,dda,direct,direct,direct,physical/other; inspect in context
terrain,t_ladder_up_down,ladder,43,0,dda,direct,direct,direct,physical/other; inspect in context
furniture,f_rotary_clothesline,rotary clothes dryer line,43,0,dda,direct,direct,direct,physical/other; inspect in context
item,papr_half_mask,half-face PAPR mask,42,0,dda,looks_like,looks_like,looks_like,physical/other; inspect in context
item,pocket_firstaid,Pocket Guide to First Aid,42,0,dda,direct,direct,direct,physical/other; inspect in context
item,welder,arc welder,42,0,dda,direct,direct,direct,physical/other; inspect in context
item,44_casing,.44 Magnum casing,42,0,dda,direct,direct,direct,physical/other; inspect in context
item,pizza_cutter,pizza cutter,42,0,dda,direct,direct,direct,physical/other; inspect in context
item,briefcase,briefcase,42,0,dda,direct,direct,direct,physical/other; inspect in context
item,hat_ball,baseball cap,42,0,dda,direct,direct,direct,physical/other; inspect in context
item,exodii_computer,unfamiliar electronic thingy,42,0,dda,direct,direct,direct,physical/other; inspect in context
item,rebar,rebar,42,0,dda,direct,direct,direct,physical/other; inspect in context
item,candy_coated_peanuts,candy-coated peanuts,42,0,dda,direct,direct,direct,physical/other; inspect in context
item,chem_acetone,acetone,42,0,dda,direct,direct,direct,physical/other; inspect in context
item,small_propane_tank,small propane tank,42,0,dda,direct,direct,direct,physical/other; inspect in context
item,plut_slurry_dense,plutonium slurry,42,0,dda,direct,direct,direct,physical/other; inspect in context
item,cake2,slice of chocolate cake,42,0,dda,direct,direct,direct,physical/other; inspect in context
terrain,t_door_glass_lab_c,closed glass door,42,0,dda,direct,direct,direct,physical/other; inspect in context
furniture,f_dragonail,dragonails,42,0,magiclysm,looks_like,looks_like,looks_like,physical/other; inspect in context
furniture,f_exodii_charger,personal charging station,42,0,dda,direct,direct,direct,physical/other; inspect in context
vehicle,hddoor_trunk,heavy-duty trunk door,42,0,dda,direct,direct,direct,physical/other; inspect in context
item,cobalt_60,cobalt-60 pellet,41,0,dda,direct,direct,direct,physical/other; inspect in context
terrain,t_door_bar_locked,closed bar door,41,0,dda,direct,direct,direct,physical/other; inspect in context
furniture,f_traffic_light,traffic light,41,0,dda,direct,direct,direct,physical/other; inspect in context
furniture,f_alien_pod,slimy pod,41,0,dda,direct,direct,direct,physical/other; inspect in context
furniture,f_alien_pod_organ,organ pod,41,0,dda,direct,direct,direct,physical/other; inspect in context
item,smoxygen_tank,small oxygen delivery kit,40,0,dda,direct,direct,direct,physical/other; inspect in context
item,vacutainer,blood draw kit,40,0,dda,direct,direct,direct,physical/other; inspect in context
item,teargas_sprayer,tear gas sprayer,40,0,dda,direct,direct,direct,physical/other; inspect in context
item,boots_hiking,hiking boots (pair),40,0,dda,direct,direct,direct,physical/other; inspect in context
item,pin_reamer,pin reamer,40,0,dda,direct,direct,direct,physical/other; inspect in context
item,technician_pants_gray,work pants,40,0,dda,direct,direct,direct,physical/other; inspect in context
item,wheel_rail,rail wheel,40,0,dda,direct,direct,direct,physical/other; inspect in context
terrain,t_rock_red,red stone,40,0,dda,direct,direct,direct,physical/other; inspect in context
terrain,t_oil_circ_brkr_l,HV oil circuit breaker,40,0,dda,direct,direct,direct,physical/other; inspect in context
furniture,f_exodii_scanner,spinning dish,40,0,dda,direct,direct,direct,physical/other; inspect in context
furniture,f_vending_o,broken vending machine,40,0,dda,direct,direct,direct,physical/other; inspect in context
vehicle,rail_wheel,,40,0,dda,direct,direct,direct,physical/other; inspect in context
item,stand_ring_clamps,set of ring stand clamps,39,0,dda,direct,direct,direct,physical/other; inspect in context
item,herbal_tea,herbal tea,39,0,dda,direct,direct,direct,physical/other; inspect in context
item,light_emergency_blue,emergency vehicle light (blue),39,0,dda,direct,direct,direct,physical/other; inspect in context
item,jacket_light,light jacket,39,0,dda,direct,direct,direct,physical/other; inspect in context
item,hat_hard,hard hat,39,0,dda,direct,direct,direct,physical/other; inspect in context
item,box_large_folded,large folded cardboard box,39,0,dda,direct,direct,direct,physical/other; inspect in context
item,cereal_fp1,Foodplace cereal,39,0,dda,direct,direct,direct,physical/other; inspect in context
item,money_bundle_fifty,fifty-dollar currency bundle,39,0,dda,looks_like,looks_like,looks_like,physical/other; inspect in context
item,candy_bracelet,candy bracelet,39,0,dda,looks_like,looks_like,looks_like,physical/other; inspect in context
furniture,f_makeshift_bed,makeshift bed,39,0,dda,direct,direct,direct,physical/other; inspect in context
furniture,f_air_filter,central air filter,39,0,dda,direct,direct,direct,physical/other; inspect in context
furniture,f_barstool,bar stool,39,0,dda,direct,direct,direct,physical/other; inspect in context
item,wrapping_vacuumed,vacuum-sealed package,38,0,dda,looks_like,looks_like,looks_like,physical/other; inspect in context
item,balance_small,small weight scale,38,0,dda,direct,direct,direct,physical/other; inspect in context
item,petri_dish,Petri dish,38,0,dda,direct,direct,direct,physical/other; inspect in context
item,cane,walking cane,38,0,dda,direct,direct,direct,physical/other; inspect in context
item,corset,leather corset,38,0,dda,direct,direct,direct,physical/other; inspect in context
item,corset_waist,waist corset,38,0,dda,looks_like,looks_like,looks_like,physical/other; inspect in context
item,baldric,longsword scabbard,38,0,dda,direct,direct,direct,physical/other; inspect in context
item,tin_plate,tin plate,38,0,dda,direct,direct,direct,physical/other; inspect in context
item,sneakers_steel,steeltoed sneakers (pair),38,0,dda,looks_like,looks_like,looks_like,physical/other; inspect in context
item,angle_grinder,angle grinder,38,0,dda,direct,direct,direct,physical/other; inspect in context
terrain,t_slope_up,upward slope,38,0,dda,direct,direct,direct,physical/other; inspect in context
terrain,t_slope_down,downward slope,38,0,dda,direct,direct,direct,physical/other; inspect in context
vehicle,light_blue,,38,0,dda,direct,direct,direct,physical/other; inspect in context
item,flu_shot,flu shot,37,0,dda,direct,direct,direct,physical/other; inspect in context
item,stand_ring,ring stand,37,0,dda,direct,direct,direct,physical/other; inspect in context
item,gradcylinder,graduated cylinder,37,0,dda,direct,direct,direct,physical/other; inspect in context
item,wallet_large,large wallet,37,0,dda,direct,direct,direct,physical/other; inspect in context
item,mp3,mp3 player (off),37,0,dda,direct,direct,direct,physical/other; inspect in context
item,wheel_bicycle,bicycle wheel,37,0,dda,direct,direct,direct,physical/other; inspect in context
item,dog_whistle,dog whistle,37,0,dda,direct,direct,direct,physical/other; inspect in context
item,heroin,heroin,37,0,dda,direct,direct,direct,physical/other; inspect in context
item,762_51_casing,7.62x51mm NATO casing,37,0,dda,direct,direct,direct,physical/other; inspect in context
item,meat_pickled,pickled meat,37,0,dda,direct,direct,direct,physical/other; inspect in context
item,milkshake_deluxe,deluxe milkshake,37,0,dda,direct,direct,direct,physical/other; inspect in context
terrain,t_ladder_up,ladder,37,0,dda,direct,direct,direct,physical/other; inspect in context
terrain,t_window_bars,window with metal bars,37,0,dda,direct,direct,direct,physical/other; inspect in context
item,melting_point,melting point apparatus,36,0,dda,direct,direct,direct,physical/other; inspect in context
item,book_nonf_hard_biography_living,biography (living person),36,0,dda,looks_like,looks_like,looks_like,physical/other; inspect in context
item,plastic_plate,plastic plate,36,0,dda,direct,direct,direct,physical/other; inspect in context
item,exodii_sensor,cybernetic sensor,36,0,dda,direct,direct,direct,physical/other; inspect in context
item,chocpretzels,chocolate-covered pretzel,36,0,dda,direct,direct,direct,physical/other; inspect in context
item,veggy_tainted,alien fungus chunk,36,0,dda,direct,direct,direct,physical/other; inspect in context
terrain,t_window_open_alarm,open window with curtains,36,0,dda,looks_like,looks_like,looks_like,physical/other; inspect in context
terrain,t_current_trans,current transformer,36,0,dda,direct,direct,direct,physical/other; inspect in context
item,book_pneumatics,Pneumatic Pnowledge,35,0,dda,looks_like,looks_like,looks_like,physical/other; inspect in context
item,sheet_kevlar,Kevlar sheet,35,0,dda,direct,direct,direct,physical/other; inspect in context
item,elbow_pads,elbow pads (pair),35,0,dda,direct,direct,direct,physical/other; inspect in context
item,v8_diesel,4.5 L V8 diesel engine,35,0,dda,direct,direct,direct,physical/other; inspect in context
item,mask_ski,ski mask,35,0,dda,direct,direct,direct,physical/other; inspect in context
item,can_clams,canned clam,35,0,dda,direct,direct,direct,physical/other; inspect in context
item,hoodie_cropped,cropped hoodie,35,0,dda,direct,direct,direct,physical/other; inspect in context
item,dentures,set of dentures,35,0,dda,direct,direct,direct,physical/other; inspect in context
item,book_ruined,ruined book,35,0,dda,direct,direct,direct,physical/other; inspect in context
item,belgian_ale,Belgian ale,35,0,dda,direct,direct,direct,physical/other; inspect in context
item,breeches,breeches,35,0,dda,direct,direct,direct,physical/other; inspect in context
item,book_fict_hard_scifi_zamwe,We,35,0,dda,direct,direct,direct,physical/other; inspect in context
item,bone_human,human bone,35,0,dda,direct,direct,direct,physical/other; inspect in context
vehicle,diesel_engine_v8,,35,0,dda,direct,direct,direct,physical/other; inspect in context
item,rack_test_tube,test tube rack,34,0,dda,direct,direct,direct,physical/other; inspect in context
item,holster,holster,34,0,dda,direct,direct,direct,physical/other; inspect in context
item,sundress,sundress,34,0,dda,direct,direct,direct,physical/other; inspect in context
item,large_survival_kit_box,survival kit box,34,0,dda,direct,direct,direct,physical/other; inspect in context
item,metal_honing_rod,honing rod,34,0,dda,direct,direct,direct,physical/other; inspect in context
item,hat_knit,knit hat,34,0,dda,direct,direct,direct,physical/other; inspect in context
item,book_nonf_hard_true_crime,true crime book,34,0,dda,looks_like,looks_like,looks_like,physical/other; inspect in context
item,envelope,envelope,34,0,dda,direct,direct,direct,physical/other; inspect in context
item,pet_carrier,pet carrier,34,0,dda,direct,direct,direct,physical/other; inspect in context
item,can_herring,pickled herring,34,0,dda,direct,direct,direct,physical/other; inspect in context
item,tumbler_plastic,plastic tumbler,34,0,dda,direct,direct,direct,physical/other; inspect in context
item,bracelet_friendship,friendship bracelet,34,0,dda,direct,direct,direct,physical/other; inspect in context
item,wheel_small,small wheel,34,0,dda,direct,direct,direct,physical/other; inspect in context
terrain,t_door_bar_o,open bar door,34,0,dda,direct,direct,direct,physical/other; inspect in context
furniture,f_safe_l,safe,34,0,dda,direct,direct,direct,physical/other; inspect in context
furniture,f_planter_seedling,planter with seedling,34,0,dda,direct,direct,direct,physical/other; inspect in context
item,union_suit,union suit,33,0,dda,direct,direct,direct,physical/other; inspect in context
item,45colt_casing,.45 Colt casing,33,0,dda,direct,direct,direct,physical/other; inspect in context
item,american_flag,American flag,33,0,dda,direct,direct,direct,physical/other; inspect in context
item,pumpkin,pumpkin,33,0,dda,direct,direct,direct,physical/other; inspect in context
item,pool_ball,pool ball,33,0,dda,direct,direct,direct,physical/other; inspect in context
item,fermenting_book,Fermenting Culture,33,0,dda,direct,direct,direct,physical/other; inspect in context
item,12_ammo_box_5,12 gauge ammo box,33,0,dda,direct,direct,direct,physical/other; inspect in context
item,fish_canned,canned fish,33,0,dda,direct,direct,direct,physical/other; inspect in context
terrain,t_ladder_down,ladder,33,0,dda,direct,direct,direct,physical/other; inspect in context
furniture,f_large_canvas_door,canvas flap,33,0,dda,direct,direct,direct,physical/other; inspect in context
item,crowbar,crowbar,32,0,dda,direct,direct,direct,physical/other; inspect in context
item,cuvettes,set of spectrometry cuvettes,32,0,dda,direct,direct,direct,physical/other; inspect in context
item,hygrometer,hygrometer,32,0,dda,direct,direct,direct,physical/other; inspect in context
item,vortex,vortex device,32,0,dda,direct,direct,direct,physical/other; inspect in context
item,v6_diesel,2.8 L V6 diesel engine,32,0,dda,direct,direct,direct,physical/other; inspect in context
item,meth,low-grade methamphetamine,32,0,dda,direct,direct,direct,physical/other; inspect in context
item,picklocks,locksmith kit,32,0,dda,direct,direct,direct,physical/other; inspect in context
item,lemon,lemon,32,0,dda,direct,direct,direct,physical/other; inspect in context
item,broom,broom,32,0,dda,direct,direct,direct,physical/other; inspect in context
item,coal_lump,coal,32,0,dda,direct,direct,direct,physical/other; inspect in context
item,pitchfork,pitchfork,32,0,dda,direct,direct,direct,physical/other; inspect in context
item,condensor_coil,condensor coil,32,0,dda,direct,direct,direct,physical/other; inspect in context
item,evaporator_coil,evaporator coil,32,0,dda,direct,direct,direct,physical/other; inspect in context
item,electric_blanket,electric blanket,32,0,dda,direct,direct,direct,physical/other; inspect in context
item,scarf_long,long wool scarf,32,0,dda,direct,direct,direct,physical/other; inspect in context
item,porkstick,pork stick,32,0,dda,direct,direct,direct,physical/other; inspect in context
terrain,t_junk_wall,junk metal wall,32,0,dda,direct,direct,direct,physical/other; inspect in context
item,filter_paper_qualitative,qualitative filter paper,31,0,dda,direct,direct,direct,physical/other; inspect in context
item,condom_sealed,sealed condom,31,0,dda,looks_like,looks_like,looks_like,physical/other; inspect in context
item,carrot,carrot,31,0,dda,direct,direct,direct,physical/other; inspect in context
item,handflare_dead,dead flare,31,0,dda,direct,direct,direct,physical/other; inspect in context
item,oxygen_tank,oxygen delivery kit,31,0,dda,direct,direct,direct,physical/other; inspect in context
item,lunchmeat,lunch meat,31,0,dda,direct,direct,direct,physical/other; inspect in context
item,g_shovel,trowel,31,0,dda,direct,direct,direct,physical/other; inspect in context
item,plunger_futuristic,professional plunger,31,0,dda,direct,direct,direct,physical/other; inspect in context
item,thermal_outfit,thermal electric outfit,31,0,dda,direct,direct,direct,physical/other; inspect in context
item,corpse_ash,corpse ashes,31,0,dda,looks_like,looks_like,looks_like,physical/other; inspect in context
furniture,f_plant_harvest,harvestable plant,31,0,dda,direct,direct,direct,physical/other; inspect in context
item,book_icef,Internal Combustion Fundamentals,30,0,dda,direct,direct,direct,physical/other; inspect in context
item,glass_tube_small,small glass tube,30,0,dda,direct,direct,direct,physical/other; inspect in context
item,pressure_tank,pressurized tank,30,0,dda,looks_like,looks_like,looks_like,physical/other; inspect in context
item,suit,suit,30,0,dda,direct,direct,direct,physical/other; inspect in context
item,pot_copper,copper pot,30,0,dda,direct,direct,direct,physical/other; inspect in context
item,mag_beauty,Beauty Magazine,30,0,dda,direct,direct,direct,physical/other; inspect in context
item,duffelbag_gym_m,gym bag,30,0,dda,looks_like,looks_like,looks_like,physical/other; inspect in context
item,tin_cup,tin cup,30,0,dda,direct,direct,direct,physical/other; inspect in context
item,tux,tuxedo,30,0,dda,direct,direct,direct,physical/other; inspect in context
item,wrench_48,heavy-duty pipe wrench,30,0,dda,looks_like,looks_like,looks_like,physical/other; inspect in context
item,dry_beans,dried beans,30,0,dda,direct,direct,direct,physical/other; inspect in context
item,22lr_ammo_tray,.22 LR ammo tray,30,0,dda,looks_like,looks_like,looks_like,physical/other; inspect in context
item,rake,metal rake,30,0,dda,direct,direct,direct,physical/other; inspect in context
item,book_nonf_hard_phil_phinfo,The Philosophy of Information,30,0,dda,direct,direct,direct,physical/other; inspect in context
item,money_bundle_twenty,twenty-dollar currency bundle,30,0,dda,looks_like,looks_like,looks_like,physical/other; inspect in context
terrain,t_wall_cyan,cyan wall,30,0,dda,looks_like,looks_like,looks_like,physical/other; inspect in context
terrain,t_thatch_roof,thatched roof,30,0,dda,direct,direct,direct,physical/other; inspect in context
furniture,f_brazier,brazier,30,0,dda,direct,direct,direct,physical/other; inspect in context
furniture,f_alien_zapper,twitching frond,30,0,dda,direct,direct,direct,physical/other; inspect in context
vehicle,diesel_engine_v6,,30,0,dda,direct,direct,direct,physical/other; inspect in context
item,funnel_separation,separation funnel,29,0,dda,direct,direct,direct,physical/other; inspect in context
item,454_casing,.454 Casull casing,29,0,dda,direct,direct,direct,physical/other; inspect in context
item,letter,letter,29,0,dda,direct,direct,direct,physical/other; inspect in context
item,travelpack,travelpack,29,0,dda,direct,direct,direct,physical/other; inspect in context
item,ch_steel_lump,lump of hardened steel,29,0,dda,direct,direct,direct,physical/other; inspect in context
item,boxcutter,boxcutter knife,29,0,dda,direct,direct,direct,physical/other; inspect in context
item,eggplant,eggplant,29,0,dda,direct,direct,direct,physical/other; inspect in context
item,can_sardine,canned sardine,29,0,dda,direct,direct,direct,physical/other; inspect in context
item,jackhammer,jackhammer,29,0,dda,direct,direct,direct,physical/other; inspect in context
item,candycigarette,candy cigarette,29,0,dda,direct,direct,direct,physical/other; inspect in context
terrain,t_shrub_peanut,peanut bush,29,0,dda,direct,direct,direct,physical/other; inspect in context
terrain,t_tree_burnt,burnt tree,29,0,magiclysm,looks_like,looks_like,looks_like,physical/other; inspect in context
terrain,t_conveyor,conveyor belt,29,0,dda,direct,direct,direct,physical/other; inspect in context
furniture,f_woodstove,wood stove,29,0,dda,direct,direct,direct,physical/other; inspect in context
item,burette,burette,28,0,dda,direct,direct,direct,physical/other; inspect in context
item,still_lab,fractional distillation apparatus,28,0,dda,direct,direct,direct,physical/other; inspect in context
item,textbook_gaswarfare,Art and Science of Chemical Warfare,28,0,dda,direct,direct,direct,physical/other; inspect in context
item,geiger_off,Geiger counter (off),28,0,dda,direct,direct,direct,physical/other; inspect in context
item,beaker,beaker,28,0,dda,direct,direct,direct,physical/other; inspect in context
item,mattress,mattress,28,0,dda,direct,direct,direct,physical/other; inspect in context
item,rope_30,long rope,28,0,dda,direct,direct,direct,physical/other; inspect in context
item,money_hundred,hundred-dollar bill,28,0,dda,looks_like,looks_like,looks_like,physical/other; inspect in context
item,turret_mount,turret mount,28,0,dda,direct,direct,direct,physical/other; inspect in context
item,armguard_hard,hard arm guards (pair),28,0,dda,direct,direct,direct,physical/other; inspect in context
item,book_nonf_hard_biography_dead,biography (deceased person),28,0,dda,looks_like,looks_like,looks_like,physical/other; inspect in context
item,toaster,toaster,28,0,dda,direct,direct,direct,physical/other; inspect in context
item,hand_drill,hand drill,28,0,dda,direct,direct,direct,physical/other; inspect in context
item,ecig,electronic cigarette,28,0,dda,direct,direct,direct,physical/other; inspect in context
item,denim_overalls,denim overalls,28,0,dda,direct,direct,direct,physical/other; inspect in context
terrain,t_lgtn_arrest,lightning arrester,28,0,dda,direct,direct,direct,physical/other; inspect in context
vehicle,bed,bed,28,0,dda,direct,direct,direct,physical/other; inspect in context
vehicle,turret_mount,,28,0,dda,direct,direct,direct,physical/other; inspect in context
item,textbook_arthropod,The Wonderful World of Arthropodology,27,0,dda,direct,direct,direct,physical/other; inspect in context
item,binoculars,binoculars,27,0,dda,direct,direct,direct,physical/other; inspect in context
item,ref_lighter,refillable lighter,27,0,dda,direct,direct,direct,physical/other; inspect in context
item,corpse_generic_male,corpse,27,0,dda,direct,direct,direct,physical/other; inspect in context
item,apron_plastic,plastic apron,27,0,dda,looks_like,looks_like,looks_like,physical/other; inspect in context
item,plastic_bowl_kids,kiddie bowl,27,0,dda,direct,direct,direct,physical/other; inspect in context
item,keffiyeh,keffiyeh,27,0,dda,direct,direct,direct,physical/other; inspect in context
item,pizza_veggy,vegetable pizza,27,0,dda,direct,direct,direct,physical/other; inspect in context
item,silver_bracelet,silver bracelet,27,0,dda,direct,direct,direct,physical/other; inspect in context
item,chem_peptone_broth,peptone water powder,27,0,dda,direct,direct,direct,physical/other; inspect in context
item,waffleiron,waffle iron,27,0,dda,direct,direct,direct,physical/other; inspect in context
item,rolling_paper,rolling paper,27,0,dda,direct,direct,direct,physical/other; inspect in context
item,tieclip,tie clip,27,0,dda,direct,direct,direct,physical/other; inspect in context
item,large_propane_tank,large propane tank,27,0,dda,direct,direct,direct,physical/other; inspect in context
item,petpack,petpack,27,0,dda,direct,direct,direct,physical/other; inspect in context
item,lobster_canned,canned lobster,27,0,dda,looks_like,looks_like,looks_like,physical/other; inspect in context
terrain,t_door_locked_alarm,closed wood door,27,0,dda,direct,direct,direct,physical/other; inspect in context
terrain,t_window_no_curtains_open_alarm,open window without curtains,27,0,dda,looks_like,looks_like,looks_like,physical/other; inspect in context
terrain,t_tree_butternut,butternut tree,27,0,dda,looks_like,looks_like,looks_like,physical/other; inspect in context
terrain,t_fence_wire,wire fence,27,0,dda,direct,direct,direct,physical/other; inspect in context
furniture,f_canvas_door,canvas flap,27,0,dda,direct,direct,direct,physical/other; inspect in context
item,reference_fabrication1,Machinery's Handbook,26,0,dda,direct,direct,direct,physical/other; inspect in context
item,peacoat,peacoat,26,0,dda,direct,direct,direct,physical/other; inspect in context
item,book_nonf_hard_sports_ergo,Natare Ergo Sum,26,0,dda,direct,direct,direct,physical/other; inspect in context
item,2lcanteen,2.5 L canteen,26,0,dda,direct,direct,direct,physical/other; inspect in context
item,3030_casing,.30-30 Winchester casing,26,0,dda,looks_like,looks_like,looks_like,physical/other; inspect in context
item,cufflinks,cufflinks (pair),26,0,dda,direct,direct,direct,physical/other; inspect in context
item,bead_necklace,beaded necklace,26,0,dda,direct,direct,direct,physical/other; inspect in context
item,elec_hairtrimmer,electric hair trimmer,26,0,dda,direct,direct,direct,physical/other; inspect in context
item,corpse_generic_female,corpse,26,0,dda,direct,direct,direct,physical/other; inspect in context
item,book_nonf_hard_autobiography,autobiography,26,0,dda,looks_like,looks_like,looks_like,physical/other; inspect in context
item,foodplace_zero_drink,Foodplace's refreshing drink™,26,0,dda,looks_like,looks_like,looks_like,physical/other; inspect in context
item,seed_tomato,tomato seeds,26,0,dda,direct,direct,direct,physical/other; inspect in context
item,metal_tank_little,metal tank (2 L),26,0,dda,direct,direct,direct,physical/other; inspect in context
terrain,t_window_no_curtains_alarm,window without curtains,26,0,dda,looks_like,looks_like,looks_like,physical/other; inspect in context
terrain,t_milking_machine,milking machine,26,0,dda,direct,direct,direct,physical/other; inspect in context
terrain,t_dirtfloor_no_roof,dirt floor,26,0,dda,direct,direct,direct,physical/other; inspect in context
furniture,f_scrap_antenna,scrap antenna,26,0,dda,direct,direct,direct,physical/other; inspect in context
vehicle,hddoor_opaque,heavy-duty opaque door,26,0,dda,direct,direct,direct,physical/other; inspect in context
item,textbook_carpentry,Engineering 301,25,0,dda,direct,direct,direct,physical/other; inspect in context
item,apple,apple,25,0,dda,direct,direct,direct,physical/other; inspect in context
item,coin_dollar,dollar coin,25,0,dda,direct,direct,direct,physical/other; inspect in context
item,bird_sample,bird sample,25,0,dda,direct,direct,direct,physical/other; inspect in context
item,tie_clipon,clip-on tie,25,0,dda,direct,direct,direct,physical/other; inspect in context
item,book_fict_hard_scifi_fifth,The Fifth Season,25,0,dda,direct,direct,direct,physical/other; inspect in context
item,pizza_meat,slice of meat pizza,25,0,dda,direct,direct,direct,physical/other; inspect in context
item,gloves_winter,winter gloves (pair),25,0,dda,direct,direct,direct,physical/other; inspect in context
item,pear,pear,25,0,dda,direct,direct,direct,physical/other; inspect in context
item,duster,duster,25,0,dda,direct,direct,direct,physical/other; inspect in context
item,cash_register,cash register,25,0,dda,direct,direct,direct,physical/other; inspect in context
item,chili_pepper,chili pepper,25,0,dda,direct,direct,direct,physical/other; inspect in context
item,chem_sulphuric_acid,sulfuric acid,25,0,dda,direct,direct,direct,physical/other; inspect in context
terrain,t_gates_control_brick,mechanical winch,25,0,dda,direct,direct,direct,physical/other; inspect in context
terrain,t_door_glass_o,open glass door,25,0,dda,direct,direct,direct,physical/other; inspect in context
terrain,t_floor_waxed_y,painted waxed floor,25,0,dda,direct,direct,direct,physical/other; inspect in context
item,modular_m4_carbine,M4 carbine,24,0,dda,looks_like,looks_like,looks_like,physical/other; inspect in context
item,barometer,barometer,24,0,dda,direct,direct,direct,physical/other; inspect in context
item,textbook_traps,The Compleat Trapper,24,0,dda,direct,direct,direct,physical/other; inspect in context
item,oil_lamp,kerosene lamp (off),24,0,dda,direct,direct,direct,physical/other; inspect in context
item,battery_motorbike,motorbike battery,24,0,dda,direct,direct,direct,physical/other; inspect in context
item,mt_chainmail_vest,moon tears chainmail vest,24,0,xedra_evolved,looks_like,looks_like,looks_like,physical/other; inspect in context
item,icecream_scoop,icecream scoop,24,0,dda,direct,direct,direct,physical/other; inspect in context
item,jacket_jean,jean jacket,24,0,dda,direct,direct,direct,physical/other; inspect in context
item,textbook_botany,Introduction to Plant Biology,24,0,dda,direct,direct,direct,physical/other; inspect in context
item,bottle_liter,medium plastic bottle,24,0,dda,looks_like,looks_like,looks_like,physical/other; inspect in context
item,chem_glycerol,glycerol,24,0,dda,direct,direct,direct,physical/other; inspect in context
item,meat_canned,canned meat,24,0,dda,direct,direct,direct,physical/other; inspect in context
terrain,t_den_small,small den,24,0,dda,looks_like,looks_like,looks_like,physical/other; inspect in context
terrain,t_rock_blue,blue stone,24,0,dda,direct,direct,direct,physical/other; inspect in context
furniture,f_freezer,chest freezer,24,0,dda,direct,direct,direct,physical/other; inspect in context
furniture,f_alien_table,fleshy altar,24,0,dda,direct,direct,direct,physical/other; inspect in context
furniture,f_bike_rack,bike rack,24,0,dda,direct,direct,direct,physical/other; inspect in context
item,recipe_bows,The Bowyer's Buddy,23,0,dda,direct,direct,direct,physical/other; inspect in context
item,plastics_book,Plastics & Polymers: Projects for the Classroom,23,0,dda,direct,direct,direct,physical/other; inspect in context
item,mag_fabrication,Crafty Crafter's Quarterly,23,0,dda,direct,direct,direct,physical/other; inspect in context
item,rotovap,rotary evaporator,23,0,dda,direct,direct,direct,physical/other; inspect in context
item,electronics_controls,electronics control unit,23,0,dda,direct,direct,direct,physical/other; inspect in context
item,postcard,postcard,23,0,dda,direct,direct,direct,physical/other; inspect in context
item,book_fict_soft_pulp_ddive,The Deep Dive,23,0,dda,direct,direct,direct,physical/other; inspect in context
item,wrench_large,large adjustable wrench,23,0,dda,direct,direct,direct,physical/other; inspect in context
item,sickle,sickle,23,0,dda,direct,direct,direct,physical/other; inspect in context
item,copper_necklace,copper necklace,23,0,dda,direct,direct,direct,physical/other; inspect in context
item,cake3,slice of guff cake,23,0,dda,direct,direct,direct,physical/other; inspect in context
item,fish_pickled,pickled fish,23,0,dda,direct,direct,direct,physical/other; inspect in context
item,mre_chickenburritobowl,chicken burrito bowl entree,23,0,dda,direct,direct,direct,physical/other; inspect in context
vehicle,controls_electronic,,23,0,dda,direct,direct,direct,physical/other; inspect in context
item,mag_tv,US Weekly,22,0,dda,direct,direct,direct,physical/other; inspect in context
item,lab_postit_blob,gray post-it note,22,0,dda,looks_like,looks_like,looks_like,physical/other; inspect in context
item,stopcock,plastic stopcock,22,0,dda,direct,direct,direct,physical/other; inspect in context
item,receiver,signal receiver,22,0,dda,direct,direct,direct,physical/other; inspect in context
item,V8,V8,22,0,dda,direct,direct,direct,physical/other; inspect in context
item,bike_rack,bike rack,22,0,dda,direct,direct,direct,physical/other; inspect in context
item,tourist_table,folding table,22,0,dda,direct,direct,direct,physical/other; inspect in context
item,large_tent_kit,large tent,22,0,dda,direct,direct,direct,physical/other; inspect in context
item,log,log,22,0,dda,direct,direct,direct,physical/other; inspect in context
item,tofu,tofu,22,0,dda,direct,direct,direct,physical/other; inspect in context
item,can_peach,peaches in syrup,22,0,dda,direct,direct,direct,physical/other; inspect in context
item,RPG_die,RPG die,22,0,dda,direct,direct,direct,physical/other; inspect in context
item,scythe,scythe,22,0,dda,direct,direct,direct,physical/other; inspect in context
item,peanutbutter,nut butter,22,0,dda,direct,direct,direct,physical/other; inspect in context
item,milk_evap,evaporated milk,22,0,dda,direct,direct,direct,physical/other; inspect in context
item,novel_experimental,experimental novel,22,0,dda,direct,direct,direct,physical/other; inspect in context
item,suitcase_l,suitcase,22,0,dda,direct,direct,direct,physical/other; inspect in context
item,carpentry_book,The Complete Home Repair Guide,22,0,dda,direct,direct,direct,physical/other; inspect in context
item,tire_wide_or,"24"" off-road wide tire",22,0,dda,looks_like,looks_like,looks_like,physical/other; inspect in context
item,wheel_caster,set of small casters,22,0,dda,direct,direct,direct,physical/other; inspect in context
item,toecaps,toecaps (pair),22,0,dda,direct,direct,direct,physical/other; inspect in context
item,rubber_harness_dog,rubber dog rainsuit,22,0,dda,direct,direct,direct,physical/other; inspect in context
item,house_coat,bathrobe,22,0,dda,direct,direct,direct,physical/other; inspect in context
terrain,t_door_elocked_alarm,closed wood door,22,0,dda,looks_like,looks_like,looks_like,physical/other; inspect in context
terrain,t_monkey_bars,monkey bars,22,0,dda,direct,direct,direct,physical/other; inspect in context
terrain,t_card_industrial,card reader,22,0,dda,direct,direct,direct,physical/other; inspect in context
vehicle,bike_rack,,22,0,dda,direct,direct,direct,physical/other; inspect in context
vehicle,recharge_station,,22,0,dda,direct,direct,direct,physical/other; inspect in context
vehicle,wheel_caster,,22,0,dda,direct,direct,direct,physical/other; inspect in context
item,RobofacCoin,Hub 01 Gold Coin,21,0,dda,direct,direct,direct,physical/other; inspect in context
item,recipe_fauxfur,"Friendly, Humane Fashion",21,0,dda,direct,direct,direct,physical/other; inspect in context
item,recipe_arrows,The Fletcher's Friend,21,0,dda,direct,direct,direct,physical/other; inspect in context
item,adrenaline_injector,epinephrine autoinjector,21,0,dda,direct,direct,direct,physical/other; inspect in context
item,lab_postit_bio,yellow post-it note,21,0,dda,direct,direct,direct,physical/other; inspect in context
item,book_nonf_hard_phil_mdlogic,Modal Logic as Metaphysics,21,0,dda,direct,direct,direct,physical/other; inspect in context
item,gloves_golf,golfing gloves (pair),21,0,dda,direct,direct,direct,physical/other; inspect in context
item,dress_wedding,wedding dress,21,0,dda,direct,direct,direct,physical/other; inspect in context
item,veil_wedding,wedding veil,21,0,dda,direct,direct,direct,physical/other; inspect in context
item,straw_hat,straw hat,21,0,dda,direct,direct,direct,physical/other; inspect in context
item,radio,radio (off),21,0,dda,direct,direct,direct,physical/other; inspect in context
item,thawb,thawb,21,0,dda,direct,direct,direct,physical/other; inspect in context
item,mre_asianbeef,Asian beef & vegetables entree,21,0,dda,direct,direct,direct,physical/other; inspect in context
item,basket_laundry,laundry basket,21,0,dda,direct,direct,direct,physical/other; inspect in context
item,comb_lice,lice comb,21,0,dda,direct,direct,direct,physical/other; inspect in context
item,chem_phenol,phenol,21,0,dda,direct,direct,direct,physical/other; inspect in context
item,book_fict_soft_swash_searovers,Captain Gosnold and the Sea Rovers of Buzzards Bay,21,0,dda,direct,direct,direct,physical/other; inspect in context
item,mag_porn,Playboy,21,0,dda,direct,direct,direct,physical/other; inspect in context
item,pretzels,pretzels,21,0,dda,direct,direct,direct,physical/other; inspect in context
item,elec_jackhammer,electric jackhammer,21,0,dda,direct,direct,direct,physical/other; inspect in context
item,chem_aluminium_powder,aluminum powder,21,0,dda,direct,direct,direct,physical/other; inspect in context
item,candy3gator,chewy reptilian candy,21,0,dda,direct,direct,direct,physical/other; inspect in context
terrain,t_earth_ramp_up_low,earth ramp up (low end),21,0,dda,direct,direct,direct,physical/other; inspect in context
terrain,t_earth_ramp_up_high,earth ramp up (high end),21,0,dda,direct,direct,direct,physical/other; inspect in context
terrain,t_earth_ramp_down_low,earth ramp down (low end),21,0,dda,direct,direct,direct,physical/other; inspect in context
terrain,t_earth_ramp_down_high,earth ramp down (high end),21,0,dda,direct,direct,direct,physical/other; inspect in context
furniture,f_alien_anemone,wafting anemone,21,0,dda,direct,direct,direct,physical/other; inspect in context
vehicle,door_shutter,shutter door,21,0,dda,direct,direct,direct,physical/other; inspect in context
item,wrapped_rad_badge,wrapped radiation badge,20,0,dda,direct,direct,direct,physical/other; inspect in context
item,pamd68,Exodii battle rifle,20,0,dda,direct,direct,direct,physical/other; inspect in context
item,emer_blanket,emergency blanket,20,0,dda,direct,direct,direct,physical/other; inspect in context
item,sheath,sheath,20,0,dda,direct,direct,direct,physical/other; inspect in context
item,jacket_windbreaker,windbreaker,20,0,dda,direct,direct,direct,physical/other; inspect in context
item,plant_fibre,plant fiber,20,0,dda,direct,direct,direct,physical/other; inspect in context
item,mt_chainmail_legs,moon tears chainmail leggings,20,0,xedra_evolved,looks_like,looks_like,looks_like,physical/other; inspect in context
item,mre_bbqbeef,BBQ beef entree,20,0,dda,direct,direct,direct,physical/other; inspect in context
item,pipe_glass,glass pipe,20,0,dda,direct,direct,direct,physical/other; inspect in context
item,toasterpastryfrozen,uncooked toaster pastry,20,0,dda,direct,direct,direct,physical/other; inspect in context
item,frozen_dinner,uncooked TV dinner,20,0,dda,direct,direct,direct,physical/other; inspect in context
item,wine_glass,wine glass,20,0,dda,direct,direct,direct,physical/other; inspect in context
item,brush_handaxe,bill,20,0,dda,looks_like,looks_like,looks_like,physical/other; inspect in context
item,boots_combat,combat boots (pair),20,0,dda,direct,direct,direct,physical/other; inspect in context
item,book_nonf_hard_popular_science,popular science book,20,0,dda,looks_like,looks_like,looks_like,physical/other; inspect in context
item,troglobite_sample,troglobite sample,20,0,dda,direct,direct,direct,physical/other; inspect in context
item,popcorn3,buttered popcorn,20,0,dda,direct,direct,direct,physical/other; inspect in context
item,mag_barter,Car Buyer's Guide,20,0,dda,direct,direct,direct,physical/other; inspect in context
item,holybook_bible3,Gideon Bible,20,0,dda,direct,direct,direct,physical/other; inspect in context
item,fried_seeds,fried seeds,20,0,dda,direct,direct,direct,physical/other; inspect in context
terrain,t_elevator_control,elevator controls,20,0,dda,direct,direct,direct,physical/other; inspect in context
terrain,t_dock,dock,20,0,dda,direct,direct,direct,physical/other; inspect in context
furniture,f_center_groundsheet,groundsheet,20,0,dda,direct,direct,direct,physical/other; inspect in context
furniture,f_huge_mana_crystal,huge mana crystal,20,0,magiclysm,direct,direct,direct,physical/other; inspect in context
vehicle,roof_cloth,cloth roof,20,0,dda,direct,direct,direct,physical/other; inspect in context
item,chem_nitric_acid,nitric acid,19,0,dda,direct,direct,direct,physical/other; inspect in context
item,manual_business,How to Succeed in Business,19,0,dda,direct,direct,direct,physical/other; inspect in context
item,gasoline_lantern,gasoline lantern (off),19,0,dda,direct,direct,direct,physical/other; inspect in context
item,book_fict_soft_pulp_wtmrw,The Wrong Tomorrow,19,0,dda,direct,direct,direct,physical/other; inspect in context
item,broccoli,broccoli,19,0,dda,direct,direct,direct,physical/other; inspect in context
item,cassock,cassock,19,0,dda,direct,direct,direct,physical/other; inspect in context
item,trenchcoat,trenchcoat,19,0,dda,direct,direct,direct,physical/other; inspect in context
item,copper_locket,copper locket,19,0,dda,direct,direct,direct,physical/other; inspect in context
item,book_anthology_cw,Choose Wisely,19,0,dda,looks_like,looks_like,looks_like,physical/other; inspect in context
item,gloves_white,white gloves (pair),19,0,dda,looks_like,looks_like,looks_like,physical/other; inspect in context
item,book_nonf_soft_parent_howtogen,How to Raise a Gentleman: A Civilized Guide to Parenting,19,0,dda,direct,direct,direct,physical/other; inspect in context
item,book_nonf_soft_phil_benoth,Being and Nothingness,19,0,dda,direct,direct,direct,physical/other; inspect in context
item,boots_winter,winter boots (pair),19,0,dda,direct,direct,direct,physical/other; inspect in context
item,book_nonf_hard_phil_aesth,Aesthetics: A Critical Anthology,19,0,dda,direct,direct,direct,physical/other; inspect in context
item,rhubarb,rhubarb,19,0,dda,direct,direct,direct,physical/other; inspect in context
item,bone,bone,19,0,dda,direct,direct,direct,physical/other; inspect in context
item,book_nonf_soft_sports_lads,The Lads of Summer,19,0,dda,direct,direct,direct,physical/other; inspect in context
item,book_fict_soft_west_riot,Riot on the Range,19,0,dda,direct,direct,direct,physical/other; inspect in context
item,evac_pamphlet,FEMA evacuation pamphlet,19,0,dda,direct,direct,direct,physical/other; inspect in context
item,human_sample,human sample,19,0,dda,direct,direct,direct,physical/other; inspect in context
item,fan,desk fan,19,0,dda,direct,direct,direct,physical/other; inspect in context
item,tailor_portfolio,clothing designer's portfolio,19,0,dda,direct,direct,direct,physical/other; inspect in context
item,seed_wheat,wheat seeds,19,0,dda,direct,direct,direct,physical/other; inspect in context
furniture,f_firering,fire ring,19,0,dda,direct,direct,direct,physical/other; inspect in context
furniture,f_board_map,map board,19,0,dda,direct,direct,direct,physical/other; inspect in context
vehicle,battery_motorbike,,19,0,dda,direct,direct,direct,physical/other; inspect in context
item,cookbook_indian,Tasting India,18,0,dda,direct,direct,direct,physical/other; inspect in context
item,textbook_armeast,The Art of Japanese Armormaking,18,0,dda,direct,direct,direct,physical/other; inspect in context
item,camera,camera,18,0,dda,direct,direct,direct,physical/other; inspect in context
item,filter_paper_quantitative,quantitative filter paper,18,0,dda,direct,direct,direct,physical/other; inspect in context
item,basic_papr_belt_off,PAPR blower (off),18,0,dda,looks_like,looks_like,looks_like,physical/other; inspect in context
item,sandwich_cheese,cheese sandwich,18,0,dda,direct,direct,direct,physical/other; inspect in context
item,tire_medium_slick,"16"" racing tire",18,0,dda,looks_like,looks_like,looks_like,physical/other; inspect in context
item,book_fict_soft_pulp_nogod,No God From a Corpse,18,0,dda,direct,direct,direct,physical/other; inspect in context
item,corpse_generic_human,corpse,18,0,dda,direct,direct,direct,physical/other; inspect in context
item,tent_kit,tent,18,0,dda,direct,direct,direct,physical/other; inspect in context
item,motor_enhanced,enhanced electric motor,18,0,dda,direct,direct,direct,physical/other; inspect in context
item,knitting_needles,knitting needles (pair),18,0,dda,direct,direct,direct,physical/other; inspect in context
item,mt_chainmail_hood,moon tears chainmail coif,18,0,xedra_evolved,looks_like,looks_like,looks_like,physical/other; inspect in context
item,scissors_child,kiddie scissors,18,0,dda,direct,direct,direct,physical/other; inspect in context
item,dutch_oven,cast-iron dutch oven,18,0,dda,direct,direct,direct,physical/other; inspect in context
item,gold_watch,gold watch,18,0,dda,direct,direct,direct,physical/other; inspect in context
item,box_oversize,oversize cardboard box,18,0,dda,direct,direct,direct,physical/other; inspect in context
item,mess_tray,meal tray,18,0,dda,direct,direct,direct,physical/other; inspect in context
item,zucchini,zucchini,18,0,dda,direct,direct,direct,physical/other; inspect in context
item,coat_winter,puffer jacket,18,0,dda,direct,direct,direct,physical/other; inspect in context
item,foot_crank,foot crank,18,0,dda,direct,direct,direct,physical/other; inspect in context
item,welding_mask,welding mask,18,0,dda,direct,direct,direct,physical/other; inspect in context
item,book_nonf_hard_history_ancient,history book (ancient),18,0,dda,looks_like,looks_like,looks_like,physical/other; inspect in context
item,mag_gaming,Computer Gaming,18,0,dda,direct,direct,direct,physical/other; inspect in context
item,mag_computer,Computer World,18,0,dda,direct,direct,direct,physical/other; inspect in context
item,textbook_armschina,Arms and Armor of Imperial China,18,0,dda,direct,direct,direct,physical/other; inspect in context
item,mre_hashbrownbacon,hash browns & bacon entree,18,0,dda,direct,direct,direct,physical/other; inspect in context
item,mre_lobstermedley,lobster seafood medley entree,18,0,dda,looks_like,looks_like,looks_like,physical/other; inspect in context
item,mre_chilimac,chili & macaroni entree,18,0,dda,direct,direct,direct,physical/other; inspect in context
item,leather_harness_dog,leather dog harness,18,0,dda,direct,direct,direct,physical/other; inspect in context
item,jihelucake,slice of birthday cake,18,0,dda,direct,direct,direct,physical/other; inspect in context
terrain,t_door_lab_c,closed wood door,18,0,dda,direct,direct,direct,physical/other; inspect in context
terrain,t_door_locked_peep,closed wood door,18,0,dda,direct,direct,direct,physical/other; inspect in context
terrain,t_tree_tupelo,tupelo tree,18,0,dda,looks_like,looks_like,looks_like,physical/other; inspect in context
terrain,t_thconc_floor_olight,"concrete floor, overhead light",18,0,dda,direct,direct,direct,physical/other; inspect in context
furniture,f_alien_gasper,gasping tube,18,0,dda,direct,direct,direct,physical/other; inspect in context
furniture,f_pinball_machine,pinball machine,18,0,dda,direct,direct,direct,physical/other; inspect in context
vehicle,minifridge,minifridge,18,0,dda,direct,direct,direct,physical/other; inspect in context
vehicle,frame_handle,handle,18,0,dda,direct,direct,direct,physical/other; inspect in context
vehicle,v_curtain,curtain,18,0,dda,direct,direct,direct,physical/other; inspect in context
item,con_milk,condensed milk,17,0,dda,direct,direct,direct,physical/other; inspect in context
item,brewing_cookbook,The Homebrewer's Bible,17,0,dda,direct,direct,direct,physical/other; inspect in context
item,lab_postit_tech,red post-it note,17,0,dda,looks_like,looks_like,looks_like,physical/other; inspect in context
item,lightstrip_inactive,LED strip (inactive),17,0,dda,direct,direct,direct,physical/other; inspect in context
item,hand_crank_charger,hand-crank charger,17,0,dda,direct,direct,direct,physical/other; inspect in context
item,hood_rain,rain hood,17,0,dda,direct,direct,direct,physical/other; inspect in context
item,duster_leather,leather duster,17,0,dda,direct,direct,direct,physical/other; inspect in context
item,9mm_ammo_box_20,9mm ammo box,17,0,dda,direct,direct,direct,physical/other; inspect in context
item,motorbike_boots,motorcycle boots (pair),17,0,dda,direct,direct,direct,physical/other; inspect in context
item,fruit_wine,fruit wine,17,0,dda,direct,direct,direct,physical/other; inspect in context
item,backpack_denim,denim backpack,17,0,dda,looks_like,looks_like,looks_like,physical/other; inspect in context
item,grinder_metal_grinding_disc,metal grinding disc,17,0,dda,direct,direct,direct,physical/other; inspect in context
item,radiocontrol,RC control,17,0,dda,direct,direct,direct,physical/other; inspect in context
item,mre_veggy,vegetarian taco entree,17,0,dda,direct,direct,direct,physical/other; inspect in context
item,mouse_sample,mouse sample,17,0,dda,direct,direct,direct,physical/other; inspect in context
item,ether,ether,17,0,dda,direct,direct,direct,physical/other; inspect in context
item,rat_sample,rat sample,17,0,dda,direct,direct,direct,physical/other; inspect in context
item,mag_carpentry,Birdhouse Monthly,17,0,dda,direct,direct,direct,physical/other; inspect in context
item,mre_mushroomfettuccine,mushroom fettuccine entree,17,0,dda,direct,direct,direct,physical/other; inspect in context
item,mre_chicken,chicken chunks entree,17,0,dda,direct,direct,direct,physical/other; inspect in context
item,drivebelt,drive belt,17,0,dda,direct,direct,direct,physical/other; inspect in context
item,bag_durasack_cement,"durable plastic sack, cement",17,0,dda,looks_like,looks_like,looks_like,physical/other; inspect in context
item,rope_6,short rope,17,0,dda,direct,direct,direct,physical/other; inspect in context
furniture,f_solar_unit_v2,mounted monocrystalline solar panel,17,0,dda,looks_like,looks_like,looks_like,physical/other; inspect in context
vehicle,engine_electric_enhanced,,17,0,dda,direct,direct,direct,physical/other; inspect in context
item,zipper_long_plastic,long plastic zipper,16,0,dda,direct,direct,direct,physical/other; inspect in context
item,lab_postit_migo,pink post-it note,16,0,dda,looks_like,looks_like,looks_like,physical/other; inspect in context
item,plut_cell,plutonium fuel cell,16,0,dda,direct,direct,direct,physical/other; inspect in context
item,lab_postit_portal,orange post-it note,16,0,dda,looks_like,looks_like,looks_like,physical/other; inspect in context
item,element,heating element,16,0,dda,direct,direct,direct,physical/other; inspect in context
item,motor_large,large electric motor,16,0,dda,direct,direct,direct,physical/other; inspect in context
item,it_battery_mount,storage battery case,16,0,dda,direct,direct,direct,physical/other; inspect in context
item,cowboy_hat,cowboy hat,16,0,dda,direct,direct,direct,physical/other; inspect in context
item,pocketwatch,pocket watch,16,0,dda,direct,direct,direct,physical/other; inspect in context
item,tacjacket,tactical jacket,16,0,dda,looks_like,looks_like,looks_like,physical/other; inspect in context
item,paperback_romance_diodes,Blood Diodes,16,0,dda,direct,direct,direct,physical/other; inspect in context
item,material_rocksalt,rock salt,16,0,dda,direct,direct,direct,physical/other; inspect in context
item,book_fict_soft_west_vride,The Vendetta Riders,16,0,dda,direct,direct,direct,physical/other; inspect in context
item,mre_pizza,pepperoni pizza entree,16,0,dda,direct,direct,direct,physical/other; inspect in context
item,sunglasses_bifocal,bifocal sunglasses,16,0,dda,direct,direct,direct,physical/other; inspect in context
item,granola,granola,16,0,dda,direct,direct,direct,physical/other; inspect in context
item,copper_bracelet,copper bracelet,16,0,dda,direct,direct,direct,physical/other; inspect in context
item,22lr_ammo_box_100,.22 LR ammo box,16,0,dda,direct,direct,direct,physical/other; inspect in context
item,mask_gas,gas mask,16,0,dda,direct,direct,direct,physical/other; inspect in context
item,mag_traps,Trapper's Life,16,0,dda,direct,direct,direct,physical/other; inspect in context
item,radish_taproot,handful of radish taproots,16,0,dda,looks_like,looks_like,looks_like,physical/other; inspect in context
item,silver_locket,silver locket,16,0,dda,direct,direct,direct,physical/other; inspect in context
item,signal_flare,signal flare,16,0,dda,direct,direct,direct,physical/other; inspect in context
item,watermelon,watermelon,16,0,dda,direct,direct,direct,physical/other; inspect in context
item,book_nonf_hard_parenting,parenting book,16,0,dda,looks_like,looks_like,looks_like,physical/other; inspect in context
item,book_fict_soft_west_gore,Gore Longitude,16,0,dda,looks_like,looks_like,looks_like,physical/other; inspect in context
item,money_bundle_hundred,hundred-dollar currency bundle,16,0,dda,looks_like,looks_like,looks_like,physical/other; inspect in context
item,skull_human,human skull,16,0,dda,direct,direct,direct,physical/other; inspect in context
item,fat_tainted,chunk of tainted fat,16,0,dda,direct,direct,direct,physical/other; inspect in context
item,tempered_glass_sheet,sheet of tempered glass,16,0,dda,direct,direct,direct,physical/other; inspect in context
item,p320mag_17rd_9x19mm,service handgun 17-round magazine,16,0,dda,direct,direct,direct,physical/other; inspect in context
item,light_bulb,light bulb,16,0,dda,direct,direct,direct,physical/other; inspect in context
item,mre_ratatouille,ratatouille entree,16,0,dda,direct,direct,direct,physical/other; inspect in context
item,pie_meat,slice of meat pie,16,0,dda,direct,direct,direct,physical/other; inspect in context
item,bell_pepper,bell pepper,16,0,dda,direct,direct,direct,physical/other; inspect in context
terrain,t_door_elocked_peep,closed wood door,16,0,dda,looks_like,looks_like,looks_like,physical/other; inspect in context
terrain,t_window_empty_no_roof,empty window,16,0,dda,looks_like,looks_like,looks_like,physical/other; inspect in context
terrain,t_bollard,bollard,16,0,dda,direct,direct,direct,physical/other; inspect in context
furniture,f_flowering_fern,flowering fern,16,0,magiclysm,looks_like,looks_like,looks_like,physical/other; inspect in context
furniture,f_large_canvas_door_o,open canvas flap,16,0,dda,direct,direct,direct,physical/other; inspect in context
vehicle,engine_electric_large,,16,0,dda,direct,direct,direct,physical/other; inspect in context
vehicle,storage_battery_mount,,16,0,dda,direct,direct,direct,physical/other; inspect in context
vehicle,storage_battery_removable,swappable large storage battery,16,0,dda,direct,direct,direct,physical/other; inspect in context
vehicle,wheel_bicycle,,16,0,dda,direct,direct,direct,physical/other; inspect in context
item,plums,plum,15,0,dda,direct,direct,direct,physical/other; inspect in context
item,knife_hunting,hunting knife,15,0,dda,direct,direct,direct,physical/other; inspect in context
item,reference_cooking,"CRC-Merck Handbook, 4th edition",15,0,dda,direct,direct,direct,physical/other; inspect in context
item,cigar_butt,cigar butt,15,0,dda,direct,direct,direct,physical/other; inspect in context
item,storage_line,storage line,15,0,dda,looks_like,looks_like,looks_like,physical/other; inspect in context
item,nylon_bag,nylon bag,15,0,dda,looks_like,looks_like,looks_like,physical/other; inspect in context
item,portable_stove,portable stove,15,0,dda,direct,direct,direct,physical/other; inspect in context
item,m240,M240 machine gun,15,0,dda,direct,direct,direct,physical/other; inspect in context
item,loincloth_gossamer,gossamer breechcloth,15,0,xedra_evolved,looks_like,looks_like,looks_like,physical/other; inspect in context
item,mre_cheesetort,cheese tortellini entree,15,0,dda,direct,direct,direct,physical/other; inspect in context
item,curling_iron,curling iron,15,0,dda,direct,direct,direct,physical/other; inspect in context
item,curler_hair,hair curler,15,0,dda,direct,direct,direct,physical/other; inspect in context
item,dry_fish,dehydrated fish,15,0,dda,direct,direct,direct,physical/other; inspect in context
item,grapes,handful of grapes,15,0,dda,direct,direct,direct,physical/other; inspect in context
item,speedo,speedo,15,0,dda,looks_like,looks_like,looks_like,physical/other; inspect in context
item,silver_hairpin,silver hairpin,15,0,dda,direct,direct,direct,physical/other; inspect in context
item,sippy_cup,sippy cup,15,0,dda,direct,direct,direct,physical/other; inspect in context
item,tomato,tomato,15,0,dda,direct,direct,direct,physical/other; inspect in context
item,omnicamera,security camera,15,0,dda,direct,direct,direct,physical/other; inspect in context
item,horn_bicycle,bicycle horn,15,0,dda,direct,direct,direct,physical/other; inspect in context
item,vest,utility vest,15,0,dda,direct,direct,direct,physical/other; inspect in context
item,leotard,leotard,15,0,dda,direct,direct,direct,physical/other; inspect in context
item,book_fict_soft_ya_hilo,High and Low,15,0,dda,direct,direct,direct,physical/other; inspect in context
item,flaregun,flaregun,15,0,dda,direct,direct,direct,physical/other; inspect in context
item,motorbike_pants,motorcycle jeans,15,0,dda,direct,direct,direct,physical/other; inspect in context
item,mag_archery,Archery for Kids,15,0,dda,direct,direct,direct,physical/other; inspect in context
item,crash_axe,crash axe,15,0,dda,direct,direct,direct,physical/other; inspect in context
item,mre_cheesepizza,cheese pizza entree,15,0,dda,direct,direct,direct,physical/other; inspect in context
item,mre_southwestbeef,southwest beef & beans entree,15,0,dda,direct,direct,direct,physical/other; inspect in context
item,nanomaterial,nanomaterial canister,15,0,dda,direct,direct,direct,physical/other; inspect in context
item,leather_collar,leather collar,15,0,dda,direct,direct,direct,physical/other; inspect in context
item,attachable_ear_muffs,attachable ear muffs,15,0,dda,direct,direct,direct,physical/other; inspect in context
terrain,t_resin_hole_c,closed resin portal,15,0,dda,direct,direct,direct,physical/other; inspect in context
terrain,t_card_reader_broken,broken card reader,15,0,dda,direct,direct,direct,physical/other; inspect in context
terrain,t_dirtmoundfloor,mound of upturned dirt,15,0,dda,direct,direct,direct,physical/other; inspect in context
terrain,t_pit_glass,glass pit,15,0,dda,direct,direct,direct,physical/other; inspect in context
terrain,t_floor_brood_wasp,paper brood cap,15,0,dda,looks_like,looks_like,looks_like,physical/other; inspect in context
furniture,f_bulletin,bulletin board,15,0,dda,direct,direct,direct,physical/other; inspect in context
furniture,f_exodii_pump,clanking fluid pump,15,0,dda,direct,direct,direct,physical/other; inspect in context
furniture,f_arcade_machine,arcade machine,15,0,dda,direct,direct,direct,physical/other; inspect in context
furniture,f_indoor_flagpole,indoor flagpole,15,0,dda,direct,direct,direct,physical/other; inspect in context
item,duffelbag_gym_l,large gym bag,14,0,dda,looks_like,looks_like,looks_like,physical/other; inspect in context
item,soup_veggy,vegetable soup,14,0,dda,direct,direct,direct,physical/other; inspect in context
item,transponder,transponder circuit,14,0,dda,direct,direct,direct,physical/other; inspect in context
item,mag_throwing,Diskobolus,14,0,dda,direct,direct,direct,physical/other; inspect in context
item,towel_hanger,towel hanger,14,0,dda,direct,direct,direct,physical/other; inspect in context
item,dry_meat,dehydrated meat,14,0,dda,direct,direct,direct,physical/other; inspect in context
item,pamd71z,Exodii zombie hunting rifle,14,0,dda,direct,direct,direct,physical/other; inspect in context
item,pocket_firearms,Pocket Guide to Firearm Safety,14,0,dda,direct,direct,direct,physical/other; inspect in context
item,fedora,fedora,14,0,dda,direct,direct,direct,physical/other; inspect in context
item,motorcycle_headlight,motorcycle headlight,14,0,dda,direct,direct,direct,physical/other; inspect in context
item,chunk_sulfur,chunk of sulfur,14,0,dda,direct,direct,direct,physical/other; inspect in context
item,boots_fur,fur boots (pair),14,0,dda,direct,direct,direct,physical/other; inspect in context
item,sleeping_bag_roll,rolled sleeping bag,14,0,dda,direct,direct,direct,physical/other; inspect in context
item,book_fict_soft_ya_myeyes,Fire When You See My Eyes,14,0,dda,direct,direct,direct,physical/other; inspect in context
item,aluminum_stepladder,aluminum stepladder,14,0,dda,direct,direct,direct,physical/other; inspect in context
item,legguard_hard,hard leg guards (pair),14,0,dda,direct,direct,direct,physical/other; inspect in context
item,book_nonf_soft_psych_paranoia,Paranoia and the History of Madness,14,0,dda,direct,direct,direct,physical/other; inspect in context
item,copper_knife,copper knife,14,0,dda,direct,direct,direct,physical/other; inspect in context
item,microwave,microwave,14,0,dda,direct,direct,direct,physical/other; inspect in context
item,book_nonf_soft_mechnic_hotrod,Hot Rod Chassis & Suspension Handbook,14,0,dda,direct,direct,direct,physical/other; inspect in context
item,book_nonf_soft_psych_adrugds,Advances in Drug Delivery Systems,14,0,dda,direct,direct,direct,physical/other; inspect in context
item,jerky,meat jerky,14,0,dda,direct,direct,direct,physical/other; inspect in context
item,scalpel,scalpel,14,0,dda,direct,direct,direct,physical/other; inspect in context
item,mre_beef,beef brisket entree,14,0,dda,direct,direct,direct,physical/other; inspect in context
item,book_fict_soft_west_atwixt,Atwixt a Brace of Cacti,14,0,dda,direct,direct,direct,physical/other; inspect in context
item,mre_ravioli,ravioli entree,14,0,dda,direct,direct,direct,physical/other; inspect in context
item,trenchcoat_leather,leather trenchcoat,14,0,dda,direct,direct,direct,physical/other; inspect in context
item,cable_instrument,instrument cable,14,0,dda,direct,direct,direct,physical/other; inspect in context
item,grapefruit,grapefruit,14,0,dda,direct,direct,direct,physical/other; inspect in context
terrain,t_stairs_down_no_roof,stairs,14,0,dda,looks_like,looks_like,looks_like,physical/other; inspect in context
terrain,t_gates_mech_control_lab,mechanical winch,14,0,dda,direct,direct,direct,physical/other; inspect in context
furniture,f_heavy_duty_fridge,heavy-duty fridge,14,0,dda,looks_like,looks_like,looks_like,physical/other; inspect in context
vehicle,towel_hanger,,14,0,dda,direct,direct,direct,physical/other; inspect in context
vehicle,motorcycle_headlight,,14,0,dda,direct,direct,direct,physical/other; inspect in context
vehicle,turret_m240,,14,0,,not_in_catalogue,not_in_catalogue,unknown,physical/other; inspect in context
vehicle,foot_pedals,,14,0,dda,direct,direct,direct,physical/other; inspect in context
vehicle,wheel_small,,14,0,dda,direct,direct,direct,physical/other; inspect in context
item,cookbook_native,The Sioux Chef,13,0,dda,looks_like,looks_like,looks_like,physical/other; inspect in context
item,theater_props,The Prop Builder's Molding and Casting Handbook,13,0,dda,looks_like,looks_like,looks_like,physical/other; inspect in context
item,grip,forward grip,13,0,dda,direct,direct,direct,physical/other; inspect in context
item,manual_tailor,Sew What? Clothing!,13,0,dda,direct,direct,direct,physical/other; inspect in context
item,cookbook,Cooking on a Budget,13,0,dda,direct,direct,direct,physical/other; inspect in context
item,basic_papr_helmet,PAPR helmet,13,0,dda,looks_like,looks_like,looks_like,physical/other; inspect in context
item,book_lockpick,MIT Guide to Lock Picking,13,0,dda,direct,direct,direct,physical/other; inspect in context
item,straw_fedora,straw fedora,13,0,dda,direct,direct,direct,physical/other; inspect in context
item,mounted_spare_tire,mounted spare tire,13,0,dda,direct,direct,direct,physical/other; inspect in context
item,762R_casing,7.62x54mmR casing,13,0,dda,direct,direct,direct,physical/other; inspect in context
item,deflated_wheel,"deflated 17"" wheel",13,0,dda,direct,direct,direct,physical/other; inspect in context
item,cable_xlr,XLR cable,13,0,dda,direct,direct,direct,physical/other; inspect in context
item,curry_meat,curry with meat,13,0,dda,direct,direct,direct,physical/other; inspect in context
item,book_fict_soft_ya_adrk,The Adorkable Girl,13,0,dda,direct,direct,direct,physical/other; inspect in context
item,mre_spaghetti,spaghetti entree,13,0,dda,direct,direct,direct,physical/other; inspect in context
item,hat_faux_fur,faux fur hat,13,0,dda,direct,direct,direct,physical/other; inspect in context
item,esbit_stove,hexamine stove,13,0,dda,direct,direct,direct,physical/other; inspect in context
item,book_nonf_hard_humor,humorous book,13,0,dda,looks_like,looks_like,looks_like,physical/other; inspect in context
item,toolbox_workshop_empty,workshop toolbox,13,0,dda,direct,direct,direct,physical/other; inspect in context
item,sandwich_t,meat sandwich,13,0,dda,direct,direct,direct,physical/other; inspect in context
item,tinder,tinder,13,0,dda,direct,direct,direct,physical/other; inspect in context
item,tire_medium,"17"" car tire",13,0,dda,looks_like,looks_like,looks_like,physical/other; inspect in context
item,sleeveless_duster_leather,sleeveless leather duster,13,0,dda,direct,direct,direct,physical/other; inspect in context
item,rollmat,rollmat,13,0,dda,direct,direct,direct,physical/other; inspect in context
item,book_fict_soft_pulp_flashcc,Flashgun Condor and the Crimson Criminal,13,0,dda,direct,direct,direct,physical/other; inspect in context
item,apricot,handful of apricots,13,0,dda,direct,direct,direct,physical/other; inspect in context
item,carton_milk,half gallon paper carton,13,0,dda,direct,direct,direct,physical/other; inspect in context
item,book_nonf_soft_psych_cggamers,A Clinical Guide to Video Gamers,13,0,dda,direct,direct,direct,physical/other; inspect in context
item,skirt_leather,leather skirt,13,0,dda,direct,direct,direct,physical/other; inspect in context
item,chaps_leather,leather chaps,13,0,dda,direct,direct,direct,physical/other; inspect in context
item,pride_flag,pride flag,13,0,dda,direct,direct,direct,physical/other; inspect in context
item,ballista_book,Artillery of the Ancients,13,0,dda,looks_like,looks_like,looks_like,physical/other; inspect in context
item,wheel_bicycle_or,off-road bicycle wheel,13,0,dda,direct,direct,direct,physical/other; inspect in context
item,textbook_armwest,Studies in Historic Armorsmithing,13,0,dda,direct,direct,direct,physical/other; inspect in context
item,mag_pistol,Tactical Handgun Digest,13,0,dda,direct,direct,direct,physical/other; inspect in context
item,solar_panel_v2,vehicle advanced solar panel,13,0,dda,direct,direct,direct,physical/other; inspect in context
terrain,t_gates_mech_control,mechanical winch,13,0,dda,direct,direct,direct,physical/other; inspect in context
terrain,t_chaingate_o,open wire gate,13,0,dda,direct,direct,direct,physical/other; inspect in context
furniture,f_heavy_duty_freezer,heavy-duty freezer,13,0,dda,direct,direct,direct,physical/other; inspect in context
furniture,f_magic_bench,enchanter's workbench,13,0,magiclysm,looks_like,looks_like,looks_like,physical/other; inspect in context
furniture,f_air_compressor,air compressor,13,0,dda,direct,direct,direct,physical/other; inspect in context
vehicle,omnicam,,13,0,dda,direct,direct,direct,physical/other; inspect in context
vehicle,solar_panel_v2,,13,0,dda,direct,direct,direct,physical/other; inspect in context
item,stethoscope,stethoscope,12,0,dda,direct,direct,direct,physical/other; inspect in context
item,mag_stabbing,Duelist's Annual,12,0,dda,direct,direct,direct,physical/other; inspect in context
item,manual_driving,The Rules of the Road,12,0,dda,direct,direct,direct,physical/other; inspect in context
item,zipper_short_plastic,short plastic zipper,12,0,dda,direct,direct,direct,physical/other; inspect in context
item,breadboard,breadboard,12,0,dda,direct,direct,direct,physical/other; inspect in context
item,emergency_book,Guide to Advanced Emergency Care,12,0,dda,direct,direct,direct,physical/other; inspect in context
item,lab_file_bio,biology protocol,12,0,dda,looks_like,looks_like,looks_like,physical/other; inspect in context
item,cookbook_mexican,La Vida Deliciosa: Definitive Mexican Cuisine,12,0,dda,looks_like,looks_like,looks_like,physical/other; inspect in context
item,advanced_ecig,advanced electronic cigarette,12,0,dda,direct,direct,direct,physical/other; inspect in context
item,feces_manure,manure,12,0,dda,direct,direct,direct,physical/other; inspect in context
item,gold_dental_grill,gold dental grill,12,0,dda,direct,direct,direct,physical/other; inspect in context
item,cherries,handful of cherries,12,0,dda,direct,direct,direct,physical/other; inspect in context
item,paperback_romance_rider,Along Came a Rider,12,0,dda,direct,direct,direct,physical/other; inspect in context
item,camelbak,hydration pack,12,0,dda,direct,direct,direct,physical/other; inspect in context
item,mt_chainmail_arms,moon tears chainmail sleeves (pair),12,0,xedra_evolved,looks_like,looks_like,looks_like,physical/other; inspect in context
item,banana,banana,12,0,dda,direct,direct,direct,physical/other; inspect in context
item,30gal_barrel,30 gallon plastic barrel,12,0,dda,direct,direct,direct,physical/other; inspect in context
item,chestrig,chest rig,12,0,dda,direct,direct,direct,physical/other; inspect in context
item,corndogs_frozen,uncooked corn dog,12,0,dda,direct,direct,direct,physical/other; inspect in context
item,shears,shears,12,0,dda,direct,direct,direct,physical/other; inspect in context
item,tire_bicycle,"27"" bicycle tire",12,0,dda,looks_like,looks_like,looks_like,physical/other; inspect in context
item,needle_curved,curved needle,12,0,dda,direct,direct,direct,physical/other; inspect in context
item,tazer,stun gun,12,0,dda,direct,direct,direct,physical/other; inspect in context
item,soup_chicken,chicken noodle soup,12,0,dda,direct,direct,direct,physical/other; inspect in context
item,software_useless,misc software,12,0,dda,direct,direct,direct,electronic file; not a physical floor object
item,book_nonf_soft_sports_bdgt,Budgetball: Winning a Rigged Game,12,0,dda,direct,direct,direct,physical/other; inspect in context
item,dry_duffelbag,dry duffel bag,12,0,dda,looks_like,looks_like,looks_like,physical/other; inspect in context
item,book_fict_soft_ya_rwya,Ready When You Are,12,0,dda,direct,direct,direct,physical/other; inspect in context
item,cucumber,salad cucumber,12,0,dda,direct,direct,direct,physical/other; inspect in context
item,book_nonf_soft_psych_psycolo,Psychoanalysis and Colonialism,12,0,dda,direct,direct,direct,physical/other; inspect in context
item,book_fict_soft_ya_bjak,Becoming Jackson,12,0,dda,direct,direct,direct,physical/other; inspect in context
item,lowtops,lowtop tennis shoes (pair),12,0,dda,direct,direct,direct,physical/other; inspect in context
item,book_fict_soft_sports_bunt,The Art of Bunting,12,0,dda,direct,direct,direct,physical/other; inspect in context
item,deck_of_cards,deck of cards,12,0,dda,direct,direct,direct,physical/other; inspect in context
item,tree_spile,tree spile,12,0,dda,direct,direct,direct,physical/other; inspect in context
item,wheel_10,set of small cart wheels,12,0,dda,direct,direct,direct,physical/other; inspect in context
item,egg_crow,American crow egg,12,0,dda,direct,direct,direct,physical/other; inspect in context
item,oxygen_cylinder,oxygen tank,12,0,dda,direct,direct,direct,physical/other; inspect in context
item,hydrogen_tank,hydrogen tank,12,0,dda,direct,direct,direct,physical/other; inspect in context
item,chem_aluminium_sulphate,aluminum sulfate crystal,12,0,dda,direct,direct,direct,physical/other; inspect in context
item,valentine_card,valentine card,12,0,dda,direct,direct,direct,physical/other; inspect in context
item,mre_hotdog,frankfurters & beans entree,12,0,dda,direct,direct,direct,physical/other; inspect in context
item,mre_maplesausage,maple sausage entree,12,0,dda,direct,direct,direct,physical/other; inspect in context
item,faux_fur_collar,faux fur kitty collar,12,0,dda,direct,direct,direct,physical/other; inspect in context
item,poultry,chunk of poultry meat,12,0,dda,direct,direct,direct,physical/other; inspect in context
item,can_salmon,canned salmon,12,0,dda,direct,direct,direct,physical/other; inspect in context
item,coconut,coconut,12,0,dda,direct,direct,direct,physical/other; inspect in context
item,small_storage_battery,small storage battery,12,0,dda,direct,direct,direct,physical/other; inspect in context
item,bottle_twoliter_glue,large plastic glue bottle,12,0,dda,looks_like,looks_like,looks_like,physical/other; inspect in context
item,confit_meat,meat confit,12,0,dda,looks_like,looks_like,looks_like,physical/other; inspect in context
terrain,t_tree_plum,plum tree,12,0,dda,direct,direct,direct,physical/other; inspect in context
terrain,t_slot_machine,slot machine,12,0,dda,direct,direct,direct,physical/other; inspect in context
terrain,t_sidewalk_ramp_up_low,sidewalk ramp up (low end),12,0,dda,direct,direct,direct,physical/other; inspect in context
terrain,t_sidewalk_ramp_up_high,sidewalk ramp up (high end),12,0,dda,direct,direct,direct,physical/other; inspect in context
terrain,t_sidewalk_ramp_down_low,sidewalk ramp down (low end),12,0,dda,direct,direct,direct,physical/other; inspect in context
terrain,t_sidewalk_ramp_down_high,sidewalk ramp down (high end),12,0,dda,direct,direct,direct,physical/other; inspect in context
terrain,t_tree_maple_tapped,maple tree,12,0,dda,direct,direct,direct,physical/other; inspect in context
terrain,t_tree_cherry,cherry tree,12,0,dda,direct,direct,direct,physical/other; inspect in context
terrain,t_wall_wood_broken,broken wood wall,12,0,dda,direct,direct,direct,physical/other; inspect in context
furniture,f_piano,piano,12,0,dda,direct,direct,direct,physical/other; inspect in context
vehicle,mounted_spare_tire,,12,0,dda,direct,direct,direct,physical/other; inspect in context
vehicle,wheel_10,,12,0,dda,direct,direct,direct,physical/other; inspect in context
vehicle,small_storage_battery,,12,0,dda,direct,direct,direct,physical/other; inspect in context
item,thread_kevlar,Kevlar thread,11,0,dda,direct,direct,direct,physical/other; inspect in context
item,textbook_weapeast,The Swords of the Samurai,11,0,dda,direct,direct,direct,physical/other; inspect in context
item,occult_glimpses,Glimpses of Solomon in Yellow,11,0,dda,direct,direct,direct,physical/other; inspect in context
item,pressure_cooker,pressure cooker,11,0,dda,direct,direct,direct,physical/other; inspect in context
item,camera_bag,camera bag,11,0,dda,direct,direct,direct,physical/other; inspect in context
item,energy_drink_atomic,atomic energy drink,11,0,dda,direct,direct,direct,physical/other; inspect in context
item,concrete_book,Concrete Constructions,11,0,dda,direct,direct,direct,physical/other; inspect in context
item,e_tool,entrenching tool,11,0,dda,direct,direct,direct,physical/other; inspect in context
item,book_fict_soft_satire_mandm,The Master and Margarita,11,0,dda,direct,direct,direct,physical/other; inspect in context
item,gloves_black,black gloves (pair),11,0,dda,looks_like,looks_like,looks_like,physical/other; inspect in context
item,material_niter,niter crystal,11,0,dda,direct,direct,direct,physical/other; inspect in context
item,223_ammo_box_20,.223/5.56 ammo box,11,0,dda,direct,direct,direct,physical/other; inspect in context
item,book_fict_soft_west_bart,Stinky Bart Puts on Starch,11,0,dda,direct,direct,direct,physical/other; inspect in context
item,mre_chickennoodle,chicken noodle entree,11,0,dda,direct,direct,direct,physical/other; inspect in context
item,duster_faux_fur,faux fur duster,11,0,dda,direct,direct,direct,physical/other; inspect in context
item,hose_garden,garden hose,11,0,dda,direct,direct,direct,physical/other; inspect in context
item,diamond_ring,diamond and gold ring,11,0,dda,direct,direct,direct,physical/other; inspect in context
item,gold_bracelet,gold bracelet,11,0,dda,direct,direct,direct,physical/other; inspect in context
item,soy_milk,soy milk,11,0,dda,direct,direct,direct,physical/other; inspect in context
item,ch_wire,hardened steel wire,11,0,dda,direct,direct,direct,physical/other; inspect in context
item,blade,blade,11,0,dda,direct,direct,direct,physical/other; inspect in context
item,forged_shears,forged shears,11,0,dda,direct,direct,direct,physical/other; inspect in context
item,two_way_radio,two-way radio,11,0,dda,direct,direct,direct,physical/other; inspect in context
item,armor_riot,riot armor suit,11,0,dda,direct,direct,direct,physical/other; inspect in context
item,book_newage_aliens,Ancient Alien Secrets,11,0,dda,looks_like,looks_like,looks_like,physical/other; inspect in context
item,book_fict_soft_scifi_brave,Brave New World,11,0,dda,direct,direct,direct,physical/other; inspect in context
item,paperback_romance_conq,Conquer Me Sweetly,11,0,dda,direct,direct,direct,physical/other; inspect in context
item,book_fict_soft_swash_blkfreight,The Black Freighter,11,0,dda,direct,direct,direct,physical/other; inspect in context
item,occult_bobliographon,The Bobliographon,11,0,dda,direct,direct,direct,physical/other; inspect in context
item,greatcoat,greatcoat,11,0,dda,direct,direct,direct,physical/other; inspect in context
item,book_anthology_sunvault,Sunvault: Stories of Solarpunk & Eco-Speculation,11,0,dda,looks_like,looks_like,looks_like,physical/other; inspect in context
item,story_book,big book of short stories,11,0,dda,direct,direct,direct,physical/other; inspect in context
item,keg,aluminum keg,11,0,dda,direct,direct,direct,physical/other; inspect in context
item,pipe_tobacco,tobacco pipe,11,0,dda,direct,direct,direct,physical/other; inspect in context
item,postman_shorts,mail carrier shorts,11,0,dda,direct,direct,direct,physical/other; inspect in context
item,scrap_cotton,cotton scraps,11,0,dda,direct,direct,direct,physical/other; inspect in context
item,chem_formaldehyde,formaldehyde,11,0,dda,direct,direct,direct,physical/other; inspect in context
item,chem_hydrogen_peroxide_conc,liquid hydrogen peroxide (concentrated),11,0,dda,direct,direct,direct,physical/other; inspect in context
item,fire_ax,fire axe,11,0,dda,direct,direct,direct,physical/other; inspect in context
item,mre_pepperjackbeef,pepper jack beef entree,11,0,dda,direct,direct,direct,physical/other; inspect in context
item,mre_chilibeans,chili & beans entree,11,0,dda,direct,direct,direct,physical/other; inspect in context
item,mre_meatball,meatballs & marinara entree,11,0,dda,direct,direct,direct,physical/other; inspect in context
item,attached_ear_plugs_off,attached ear plugs (out) (pair),11,0,dda,direct,direct,direct,physical/other; inspect in context
item,wheel_wood,wooden cart wheel,11,0,dda,direct,direct,direct,physical/other; inspect in context
item,egg_duck_domestic,domestic duck egg,11,0,dda,looks_like,looks_like,looks_like,physical/other; inspect in context
item,paintball,paintball,11,0,dda,direct,direct,direct,physical/other; inspect in context
terrain,t_card_science,card reader,11,0,dda,direct,direct,direct,physical/other; inspect in context
terrain,t_tree_pear,pear tree,11,0,dda,direct,direct,direct,physical/other; inspect in context
furniture,f_drill_press,drill press,11,0,dda,direct,direct,direct,physical/other; inspect in context
furniture,f_counter_gate_c,closed counter gate,11,0,dda,direct,direct,direct,physical/other; inspect in context
item,bb,BB,10,0,dda,direct,direct,direct,physical/other; inspect in context
item,textbook_weapwest,The Historic Weaponsmith,10,0,dda,direct,direct,direct,physical/other; inspect in context
item,ceramic_armor,ceramic armor plate,10,0,dda,direct,direct,direct,physical/other; inspect in context
item,holybook_bible1,King James Bible,10,0,dda,direct,direct,direct,physical/other; inspect in context
item,glasses_monocle,monocle,10,0,dda,direct,direct,direct,physical/other; inspect in context
item,book_anthology_bk,Broad Knowledge,10,0,dda,looks_like,looks_like,looks_like,physical/other; inspect in context
item,moons_tears_arming_sword,moon's tears arming sword,10,0,xedra_evolved,direct,direct,direct,physical/other; inspect in context
item,coat_faux_fur,faux fur coat,10,0,dda,direct,direct,direct,physical/other; inspect in context
item,fish_sandwich,fish sandwich,10,0,dda,direct,direct,direct,physical/other; inspect in context
item,gloves_fur,fur gloves (pair),10,0,dda,direct,direct,direct,physical/other; inspect in context
item,wetsuit_gloves,diving gloves (pair),10,0,dda,direct,direct,direct,physical/other; inspect in context
item,shovel_snow_plastic,plastic snow shovel,10,0,dda,direct,direct,direct,physical/other; inspect in context
item,book_fict_soft_west_beans,Six Beans in the Wheel,10,0,dda,direct,direct,direct,physical/other; inspect in context
item,national_flag,national flag,10,0,dda,looks_like,looks_like,looks_like,physical/other; inspect in context
item,coffeepot,coffee pot,10,0,dda,direct,direct,direct,physical/other; inspect in context
item,mag_cutting,All About Swords,10,0,dda,direct,direct,direct,physical/other; inspect in context
item,copper_hairpin,copper hairpin,10,0,dda,direct,direct,direct,physical/other; inspect in context
item,gloves_cut_resistant,cut-resistant gloves (pair),10,0,dda,direct,direct,direct,physical/other; inspect in context
item,wire_barbed,barbed wire,10,0,dda,direct,direct,direct,physical/other; inspect in context
item,slippers,slippers (pair),10,0,dda,direct,direct,direct,physical/other; inspect in context
item,glockmag,Glock 9x19mm 15-round magazine,10,0,dda,direct,direct,direct,physical/other; inspect in context
item,peach,peach,10,0,dda,direct,direct,direct,physical/other; inspect in context
item,scarf_fur,fur scarf,10,0,dda,direct,direct,direct,physical/other; inspect in context
item,book_nonf_hard_psych_thergar,Therapeutic Gardens and Healing Spaces,10,0,dda,direct,direct,direct,physical/other; inspect in context
item,book_fict_soft_scifi_cybrd,The Cyberiad,10,0,dda,direct,direct,direct,physical/other; inspect in context
item,condom,condom,10,0,dda,direct,direct,direct,physical/other; inspect in context
item,state_flag,state flag,10,0,dda,direct,direct,direct,physical/other; inspect in context
item,sleeveless_duster,sleeveless duster,10,0,dda,direct,direct,direct,physical/other; inspect in context
item,paperback_romance_circuses,Love and Circuses,10,0,dda,direct,direct,direct,physical/other; inspect in context
item,tent_pole,aluminum tent pole,10,0,dda,direct,direct,direct,physical/other; inspect in context
item,tire_motorbike,"16"" motorbike tire",10,0,dda,looks_like,looks_like,looks_like,physical/other; inspect in context
item,novel_crime_murdergrape,Murdered by the Grapevine,10,0,dda,direct,direct,direct,physical/other; inspect in context
item,ch_steel_chunk,chunk of hardened steel,10,0,dda,direct,direct,direct,physical/other; inspect in context
item,paint_can_steel,metal paint can,10,0,dda,direct,direct,direct,physical/other; inspect in context
item,paint_can_plastic,plastic paint can,10,0,dda,direct,direct,direct,physical/other; inspect in context
item,paint_brush,paint brush,10,0,dda,direct,direct,direct,physical/other; inspect in context
item,foldxlframe,foldable extra-light frame,10,0,dda,looks_like,looks_like,looks_like,physical/other; inspect in context
item,large_lcd_screen,large LCD screen,10,0,dda,direct,direct,direct,physical/other; inspect in context
item,lizard_sample,lizard sample,10,0,dda,direct,direct,direct,physical/other; inspect in context
item,chipper,paint chipper,10,0,dda,direct,direct,direct,physical/other; inspect in context
item,mre_chickenpesto,chicken pesto & pasta entree,10,0,dda,direct,direct,direct,physical/other; inspect in context
item,mre_lemontuna,lemon pepper tuna entree,10,0,dda,direct,direct,direct,physical/other; inspect in context
item,choco_coffee_beans,chocolate-covered coffee beans,10,0,dda,direct,direct,direct,physical/other; inspect in context
item,headphones_circumaural,headphones,10,0,dda,direct,direct,direct,physical/other; inspect in context
item,doormat,doormat,10,0,dda,direct,direct,direct,physical/other; inspect in context
item,hd_steel_drum,roller drum,10,0,dda,direct,direct,direct,physical/other; inspect in context
terrain,t_door_boarded_damaged,boarded up damaged door,10,0,dda,direct,direct,direct,physical/other; inspect in context
terrain,t_window_stained_blue,high stained glass window,10,0,dda,direct,direct,direct,physical/other; inspect in context
terrain,t_screen_door_c,closed screen door,10,0,dda,direct,direct,direct,physical/other; inspect in context
terrain,t_privacy_fencegate_c,closed wooden privacy gate,10,0,dda,direct,direct,direct,physical/other; inspect in context
terrain,t_window_alarm,window,10,0,dda,direct,direct,direct,physical/other; inspect in context
terrain,t_floor_brood_fake,open air,10,0,dda,looks_like,looks_like,looks_like,physical/other; inspect in context
furniture,f_fireman_cabinet,fireman's cabinet,10,0,dda,direct,direct,direct,physical/other; inspect in context
furniture,f_groundsheet,groundsheet,10,0,dda,direct,direct,direct,physical/other; inspect in context
furniture,f_canvas_door_o,open canvas flap,10,0,dda,direct,direct,direct,physical/other; inspect in context
vehicle,turret_m249,,10,0,,not_in_catalogue,not_in_catalogue,unknown,physical/other; inspect in context
vehicle,horn_bicycle,,10,0,dda,direct,direct,direct,physical/other; inspect in context
vehicle,nose_plate,nose plate,10,0,dda,direct,direct,direct,physical/other; inspect in context
vehicle,roller_drum,,10,0,dda,direct,direct,direct,physical/other; inspect in context
item,reference_firstaid1,Physicians' Desk Reference,9,0,dda,direct,direct,direct,physical/other; inspect in context
item,solar_cell,solar cell,9,0,dda,direct,direct,direct,physical/other; inspect in context
item,mountable_heater,vehicle heater,9,0,dda,direct,direct,direct,physical/other; inspect in context
item,alexandrite_silver_earring,alexandrite and silver earrings (pair),9,0,dda,direct,direct,direct,physical/other; inspect in context
item,mocassins,moccasins (pair),9,0,dda,direct,direct,direct,physical/other; inspect in context
item,soup_tomato,tomato soup,9,0,dda,direct,direct,direct,physical/other; inspect in context
item,holybook_bible6,Holman Christian Bible,9,0,dda,looks_like,looks_like,looks_like,physical/other; inspect in context
item,coat_fur,fur coat,9,0,dda,direct,direct,direct,physical/other; inspect in context
item,butane_can,can of butane,9,0,dda,direct,direct,direct,physical/other; inspect in context
item,fertilizer_liquid,liquid fertilizer,9,0,dda,direct,direct,direct,physical/other; inspect in context
item,sapphire_silver_earring,sapphire and silver earrings (pair),9,0,dda,direct,direct,direct,physical/other; inspect in context
item,brussels_sprout,brussels sprout,9,0,dda,direct,direct,direct,physical/other; inspect in context
item,diving_watch,diver's watch,9,0,dda,direct,direct,direct,physical/other; inspect in context
item,lawnmower,lawnmower,9,0,dda,direct,direct,direct,physical/other; inspect in context
item,book_nonf_hard_language_learning,language learning book,9,0,dda,looks_like,looks_like,looks_like,physical/other; inspect in context
item,paperback_romance_rogue,Rogue's Virtue,9,0,dda,direct,direct,direct,physical/other; inspect in context
item,hd_tow_cable,heavy-duty tow cable,9,0,dda,direct,direct,direct,physical/other; inspect in context
item,plank_short,short plank,9,0,dda,direct,direct,direct,physical/other; inspect in context
item,barley,barley,9,0,dda,direct,direct,direct,physical/other; inspect in context
item,qt_wire,tempered steel wire,9,0,dda,direct,direct,direct,physical/other; inspect in context
item,sandwich_veggy,vegetable sandwich,9,0,dda,direct,direct,direct,physical/other; inspect in context
item,book_fict_soft_scifi_zamwe,We,9,0,dda,direct,direct,direct,physical/other; inspect in context
item,bottle_metal,steel bottle,9,0,dda,direct,direct,direct,physical/other; inspect in context
item,book_fict_soft_ya_pbbr,Peanut Butter Bruised,9,0,dda,direct,direct,direct,physical/other; inspect in context
item,gold_locket,gold locket,9,0,dda,direct,direct,direct,physical/other; inspect in context
item,dry_bag,dry bag,9,0,dda,looks_like,looks_like,looks_like,physical/other; inspect in context
item,stock_pot,stock pot,9,0,dda,direct,direct,direct,physical/other; inspect in context
item,book_fict_soft_satire_hgod,The House of God,9,0,dda,direct,direct,direct,physical/other; inspect in context
item,roller_shoes_off,heelys (off) (pair),9,0,dda,direct,direct,direct,physical/other; inspect in context
item,bastsandals,cord sandals (pair),9,0,dda,direct,direct,direct,physical/other; inspect in context
item,mess_kit,mess kit,9,0,dda,direct,direct,direct,physical/other; inspect in context
item,seed_tobacco,tobacco seeds,9,0,dda,direct,direct,direct,physical/other; inspect in context
item,wine_riesling,Riesling,9,0,dda,direct,direct,direct,physical/other; inspect in context
item,bike_basket,bike basket,9,0,dda,direct,direct,direct,physical/other; inspect in context
item,mre_beefstew,beef stew entree,9,0,dda,direct,direct,direct,physical/other; inspect in context
item,book_fict_soft_satire_dust,A Handful of Dust,9,0,dda,direct,direct,direct,physical/other; inspect in context
item,book_fict_soft_ya_sumv,Summer Variables,9,0,dda,direct,direct,direct,physical/other; inspect in context
item,nitrogen_tank,nitrogen tank,9,0,dda,direct,direct,direct,physical/other; inspect in context
item,chem_acetic_acid,acetic acid,9,0,dda,direct,direct,direct,physical/other; inspect in context
item,chem_ammonium_nitrate,ammonium nitrate powder,9,0,dda,direct,direct,direct,physical/other; inspect in context
item,chem_DMSO,dimethyl sulfoxide,9,0,dda,direct,direct,direct,physical/other; inspect in context
item,tonic_water,tonic water,9,0,dda,looks_like,looks_like,looks_like,physical/other; inspect in context
item,mre_macaronimarinara,macaroni & marinara entree,9,0,dda,direct,direct,direct,physical/other; inspect in context
item,12_ammo_box_25,12 gauge ammo box,9,0,dda,direct,direct,direct,physical/other; inspect in context
item,well_pump,mechanical pump,9,0,dda,direct,direct,direct,physical/other; inspect in context
item,pineapple,pineapple,9,0,dda,direct,direct,direct,physical/other; inspect in context
item,amplifier_head,amplifier head,9,0,dda,direct,direct,direct,physical/other; inspect in context
item,mic_stand_tall,microphone stand,9,0,dda,direct,direct,direct,physical/other; inspect in context
item,guitar_stand,guitar stand,9,0,dda,direct,direct,direct,physical/other; inspect in context
item,seed_lettuce,lettuce seeds,9,0,dda,direct,direct,direct,physical/other; inspect in context
item,manual_fabrication,101 Crafts for Beginners,9,0,dda,direct,direct,direct,physical/other; inspect in context
item,kiwi,kiwi,9,0,dda,direct,direct,direct,physical/other; inspect in context
item,throw_extinguisher,throwable fire extinguisher,9,0,dda,direct,direct,direct,physical/other; inspect in context
item,technician_coveralls,work coveralls,9,0,dda,looks_like,looks_like,looks_like,physical/other; inspect in context
item,hammer_sledge_engineer,engineer's hammer,9,0,dda,direct,direct,direct,physical/other; inspect in context
item,egg_sparrow,sparrow egg,9,0,dda,looks_like,looks_like,looks_like,physical/other; inspect in context
terrain,t_fencegate_c,closed wooden gate,9,0,dda,direct,direct,direct,physical/other; inspect in context
terrain,t_splitrail_fencegate_c,closed wooden split rail gate,9,0,dda,direct,direct,direct,physical/other; inspect in context
terrain,t_water_pump,water pump,9,0,dda,direct,direct,direct,physical/other; inspect in context
terrain,t_door_curtain_c,closed door curtain,9,0,dda,direct,direct,direct,physical/other; inspect in context
terrain,t_glass_railing,glass railing,9,0,dda,direct,direct,direct,physical/other; inspect in context
furniture,f_platonic_flower,platonic flower,9,0,magiclysm,looks_like,looks_like,looks_like,physical/other; inspect in context
furniture,f_curtain_open,open privacy curtain,9,0,dda,direct,direct,direct,physical/other; inspect in context
furniture,f_dancing_pole,dancing pole,9,0,dda,direct,direct,direct,physical/other; inspect in context
furniture,f_gun_safe_el,electronic gun safe,9,0,dda,direct,direct,direct,physical/other; inspect in context
furniture,f_treadmill_mechanical,gravity treadmill,9,0,dda,direct,direct,direct,physical/other; inspect in context
furniture,f_ergometer_mechanical,mechanical ergometer,9,0,dda,direct,direct,direct,physical/other; inspect in context
furniture,f_tatami,tatami mat,9,0,dda,direct,direct,direct,physical/other; inspect in context
vehicle,mountable_heater,,9,0,dda,direct,direct,direct,physical/other; inspect in context
vehicle,basketsm,,9,0,dda,direct,direct,direct,physical/other; inspect in context
vehicle,metal_bench,steel bench,9,0,dda,looks_like,looks_like,looks_like,physical/other; inspect in context
item,robofac_basic_vambraces,Hub 01 prototype vambraces (pair),8,0,dda,looks_like,looks_like,looks_like,physical/other; inspect in context
item,robofac_basic_greaves,Hub 01 prototype greaves (pair),8,0,dda,looks_like,looks_like,looks_like,physical/other; inspect in context
item,crystallized_mana,crystallized mana,8,0,magiclysm,direct,direct,direct,physical/other; inspect in context
item,barrette,barrette,8,0,dda,direct,direct,direct,physical/other; inspect in context
item,lab_file_portal,metatopography protocol,8,0,dda,looks_like,looks_like,looks_like,physical/other; inspect in context
item,quiver_large,large quiver,8,0,dda,direct,direct,direct,physical/other; inspect in context
item,paperback_romance_cloven,Cloven Kisses,8,0,dda,direct,direct,direct,physical/other; inspect in context
item,book_fict_soft_ya_sboy,Study of a Boy,8,0,dda,direct,direct,direct,physical/other; inspect in context
item,v_motorcycle_kickstand_item,motorcycle kickstand,8,0,dda,direct,direct,direct,physical/other; inspect in context
item,300blk,.300 AAC Blackout,8,0,dda,direct,direct,direct,physical/other; inspect in context
item,45_ammo_box_50,.45 ACP ammo box,8,0,dda,direct,direct,direct,physical/other; inspect in context
item,novel_crime_midnight,Midnight Cop,8,0,dda,direct,direct,direct,physical/other; inspect in context
item,270win_casing,.270 Winchester casing,8,0,dda,direct,direct,direct,physical/other; inspect in context
item,smart_watch,smart watch,8,0,dda,direct,direct,direct,physical/other; inspect in context
item,screen_mesh,mesh screen,8,0,dda,direct,direct,direct,physical/other; inspect in context
item,sausage_raw,raw sausage,8,0,dda,direct,direct,direct,physical/other; inspect in context
item,swim_cap,swim cap,8,0,dda,looks_like,looks_like,looks_like,physical/other; inspect in context
item,book_fict_soft_satire_catch,Catch-22,8,0,dda,direct,direct,direct,physical/other; inspect in context
item,camping_multitool,camping multitool,8,0,dda,looks_like,looks_like,looks_like,physical/other; inspect in context
item,rigid_plastic_sheet,rigid plastic sheet,8,0,dda,direct,direct,direct,physical/other; inspect in context
item,hammer_sledge,sledge hammer,8,0,dda,direct,direct,direct,physical/other; inspect in context
item,corpse_child_calm,corpse,8,0,dda,direct,direct,direct,physical/other; inspect in context
item,summon_scroll_smudged,Smudged Scroll,8,0,magiclysm,direct,direct,direct,physical/other; inspect in context
item,camera_control,security camera display,8,0,dda,direct,direct,direct,physical/other; inspect in context
item,police_belt,police duty belt,8,0,dda,direct,direct,direct,physical/other; inspect in context
item,postman_shirt,mail carrier shirt,8,0,dda,direct,direct,direct,physical/other; inspect in context
item,tonfa,tonfa,8,0,dda,direct,direct,direct,physical/other; inspect in context
item,px4mag,Px4 9x19mm 17-round magazine,8,0,dda,direct,direct,direct,physical/other; inspect in context
item,curry_veggy,curry,8,0,dda,direct,direct,direct,physical/other; inspect in context
item,paperback_romance_grue,"Tall, Dark, and Gruesome",8,0,dda,direct,direct,direct,physical/other; inspect in context
item,boots_faux_fur,faux fur boots (pair),8,0,dda,looks_like,looks_like,looks_like,physical/other; inspect in context
item,walnut_milk,walnut milk,8,0,dda,looks_like,looks_like,looks_like,physical/other; inspect in context
item,menstrual_cup,menstrual cup,8,0,dda,looks_like,looks_like,looks_like,physical/other; inspect in context
item,rollerskates,rollerskates (pair),8,0,dda,direct,direct,direct,physical/other; inspect in context
item,hammock,hammock,8,0,dda,direct,direct,direct,physical/other; inspect in context
item,fish_scrap,scrap of fish,8,0,dda,looks_like,looks_like,looks_like,physical/other; inspect in context
item,armrig,small armband pouch,8,0,dda,looks_like,looks_like,looks_like,physical/other; inspect in context
item,holybook_bible4,New American Bible,8,0,dda,looks_like,looks_like,looks_like,physical/other; inspect in context
item,crack,crack,8,0,dda,direct,direct,direct,physical/other; inspect in context
item,creepy_doll,talking doll,8,0,dda,direct,direct,direct,physical/other; inspect in context
item,knee_high_boots,knee-high boots (pair),8,0,dda,direct,direct,direct,physical/other; inspect in context
item,broth,vegetable broth,8,0,dda,direct,direct,direct,physical/other; inspect in context
item,radio_car,RC car,8,0,dda,direct,direct,direct,physical/other; inspect in context
item,boots_western,western boots (pair),8,0,dda,direct,direct,direct,physical/other; inspect in context
item,stepladder,wooden stepladder,8,0,dda,direct,direct,direct,physical/other; inspect in context
item,adjustable_stock,adjustable stock,8,0,dda,direct,direct,direct,physical/other; inspect in context
item,suppressor,suppressor,8,0,dda,direct,direct,direct,physical/other; inspect in context
item,radio_pouch,tactical radio pouch,8,0,dda,looks_like,looks_like,looks_like,physical/other; inspect in context
item,wine_noir,Pinot noir,8,0,dda,direct,direct,direct,physical/other; inspect in context
item,robofac_enviro_suit,Hub 01 environmental suit,8,0,dda,direct,direct,direct,physical/other; inspect in context
item,feces_roach,roach dirt,8,0,dda,direct,direct,direct,physical/other; inspect in context
item,mre_beeftaco,beef taco entree,8,0,dda,direct,direct,direct,physical/other; inspect in context
item,mre_sfettuccine,spinach fettuccine entree,8,0,dda,direct,direct,direct,physical/other; inspect in context
item,hot_pants_fur,fur hot pants,8,0,dda,direct,direct,direct,physical/other; inspect in context
item,brick,brick,8,0,dda,direct,direct,direct,physical/other; inspect in context
item,book_anthology_moataatgb,The Museum of All Things Awesome and That Go Boom,8,0,dda,looks_like,looks_like,looks_like,physical/other; inspect in context
item,rehydration_drink,rehydration drink,8,0,dda,direct,direct,direct,physical/other; inspect in context
item,pie_veggy,slice of vegetable pie,8,0,dda,direct,direct,direct,physical/other; inspect in context
item,melon,cantaloupe melon,8,0,dda,direct,direct,direct,physical/other; inspect in context
item,cereal_fp4,Sugar Chomps cereal,8,0,dda,direct,direct,direct,physical/other; inspect in context
item,cracklins,cracklins,8,0,dda,direct,direct,direct,physical/other; inspect in context
item,popcorn,popcorn,8,0,dda,direct,direct,direct,physical/other; inspect in context
item,guayaba,guava,8,0,dda,direct,direct,direct,physical/other; inspect in context
item,trimmer_off,hedge trimmer (off),8,0,dda,direct,direct,direct,physical/other; inspect in context
terrain,t_window_stained_green,stone wall with high stained glass window,8,0,dda,direct,direct,direct,physical/other; inspect in context
terrain,t_window_stained_red,stone wall with high stained glass window,8,0,dda,direct,direct,direct,physical/other; inspect in context
terrain,t_mushroom_patch,patch of mushrooms,8,0,xedra_evolved,direct,direct,direct,physical/other; inspect in context
terrain,t_slide,slide,8,0,dda,direct,direct,direct,physical/other; inspect in context
terrain,t_tree_apple,apple tree,8,0,dda,direct,direct,direct,physical/other; inspect in context
terrain,t_ticket_machine,ticket machine,8,0,dda,direct,direct,direct,physical/other; inspect in context
terrain,t_ticket_vendor,ticket vendor,8,0,dda,direct,direct,direct,physical/other; inspect in context
terrain,t_rock_green,green stone,8,0,dda,direct,direct,direct,physical/other; inspect in context
terrain,t_mdoor_frame,empty metal door frame,8,0,dda,direct,direct,direct,physical/other; inspect in context
terrain,t_shrub_fungal,fungal shrub,8,0,dda,direct,direct,direct,physical/other; inspect in context
terrain,t_buffer_stop,buffer stop,8,0,dda,direct,direct,direct,physical/other; inspect in context
furniture,f_egg_sackws,spider egg sac,8,0,dda,direct,direct,direct,physical/other; inspect in context
furniture,f_glowing_mushroom,glowing mushrooms,8,0,magiclysm,looks_like,looks_like,looks_like,physical/other; inspect in context
furniture,f_metal_crate_o,open metal crate,8,0,dda,direct,direct,direct,physical/other; inspect in context
furniture,f_wood_keg,wooden keg,8,0,dda,direct,direct,direct,physical/other; inspect in context
furniture,f_punching_bag,heavy punching bag,8,0,dda,direct,direct,direct,physical/other; inspect in context
furniture,f_stack_plank,stack of wooden planks,8,0,dda,direct,direct,direct,physical/other; inspect in context
vehicle,motorcycle_kickstand,,8,0,dda,direct,direct,direct,physical/other; inspect in context
vehicle,cam_control,,8,0,dda,direct,direct,direct,physical/other; inspect in context
vehicle,seatbelt_heavyduty,,8,0,dda,direct,direct,direct,physical/other; inspect in context
vehicle,external_tank,external tank (200 L),8,0,dda,direct,direct,direct,physical/other; inspect in context
vehicle,wooden_aisle,wooden aisle,8,0,dda,direct,direct,direct,physical/other; inspect in context
vehicle,xlhalfboard,extra-light quarterpanel,8,0,dda,direct,direct,direct,physical/other; inspect in context
vehicle,clothboard,cloth board,8,0,dda,direct,direct,direct,physical/other; inspect in context
item,thread_canvas,heavy duty thread,7,0,dda,looks_like,looks_like,looks_like,physical/other; inspect in context
item,snapfastener_steel,steel snap fastener,7,0,dda,direct,direct,direct,physical/other; inspect in context
item,morphine,morphine,7,0,dda,direct,direct,direct,physical/other; inspect in context
item,9mm_ammo_box_100,9mm ammo box,7,0,dda,direct,direct,direct,physical/other; inspect in context
item,peridot_silver_earring,peridot and silver earrings (pair),7,0,dda,direct,direct,direct,physical/other; inspect in context
item,hat_golf,golf cap,7,0,dda,direct,direct,direct,physical/other; inspect in context
item,honeydew,honeydew,7,0,dda,direct,direct,direct,physical/other; inspect in context
item,wallet_duct_tape,duct tape wallet,7,0,dda,direct,direct,direct,physical/other; inspect in context
item,compcrossbow,compound crossbow,7,0,dda,direct,direct,direct,physical/other; inspect in context
item,paperback_romance_envyh,Envying Heaven,7,0,dda,direct,direct,direct,physical/other; inspect in context
item,mango,mango,7,0,dda,direct,direct,direct,physical/other; inspect in context
item,book_anthology_an,Apocalypse Now,7,0,dda,looks_like,looks_like,looks_like,physical/other; inspect in context
item,moons_tears_katana,moon's tears katana,7,0,xedra_evolved,direct,direct,direct,physical/other; inspect in context
item,corpse_fae,fae corpse,7,0,xedra_evolved,looks_like,looks_like,looks_like,physical/other; inspect in context
item,dance_shoes,dance shoes (pair),7,0,dda,direct,direct,direct,physical/other; inspect in context
item,45_ammo_box_20,.45 ACP ammo box,7,0,dda,direct,direct,direct,physical/other; inspect in context
item,sleeveless_duster_fur,sleeveless fur duster,7,0,dda,direct,direct,direct,physical/other; inspect in context
item,410shot_hull,.410 hull,7,0,dda,direct,direct,direct,physical/other; inspect in context
item,floodlight,floodlight,7,0,dda,direct,direct,direct,physical/other; inspect in context
item,cowl_wool,knit cowl,7,0,dda,direct,direct,direct,physical/other; inspect in context
item,soup_mushroom,mushroom soup,7,0,dda,direct,direct,direct,physical/other; inspect in context
item,sketch,sketch,7,0,dda,looks_like,looks_like,looks_like,physical/other; inspect in context
item,game_watch,game watch,7,0,dda,direct,direct,direct,physical/other; inspect in context
item,bowl_wood,wooden bowl,7,0,dda,looks_like,looks_like,looks_like,physical/other; inspect in context
item,opal_silver_earring,opal and silver earrings (pair),7,0,dda,direct,direct,direct,physical/other; inspect in context
item,claw_bar,claw bar,7,0,dda,direct,direct,direct,physical/other; inspect in context
item,PR24-retracted,PR-24 baton (retracted),7,0,dda,direct,direct,direct,physical/other; inspect in context
item,armor_riot_arm,riot arm guards (pair),7,0,dda,looks_like,looks_like,looks_like,physical/other; inspect in context
item,food_processor,food processor,7,0,dda,direct,direct,direct,physical/other; inspect in context
item,small_relic,small relic,7,0,dda,direct,direct,direct,physical/other; inspect in context
item,book_fict_soft_scifi_roadp,Roadside Picnic,7,0,dda,direct,direct,direct,physical/other; inspect in context
item,almond_milk,almond milk,7,0,dda,direct,direct,direct,physical/other; inspect in context
item,apron_leather,leather apron,7,0,dda,direct,direct,direct,physical/other; inspect in context
item,fitness_band,fitness band,7,0,dda,direct,direct,direct,physical/other; inspect in context
item,bigback,high-volume rucksack,7,0,dda,direct,direct,direct,physical/other; inspect in context
item,motorbike_armor,motorcycle armor,7,0,dda,direct,direct,direct,physical/other; inspect in context
item,book_newage_horoscopes,Your Year in Horoscopes,7,0,dda,looks_like,looks_like,looks_like,physical/other; inspect in context
item,manual_dodge,The Book of Dances,7,0,dda,direct,direct,direct,physical/other; inspect in context
item,gold_hairpin,gold hairpin,7,0,dda,direct,direct,direct,physical/other; inspect in context
item,collarpin,collar pin,7,0,dda,direct,direct,direct,physical/other; inspect in context
item,soup_dumplings,chicken and dumplings,7,0,dda,direct,direct,direct,physical/other; inspect in context
item,canadian_whiskey,Canadian whiskey,7,0,dda,direct,direct,direct,physical/other; inspect in context
item,bholster,deep concealment holster,7,0,dda,direct,direct,direct,physical/other; inspect in context
item,fetid_goop,fetid goop,7,0,dda,direct,direct,direct,physical/other; inspect in context
item,straw_pile,pile of straw,7,0,dda,direct,direct,direct,physical/other; inspect in context
item,baseball,baseball,7,0,dda,direct,direct,direct,physical/other; inspect in context
item,scarf_fur_long,long fur scarf,7,0,dda,direct,direct,direct,physical/other; inspect in context
item,tophat,top hat,7,0,dda,direct,direct,direct,physical/other; inspect in context
item,haori,haori,7,0,dda,direct,direct,direct,physical/other; inspect in context
item,record_patient,patient treatment records,7,0,dda,direct,direct,direct,physical/other; inspect in context
item,char_smoker,charcoal smoker,7,0,dda,direct,direct,direct,physical/other; inspect in context
item,cufflinks_intricate,intricate cufflinks (pair),7,0,dda,direct,direct,direct,physical/other; inspect in context
item,book_fic_manga,manga volume,7,0,dda,looks_like,looks_like,looks_like,physical/other; inspect in context
item,goggles_ski,ski goggles,7,0,dda,direct,direct,direct,physical/other; inspect in context
item,harmonica_holder,harmonica with a holder,7,0,dda,direct,direct,direct,physical/other; inspect in context
item,hammer_sledge_heavy,heavy sledge hammer,7,0,dda,direct,direct,direct,physical/other; inspect in context
item,gloves_tactical,tactical gloves (pair),7,0,dda,direct,direct,direct,physical/other; inspect in context
item,chem_acrylamide,acrylamide powder,7,0,dda,direct,direct,direct,physical/other; inspect in context
item,slime_sample,slime sample,7,0,dda,direct,direct,direct,physical/other; inspect in context
item,tactical_grenade_pouch,tactical grenade pouch,7,0,dda,looks_like,looks_like,looks_like,physical/other; inspect in context
item,wheel_metal,metal wheel,7,0,dda,direct,direct,direct,physical/other; inspect in context
item,shovel_snow,snow shovel,7,0,dda,direct,direct,direct,physical/other; inspect in context
item,book_anthology_htloop,How to Live on Other Planets: A Handbook for Aspiring Aliens,7,0,dda,looks_like,looks_like,looks_like,physical/other; inspect in context
item,platinum_locket,platinum locket,7,0,dda,direct,direct,direct,physical/other; inspect in context
item,microphone_xlr_generic,XLR microphone,7,0,dda,direct,direct,direct,physical/other; inspect in context
item,acetic_anhydride,acetic anhydride,7,0,dda,looks_like,looks_like,looks_like,physical/other; inspect in context
item,maracuya,handful of passionfruit,7,0,dda,direct,direct,direct,physical/other; inspect in context
item,fur_collar,fur kitty collar,7,0,dda,direct,direct,direct,physical/other; inspect in context
item,101_carpentry,101 Home Repairs,7,0,dda,direct,direct,direct,physical/other; inspect in context
terrain,t_secretdoor_metal_c,metal wall,7,0,dda,direct,direct,direct,physical/other; inspect in context
terrain,t_tree_apricot,apricot tree,7,0,dda,direct,direct,direct,physical/other; inspect in context
terrain,t_gates_control_concrete,mechanical winch,7,0,dda,direct,direct,direct,physical/other; inspect in context
terrain,t_gates_control_concrete_lab,mechanical winch,7,0,dda,direct,direct,direct,physical/other; inspect in context
terrain,t_laminated_door_glass_c,closed laminated glass door,7,0,dda,direct,direct,direct,physical/other; inspect in context
terrain,t_shrub_blackberry_harvested,blackberry bush,7,0,dda,direct,direct,direct,physical/other; inspect in context
terrain,t_water_dispenser,water dispenser,7,0,dda,direct,direct,direct,physical/other; inspect in context
terrain,t_chickenwire_gate_c,closed chickenwire gate,7,0,dda,direct,direct,direct,physical/other; inspect in context
furniture,f_flagpole,flagpole,7,0,dda,direct,direct,direct,physical/other; inspect in context
furniture,f_coffin_c,coffin,7,0,dda,direct,direct,direct,physical/other; inspect in context
furniture,f_hydraulic_press,hydraulic press,7,0,dda,direct,direct,direct,physical/other; inspect in context
vehicle,floodlight,,7,0,dda,direct,direct,direct,physical/other; inspect in context
item,small_mana_crystal,small mana crystal,6,0,magiclysm,direct,direct,direct,physical/other; inspect in context
item,manual_engine_kit,Stirling engine kit instructions,6,0,dda,looks_like,looks_like,looks_like,physical/other; inspect in context
item,vest_jean,jean vest,6,0,dda,looks_like,looks_like,looks_like,physical/other; inspect in context
item,nylon_quiver,nylon quiver,6,0,dda,looks_like,looks_like,looks_like,physical/other; inspect in context
item,leg_bag,drop leg bag,6,0,dda,looks_like,looks_like,looks_like,physical/other; inspect in context
item,utility_knife_folding,utility folding knife,6,0,dda,looks_like,looks_like,looks_like,physical/other; inspect in context
item,knife_rambo,medium steel survival knife,6,0,dda,direct,direct,direct,physical/other; inspect in context
item,lettuce,handful of shredded lettuce,6,0,dda,direct,direct,direct,physical/other; inspect in context
item,tire_wide,"24"" wide tire",6,0,dda,looks_like,looks_like,looks_like,physical/other; inspect in context
item,splatter_guard,splatter guard,6,0,dda,direct,direct,direct,physical/other; inspect in context
item,candlestick,candlestick,6,0,dda,direct,direct,direct,physical/other; inspect in context
item,basketball,basketball,6,0,dda,direct,direct,direct,physical/other; inspect in context
item,material_zincite,zincite,6,0,dda,direct,direct,direct,physical/other; inspect in context
item,material_rhodonite,rhodonite,6,0,dda,direct,direct,direct,physical/other; inspect in context
item,sleeveless_trenchcoat_faux_fur,sleeveless faux fur trenchcoat,6,0,dda,direct,direct,direct,physical/other; inspect in context
item,380_ammo_box_20,.380 ACP ammo box,6,0,dda,looks_like,looks_like,looks_like,physical/other; inspect in context
item,pipe_water,water pipe,6,0,dda,looks_like,looks_like,looks_like,physical/other; inspect in context
item,hat_fur,fur hat,6,0,dda,direct,direct,direct,physical/other; inspect in context
item,pot_canning,canning pot,6,0,dda,direct,direct,direct,physical/other; inspect in context
item,stirling_kit_box,STEM kit box,6,0,dda,direct,direct,direct,physical/other; inspect in context
item,flip_flops_exp,expensive flip-flops (pair),6,0,dda,direct,direct,direct,physical/other; inspect in context
item,whiskey,whiskey,6,0,dda,direct,direct,direct,physical/other; inspect in context
item,painting,painting,6,0,dda,direct,direct,direct,physical/other; inspect in context
item,mag_bashing,Batter Up!,6,0,dda,direct,direct,direct,physical/other; inspect in context
item,scrap_bronze,chunk of bronze,6,0,dda,direct,direct,direct,physical/other; inspect in context
item,cornmeal,cornmeal,6,0,dda,direct,direct,direct,physical/other; inspect in context
item,memory_card_unread,memory card,6,0,dda,looks_like,looks_like,looks_like,physical/other; inspect in context
item,helmet_riot,riot helmet,6,0,dda,direct,direct,direct,physical/other; inspect in context
item,acidchitin_piece,chunk of biosilicified chitin,6,0,dda,direct,direct,direct,physical/other; inspect in context
item,kimono,kimono,6,0,dda,direct,direct,direct,physical/other; inspect in context
item,hamburger,hamburger,6,0,dda,direct,direct,direct,physical/other; inspect in context
item,wine_barley,barley wine,6,0,dda,direct,direct,direct,physical/other; inspect in context
item,cheerleader_skirt,cheerleader skirt,6,0,dda,looks_like,looks_like,looks_like,physical/other; inspect in context
item,book_newage_weapcrys,Weaponizing Crystals,6,0,dda,looks_like,looks_like,looks_like,physical/other; inspect in context
item,platinum_bracelet,platinum bracelet,6,0,dda,direct,direct,direct,physical/other; inspect in context
item,book_newage_beyondveil,Beyond The Veil,6,0,dda,looks_like,looks_like,looks_like,physical/other; inspect in context
item,ring_engagement,engagement ring,6,0,dda,direct,direct,direct,physical/other; inspect in context
item,wine_chardonnay,Chardonnay,6,0,dda,direct,direct,direct,physical/other; inspect in context
item,book_newage_healcrystals,The Healing Power of Crystals,6,0,dda,looks_like,looks_like,looks_like,physical/other; inspect in context
item,mask_hockey,hockey mask,6,0,dda,direct,direct,direct,physical/other; inspect in context
item,dive_bag,dive bag,6,0,dda,direct,direct,direct,physical/other; inspect in context
item,cheeseburger,cheeseburger,6,0,dda,direct,direct,direct,physical/other; inspect in context
item,gold_ear,gold earrings (pair),6,0,dda,direct,direct,direct,physical/other; inspect in context
item,cranberries,handful of cranberries,6,0,dda,direct,direct,direct,physical/other; inspect in context
item,shot_beanbag,12 gauge beanbag,6,0,dda,direct,direct,direct,physical/other; inspect in context
item,robe,robe,6,0,dda,direct,direct,direct,physical/other; inspect in context
item,gartersheath1,garter sheath,6,0,dda,looks_like,looks_like,looks_like,physical/other; inspect in context
item,carbonfiber_boat_hull,carbon fiber boat hull,6,0,dda,direct,direct,direct,physical/other; inspect in context
item,50beowulf_casing,.50 Beowulf casing,6,0,dda,looks_like,looks_like,looks_like,physical/other; inspect in context
item,subwaystationmap,subway map,6,0,dda,direct,direct,direct,physical/other; inspect in context
item,platinum_necklace,platinum necklace,6,0,dda,direct,direct,direct,physical/other; inspect in context
item,jacket_evac,emergency jacket,6,0,dda,direct,direct,direct,physical/other; inspect in context
item,anesthetic_kit,anesthesia kit,6,0,dda,direct,direct,direct,physical/other; inspect in context
item,anesthetic,anesthetic,6,0,dda,direct,direct,direct,physical/other; inspect in context
item,diamond_silver_earring,diamond and silver earrings (pair),6,0,dda,direct,direct,direct,physical/other; inspect in context
item,acetylene_machine,acetylene-gas machine,6,0,dda,direct,direct,direct,physical/other; inspect in context
item,reference_firstaid2,Merck Veterinary Manual,6,0,dda,direct,direct,direct,physical/other; inspect in context
item,quiver,quiver,6,0,dda,direct,direct,direct,physical/other; inspect in context
item,mre_mexicanchickenstew,Mexican chicken stew entree,6,0,dda,direct,direct,direct,physical/other; inspect in context
item,thermal_gloves,thermal electric gloves (pair),6,0,dda,direct,direct,direct,physical/other; inspect in context
item,bottle_plastic_glue,plastic glue bottle,6,0,dda,looks_like,looks_like,looks_like,physical/other; inspect in context
item,filter_air,air filter,6,0,dda,direct,direct,direct,physical/other; inspect in context
item,mixer_music,mixer,6,0,dda,direct,direct,direct,physical/other; inspect in context
item,solar_panel,vehicle solar panel,6,0,dda,direct,direct,direct,physical/other; inspect in context
item,egg_chicken,chicken egg,6,0,dda,direct,direct,direct,physical/other; inspect in context
item,paintballgun,paintball gun,6,0,dda,direct,direct,direct,physical/other; inspect in context
terrain,t_door_boarded,boarded up door,6,0,dda,direct,direct,direct,physical/other; inspect in context
terrain,t_chainfence_posts,metal post,6,0,dda,direct,direct,direct,physical/other; inspect in context
terrain,t_den_large,large den,6,0,dda,looks_like,looks_like,looks_like,physical/other; inspect in context
terrain,t_thconc_floor_no_roof,concrete floor,6,0,dda,looks_like,looks_like,looks_like,physical/other; inspect in context
terrain,t_shrub_strawberry_harvested,strawberry bush,6,0,dda,direct,direct,direct,physical/other; inspect in context
terrain,t_shrub_huckleberry_harvested,huckleberry bush,6,0,dda,direct,direct,direct,physical/other; inspect in context
terrain,t_sai_box_damaged,damaged telecom cabinet,6,0,dda,direct,direct,direct,physical/other; inspect in context
terrain,t_carpet_metal_yellow,bunker yellow carpet,6,0,dda,direct,direct,direct,physical/other; inspect in context
furniture,f_exodii_printer_large,metalloid printer,6,0,dda,direct,direct,direct,physical/other; inspect in context
furniture,f_atm_off,ATM,6,0,dda,looks_like,looks_like,looks_like,physical/other; inspect in context
furniture,f_alien_scar,scarred lump,6,0,dda,direct,direct,direct,physical/other; inspect in context
furniture,f_ergometer,ergometer,6,0,dda,direct,direct,direct,physical/other; inspect in context
furniture,f_bulletin_evac,evac shelter info board,6,0,dda,looks_like,looks_like,looks_like,physical/other; inspect in context
furniture,f_chest,wooden chest,6,0,dda,direct,direct,direct,physical/other; inspect in context
furniture,f_foot_locker_aluminum,aluminum foot locker,6,0,dda,looks_like,looks_like,looks_like,physical/other; inspect in context
vehicle,carbonfiber_boat_hull,,6,0,dda,direct,direct,direct,physical/other; inspect in context
item,manual_carpentry,Building for Beginners,5,0,dda,direct,direct,direct,physical/other; inspect in context
item,legpouch_large,leg ammo pouch,5,0,dda,direct,direct,direct,physical/other; inspect in context
item,magazine_augmentative_review,Augmentative Technomancy Review,5,0,magiclysm,looks_like,looks_like,looks_like,physical/other; inspect in context
item,sheet_kevlar_layered,ballistic Kevlar panel,5,0,dda,direct,direct,direct,physical/other; inspect in context
item,broken_tazer_hack,broken taser hack,5,0,dda,direct,direct,direct,physical/other; inspect in context
item,wood_sheet,large wooden sheet,5,0,dda,direct,direct,direct,physical/other; inspect in context
item,book_archery,Lessons for the Novice Bowhunter,5,0,dda,direct,direct,direct,physical/other; inspect in context
item,hammock_net,net hammock,5,0,dda,direct,direct,direct,physical/other; inspect in context
item,wool_suit,thick wool onesie,5,0,dda,direct,direct,direct,physical/other; inspect in context
item,cigar_punch,cigar punch,5,0,dda,direct,direct,direct,physical/other; inspect in context
item,32_casing,.32 ACP casing,5,0,dda,direct,direct,direct,physical/other; inspect in context
item,protein_shake,protein shake,5,0,dda,direct,direct,direct,physical/other; inspect in context
item,oyster,oyster in shell,5,0,dda,direct,direct,direct,physical/other; inspect in context
item,banner_thunderous_rush,banner of thunderous rush,5,0,xedra_evolved,direct,direct,direct,physical/other; inspect in context
item,moons_tears_spear,moon's tears spear,5,0,xedra_evolved,direct,direct,direct,physical/other; inspect in context
item,380_FMJ,.380 ACP FMJ,5,0,dda,direct,direct,direct,physical/other; inspect in context
item,cookbook_eatyrway,Eat Your Way to a Fit Physique,5,0,dda,direct,direct,direct,physical/other; inspect in context
item,sherry,sherry,5,0,dda,direct,direct,direct,physical/other; inspect in context
item,sleeveless_trenchcoat_fur,sleeveless fur trenchcoat,5,0,dda,direct,direct,direct,physical/other; inspect in context
item,military_papr_blower_off,military PAPR blower (off),5,0,dda,looks_like,looks_like,looks_like,physical/other; inspect in context
item,holybook_biblechild_c,Children's Catholic Bible,5,0,dda,looks_like,looks_like,looks_like,physical/other; inspect in context
item,wine_cabernet,Cabernet Sauvignon,5,0,dda,direct,direct,direct,physical/other; inspect in context
item,porkpie,porkpie hat,5,0,dda,direct,direct,direct,physical/other; inspect in context
item,jacket_army,army jacket,5,0,dda,direct,direct,direct,physical/other; inspect in context
item,wheel_rim_bicycle,bicycle rim,5,0,dda,direct,direct,direct,physical/other; inspect in context
item,book_fict_soft_scifi_dune,Dune,5,0,dda,direct,direct,direct,physical/other; inspect in context
item,gas_mask_pouch,gas mask pouch,5,0,dda,looks_like,looks_like,looks_like,physical/other; inspect in context
item,eclipse_glasses,eclipse glasses,5,0,dda,direct,direct,direct,physical/other; inspect in context
item,hat_boonie,boonie hat,5,0,dda,direct,direct,direct,physical/other; inspect in context
item,blackberries,handful of blackberries,5,0,dda,direct,direct,direct,physical/other; inspect in context
item,celery,celery,5,0,dda,direct,direct,direct,physical/other; inspect in context
item,mushroom,mushroom,5,0,dda,direct,direct,direct,physical/other; inspect in context
item,pool_cue,pool cue,5,0,dda,direct,direct,direct,physical/other; inspect in context
item,papaya,papaya,5,0,dda,direct,direct,direct,physical/other; inspect in context
item,smart_watch_adv,advanced smart watch,5,0,dda,looks_like,looks_like,looks_like,physical/other; inspect in context
item,helmet_motor,full-face motorcycle helmet,5,0,dda,direct,direct,direct,physical/other; inspect in context
item,smart_lamp,smart lamp (off),5,0,dda,direct,direct,direct,physical/other; inspect in context
item,frisbee,frisbee,5,0,dda,direct,direct,direct,physical/other; inspect in context
item,rum,rum,5,0,dda,direct,direct,direct,physical/other; inspect in context
item,cheap_whiskey,cheap whiskey,5,0,dda,direct,direct,direct,physical/other; inspect in context
item,dragonfire,dragonfire,5,0,magiclysm,looks_like,looks_like,looks_like,physical/other; inspect in context
item,cabbage,handful of shredded cabbage,5,0,dda,direct,direct,direct,physical/other; inspect in context
item,wine_vermouth,vermouth,5,0,dda,direct,direct,direct,physical/other; inspect in context
item,yukata,yukata,5,0,dda,direct,direct,direct,physical/other; inspect in context
item,460sw_casing,.460 S&W Magnum casing,5,0,dda,looks_like,looks_like,looks_like,physical/other; inspect in context
item,trenchcoat_faux_fur,faux fur trenchcoat,5,0,dda,direct,direct,direct,physical/other; inspect in context
item,steel_chunk,chunk of steel,5,0,dda,direct,direct,direct,physical/other; inspect in context
item,milk_choc,chocolate milk,5,0,dda,direct,direct,direct,physical/other; inspect in context
item,tire_motorbike_or,"20"" off-road motorbike tire",5,0,dda,looks_like,looks_like,looks_like,physical/other; inspect in context
item,tainted_innards,tainted innards,5,0,dda,looks_like,looks_like,looks_like,physical/other; inspect in context
item,destroyed_large_ceramic_plate,compromised ceramic front plate,5,0,dda,looks_like,looks_like,looks_like,physical/other; inspect in context
item,sustainment_pouch,sustainment pouch,5,0,dda,looks_like,looks_like,looks_like,physical/other; inspect in context
item,gasket_plastic,plastic gasket,5,0,dda,direct,direct,direct,physical/other; inspect in context
item,seed_zucchini,zucchini seeds,5,0,dda,direct,direct,direct,physical/other; inspect in context
item,animal_locker,animal locker,5,0,dda,direct,direct,direct,physical/other; inspect in context
item,kippah,kippah,5,0,dda,direct,direct,direct,physical/other; inspect in context
item,holy_symbol_wood,handmade holy symbol,5,0,dda,direct,direct,direct,physical/other; inspect in context
item,bat_nerf,foam rubber bat,5,0,dda,direct,direct,direct,physical/other; inspect in context
item,pants_army,army pants,5,0,dda,direct,direct,direct,physical/other; inspect in context
item,portable_generator,portable gasoline generator,5,0,dda,direct,direct,direct,physical/other; inspect in context
item,robofac20,HWP 20-round 7.62 magazine,5,0,dda,looks_like,looks_like,looks_like,physical/other; inspect in context
item,robofac10,HWP 10-round shotgun magazine,5,0,dda,looks_like,looks_like,looks_like,physical/other; inspect in context
item,magnet,magnet,5,0,dda,direct,direct,direct,physical/other; inspect in context
item,pearl_collar,pearl collar,5,0,dda,direct,direct,direct,physical/other; inspect in context
item,amethyst_silver_earring,amethyst and silver earrings (pair),5,0,dda,direct,direct,direct,physical/other; inspect in context
item,kilt,kilt,5,0,dda,direct,direct,direct,physical/other; inspect in context
item,foodplace_food,Foodplace's delicious food™,5,0,dda,direct,direct,direct,physical/other; inspect in context
item,military_papr_mask,military respirator mask (PAPR),5,0,dda,looks_like,looks_like,looks_like,physical/other; inspect in context
item,40_ammo_box_50,.40 S&W ammo box,5,0,dda,looks_like,looks_like,looks_like,physical/other; inspect in context
item,44_ammo_box_20,.44 Magnum ammo box,5,0,dda,direct,direct,direct,physical/other; inspect in context
item,onyx_silver_earring,onyx and silver earrings (pair),5,0,dda,looks_like,looks_like,looks_like,physical/other; inspect in context
item,hat_sombrero,sombrero,5,0,dda,direct,direct,direct,physical/other; inspect in context
item,football,football,5,0,dda,direct,direct,direct,physical/other; inspect in context
item,lye_potassium,potassium lye,5,0,dda,direct,direct,direct,physical/other; inspect in context
item,hammer_sledge_short,short sledge hammer,5,0,dda,direct,direct,direct,physical/other; inspect in context
item,brush_axe,bill axe,5,0,dda,direct,direct,direct,physical/other; inspect in context
item,seed_sunflower,sunflower seeds,5,0,dda,direct,direct,direct,physical/other; inspect in context
item,sourdough_bread,sourdough bread,5,0,dda,direct,direct,direct,physical/other; inspect in context
item,feces_cow,cow pie,5,0,dda,direct,direct,direct,physical/other; inspect in context
item,seed_carrot,carrot seeds,5,0,dda,direct,direct,direct,physical/other; inspect in context
terrain,t_gates_control_metal,control lever,5,0,dda,direct,direct,direct,physical/other; inspect in context
terrain,t_fence_metal,metal fence,5,0,dda,direct,direct,direct,physical/other; inspect in context
terrain,t_door_glass_lab_o,open glass door,5,0,dda,direct,direct,direct,physical/other; inspect in context
terrain,t_vat,cloning vat,5,0,dda,direct,direct,direct,physical/other; inspect in context
furniture,f_active_backup_generator,active backup generator,5,0,dda,direct,direct,direct,physical/other; inspect in context
furniture,f_beaded_door,beaded curtain,5,0,dda,direct,direct,direct,physical/other; inspect in context
furniture,f_tablesaw,table saw,5,0,dda,direct,direct,direct,physical/other; inspect in context
furniture,f_bandsaw,band saw,5,0,dda,direct,direct,direct,physical/other; inspect in context
furniture,f_jointer,jointer,5,0,dda,direct,direct,direct,physical/other; inspect in context
furniture,f_planer,planer,5,0,dda,direct,direct,direct,physical/other; inspect in context
furniture,f_logstool,log stool,5,0,dda,direct,direct,direct,physical/other; inspect in context
furniture,f_treadmill,treadmill,5,0,dda,direct,direct,direct,physical/other; inspect in context
furniture,f_displaycase_o,open display case,5,0,dda,direct,direct,direct,physical/other; inspect in context
furniture,f_gunsafe_o,open gun safe,5,0,dda,direct,direct,direct,physical/other; inspect in context
furniture,f_clothing_rail,clothing rail,5,0,dda,direct,direct,direct,physical/other; inspect in context
furniture,f_arcfurnace_empty,arc furnace,5,0,dda,direct,direct,direct,physical/other; inspect in context
furniture,f_grave_head,headstone,5,0,dda,direct,direct,direct,physical/other; inspect in context
vehicle,animal_compartment,,5,0,dda,direct,direct,direct,physical/other; inspect in context
trap,tr_cot,cot,5,0,dda,direct,direct,direct,physical/other; inspect in context
item,tailors_kit,tailor's kit,4,0,dda,direct,direct,direct,physical/other; inspect in context
item,manual_sealing,Can Sealer Instructions,4,0,dda,direct,direct,direct,physical/other; inspect in context
item,gold_necklace,gold necklace,4,0,dda,direct,direct,direct,physical/other; inspect in context
item,apron_cotton,cotton apron,4,0,dda,looks_like,looks_like,looks_like,physical/other; inspect in context
item,longbow,longbow,4,0,dda,direct,direct,direct,physical/other; inspect in context
item,fishing_hook_basic,fishing hook,4,0,dda,direct,direct,direct,physical/other; inspect in context
item,lobster_roll,lobster roll,4,0,dda,looks_like,looks_like,looks_like,physical/other; inspect in context
item,boots_denim,denim boots (pair),4,0,dda,looks_like,looks_like,looks_like,physical/other; inspect in context
item,skirt_gossamer,gossamer skirt,4,0,xedra_evolved,looks_like,looks_like,looks_like,physical/other; inspect in context
item,m1911,M1911 pistol,4,0,dda,direct,direct,direct,physical/other; inspect in context
item,skirt_long_gossamer,long gossamer skirt,4,0,xedra_evolved,looks_like,looks_like,looks_like,physical/other; inspect in context
item,moons_tears_battleaxe,moon's tears battle axe,4,0,xedra_evolved,direct,direct,direct,physical/other; inspect in context
item,v_rockwheel_item,rockwheel,4,0,dda,direct,direct,direct,physical/other; inspect in context
item,duffelbag_gym_xs,light gym bag,4,0,dda,direct,direct,direct,physical/other; inspect in context
item,headgear,headgear,4,0,dda,direct,direct,direct,physical/other; inspect in context
item,bat,baseball bat,4,0,dda,direct,direct,direct,physical/other; inspect in context
item,545_casing,5.45x39mm casing,4,0,dda,direct,direct,direct,physical/other; inspect in context
item,9x18mm_casing,9x18mm Makarov casing,4,0,dda,direct,direct,direct,physical/other; inspect in context
item,450_casing,.450 Bushmaster casing,4,0,dda,looks_like,looks_like,looks_like,physical/other; inspect in context
item,338lapua_casing,.338 Lapua casing,4,0,dda,looks_like,looks_like,looks_like,physical/other; inspect in context
item,m2browning,.50-caliber heavy machine gun,4,0,dda,direct,direct,direct,physical/other; inspect in context
item,deflated_wheel_slick,"deflated 16"" racing wheel",4,0,dda,looks_like,looks_like,looks_like,physical/other; inspect in context
item,armor_riot_leg,riot leg guards (pair),4,0,dda,looks_like,looks_like,looks_like,physical/other; inspect in context
item,soup_meat,meat soup,4,0,dda,direct,direct,direct,physical/other; inspect in context
item,hand_paddles,oars,4,0,dda,direct,direct,direct,physical/other; inspect in context
item,ankle_wallet_pouch,ankle wallet pouch,4,0,dda,looks_like,looks_like,looks_like,physical/other; inspect in context
item,vibrator,vibrator,4,0,dda,direct,direct,direct,physical/other; inspect in context
item,book_nonf_hard_psych_grconres,The Guide to Reflective Conflict Resolution,4,0,dda,direct,direct,direct,physical/other; inspect in context
item,talking_doll,talking doll,4,0,dda,direct,direct,direct,physical/other; inspect in context
item,cookbook_sushi,Sushi Made Easy,4,0,dda,direct,direct,direct,physical/other; inspect in context
item,golf_ball,golf ball,4,0,dda,direct,direct,direct,physical/other; inspect in context
item,fries,fries,4,0,dda,direct,direct,direct,physical/other; inspect in context
item,wooden_post,wooden post,4,0,dda,direct,direct,direct,physical/other; inspect in context
item,mead,hops spiced mead,4,0,dda,direct,direct,direct,physical/other; inspect in context
item,jade_brooch,jade brooch,4,0,dda,direct,direct,direct,physical/other; inspect in context
item,wine_marsala,marsala,4,0,dda,direct,direct,direct,physical/other; inspect in context
item,salt_lick,salt lick,4,0,dda,direct,direct,direct,physical/other; inspect in context
item,wheel_rail_small_pair,small rail wheels (pair),4,0,dda,direct,direct,direct,physical/other; inspect in context
item,22lr_ammo_box_500,.22 LR ammo box,4,0,dda,direct,direct,direct,physical/other; inspect in context
item,pearl_silver_earring,pearl and silver earrings (pair),4,0,dda,direct,direct,direct,physical/other; inspect in context
item,handrolled_cig,hand-rolled cigarette,4,0,dda,direct,direct,direct,physical/other; inspect in context
item,thread_nomex,Nomex thread,4,0,dda,direct,direct,direct,physical/other; inspect in context
item,hat_newsboy,newsboy cap,4,0,dda,direct,direct,direct,physical/other; inspect in context
item,large_storage_battery,very large storage battery,4,0,dda,direct,direct,direct,physical/other; inspect in context
item,steel_lump,lump of steel,4,0,dda,direct,direct,direct,physical/other; inspect in context
item,leather_police_jacket,motorcycle jacket,4,0,dda,looks_like,looks_like,looks_like,physical/other; inspect in context
item,458wm_casing,.458 Winchester Magnum casing,4,0,dda,looks_like,looks_like,looks_like,physical/other; inspect in context
item,emerald_silver_earring,emerald and silver earrings (pair),4,0,dda,direct,direct,direct,physical/other; inspect in context
item,raw_tainted_leather_scraps,tainted skin scraps,4,0,dda,looks_like,looks_like,looks_like,physical/other; inspect in context
item,camera_pro,professional camera,4,0,dda,direct,direct,direct,physical/other; inspect in context
item,modular_m27_assault_rifle,M27 assault rifle,4,0,dda,looks_like,looks_like,looks_like,physical/other; inspect in context
item,hybrid_sight_4x,hybrid ACOG scope,4,0,dda,direct,direct,direct,physical/other; inspect in context
item,feline_sample,feline sample,4,0,dda,direct,direct,direct,physical/other; inspect in context
item,rabbit_sample,rabbit sample,4,0,dda,direct,direct,direct,physical/other; inspect in context
item,webbing_belt,MOLLE webbing belt,4,0,dda,direct,direct,direct,physical/other; inspect in context
item,helmet_army,army helmet,4,0,dda,direct,direct,direct,physical/other; inspect in context
item,seed_cucumber,salad cucumber seeds,4,0,dda,direct,direct,direct,physical/other; inspect in context
item,v_plow_item,plow,4,0,dda,direct,direct,direct,physical/other; inspect in context
item,bone_knife,bone shiv,4,0,dda,direct,direct,direct,physical/other; inspect in context
item,improvised_munition_handbook,TM 31-210 Improvised Munitions Handbook,4,0,dda,looks_like,looks_like,looks_like,physical/other; inspect in context
item,tarp,tarpaulin,4,0,dda,direct,direct,direct,physical/other; inspect in context
item,leathersandals,leather sandals (pair),4,0,dda,direct,direct,direct,physical/other; inspect in context
item,wooden_barrel,wooden barrel,4,0,dda,direct,direct,direct,physical/other; inspect in context
item,m18,compact service handgun,4,0,dda,direct,direct,direct,physical/other; inspect in context
item,308_ammo_box_20,.308/7.62x51 ammo box,4,0,dda,looks_like,looks_like,looks_like,physical/other; inspect in context
item,jacket_eod,EOD jacket,4,0,dda,direct,direct,direct,physical/other; inspect in context
item,trousers_eod,EOD trousers,4,0,dda,direct,direct,direct,physical/other; inspect in context
item,helmet_eod,EOD helmet,4,0,dda,direct,direct,direct,physical/other; inspect in context
item,cookbook_daintydishes,Dainty Dishes Fit for a King,4,0,dda,direct,direct,direct,physical/other; inspect in context
item,chainsaw_off,chainsaw (off),4,0,dda,direct,direct,direct,physical/other; inspect in context
item,battery_ups,UPS conversion mod,4,0,dda,direct,direct,direct,physical/other; inspect in context
item,folding_solar_panel_v2,solar suitcase,4,0,dda,looks_like,looks_like,looks_like,physical/other; inspect in context
item,feces_dog,dog dung,4,0,dda,direct,direct,direct,physical/other; inspect in context
item,jacket_flannel,flannel jacket,4,0,dda,direct,direct,direct,physical/other; inspect in context
item,g_warhammer,Battlehammer,4,0,dda,direct,direct,direct,physical/other; inspect in context
item,lawn_dart,lawn dart,4,0,dda,direct,direct,direct,physical/other; inspect in context
item,pants_fur,fur pants,4,0,dda,direct,direct,direct,physical/other; inspect in context
item,ski_jacket,ski jacket,4,0,dda,direct,direct,direct,physical/other; inspect in context
item,sandwich_deluxe,deluxe sandwich,4,0,dda,direct,direct,direct,physical/other; inspect in context
item,toast,toast,4,0,dda,looks_like,looks_like,looks_like,physical/other; inspect in context
item,cloak_wool,wool cloak,4,0,dda,direct,direct,direct,physical/other; inspect in context
item,garnet_silver_earring,garnet and silver earrings (pair),4,0,dda,direct,direct,direct,physical/other; inspect in context
item,ruby_silver_earring,ruby and silver earrings (pair),4,0,dda,direct,direct,direct,physical/other; inspect in context
item,22_blank,.22 blank,4,0,dda,direct,direct,direct,physical/other; inspect in context
item,wax_paraffin,chunk of paraffin wax,4,0,dda,direct,direct,direct,physical/other; inspect in context
item,410_ammo_box_5,.410 bore ammo box,4,0,dda,looks_like,looks_like,looks_like,physical/other; inspect in context
item,gun_manual,firearm safety and instruction manual,4,0,dda,looks_like,looks_like,looks_like,physical/other; inspect in context
item,vodka,vodka,4,0,dda,direct,direct,direct,physical/other; inspect in context
item,honey_glassed,candied honey,4,0,dda,direct,direct,direct,physical/other; inspect in context
item,mouthpiece,protective mouthpiece,4,0,dda,direct,direct,direct,physical/other; inspect in context
item,car_wide_headlight,wide-angle car headlight,4,0,dda,direct,direct,direct,physical/other; inspect in context
item,battleship,Warships,4,0,dda,direct,direct,direct,physical/other; inspect in context
item,ump40mag,UMP-40 30-round magazine,4,0,dda,looks_like,looks_like,looks_like,physical/other; inspect in context
item,lulo,lulo,4,0,dda,direct,direct,direct,physical/other; inspect in context
item,cereal_fp2,Carpenter Crunch cereal,4,0,dda,direct,direct,direct,physical/other; inspect in context
item,pomegranate,pomegranate,4,0,dda,direct,direct,direct,physical/other; inspect in context
item,block_and_tackle,block and tackle,4,0,dda,direct,direct,direct,physical/other; inspect in context
item,canteen_wood,wooden canteen,4,0,dda,direct,direct,direct,physical/other; inspect in context
item,technician_coveralls_h,heavy work coveralls,4,0,dda,looks_like,looks_like,looks_like,physical/other; inspect in context
item,apron_cut_resistant,cut-resistant apron,4,0,dda,direct,direct,direct,physical/other; inspect in context
item,platinum_dental_grill,platinum dental grill,4,0,dda,direct,direct,direct,physical/other; inspect in context
item,touring_suit,track touring suit,4,0,dda,direct,direct,direct,physical/other; inspect in context
item,maple_candy,maple syrup candy,4,0,dda,direct,direct,direct,physical/other; inspect in context
item,masonrysaw_off,masonry saw (off),4,0,dda,direct,direct,direct,physical/other; inspect in context
item,face_shield_plastic,plastic face shield,4,0,dda,direct,direct,direct,physical/other; inspect in context
item,elec_chainsaw_off,electric chainsaw (off),4,0,dda,direct,direct,direct,physical/other; inspect in context
item,straw_sandals,straw sandals (pair),4,0,dda,direct,direct,direct,physical/other; inspect in context
item,tactical_holster,tactical holster,4,0,dda,looks_like,looks_like,looks_like,physical/other; inspect in context
item,357_ammo_box_20,.357 Magnum ammo box,4,0,dda,looks_like,looks_like,looks_like,physical/other; inspect in context
item,dump_pouch,tactical dump pouch,4,0,dda,direct,direct,direct,physical/other; inspect in context
item,flashlight_pouch,flashlight pouch,4,0,dda,looks_like,looks_like,looks_like,physical/other; inspect in context
item,birdfood,bird food,4,0,dda,direct,direct,direct,physical/other; inspect in context
item,destroyed_medium_ceramic_plate,compromised ceramic side plate,4,0,dda,looks_like,looks_like,looks_like,physical/other; inspect in context
terrain,t_door_b_peep,damaged wood door with peephole,4,0,dda,direct,direct,direct,physical/other; inspect in context
terrain,t_little_column,little column,4,0,dda,direct,direct,direct,physical/other; inspect in context
terrain,t_gate_metal_c,closed metal gate,4,0,dda,direct,direct,direct,physical/other; inspect in context
terrain,t_wall_log_half,half-built log wall,4,0,dda,direct,direct,direct,physical/other; inspect in context
terrain,t_door_makeshift_c,closed makeshift door,4,0,dda,direct,direct,direct,physical/other; inspect in context
terrain,t_tree_plum_harvested,plum tree,4,0,dda,direct,direct,direct,physical/other; inspect in context
terrain,t_radio_controls,radio controls,4,0,dda,direct,direct,direct,physical/other; inspect in context
terrain,t_gas_pump,gasoline pump,4,0,dda,direct,direct,direct,physical/other; inspect in context
terrain,t_door_o_peep,open wood door with peephole,4,0,dda,direct,direct,direct,physical/other; inspect in context
terrain,t_mdoor_lab_frame,empty metal door frame,4,0,dda,direct,direct,direct,physical/other; inspect in context
furniture,f_autodoc,Autodoc Mk. XI,4,0,dda,direct,direct,direct,physical/other; inspect in context
furniture,f_topiary_dragon,animal topiary,4,0,dda,direct,direct,direct,physical/other; inspect in context
furniture,f_router,router table,4,0,dda,direct,direct,direct,physical/other; inspect in context
furniture,f_diesel_generator,diesel generator,4,0,dda,direct,direct,direct,physical/other; inspect in context
furniture,f_roulette_table,roulette table,4,0,dda,direct,direct,direct,physical/other; inspect in context
furniture,f_planter,planter,4,0,dda,direct,direct,direct,physical/other; inspect in context
furniture,f_shredder,document shredder,4,0,dda,direct,direct,direct,physical/other; inspect in context
furniture,f_plant_unharvested_overgrown,overgrown plant,4,0,dda,looks_like,looks_like,looks_like,physical/other; inspect in context
furniture,f_manual_tire_changer,manual tire changer,4,0,dda,direct,direct,direct,physical/other; inspect in context
furniture,f_glass_fridge_double,double glass door fridge,4,0,dda,looks_like,looks_like,looks_like,physical/other; inspect in context
furniture,f_heavy_lathe,lathe,4,0,dda,direct,direct,direct,physical/other; inspect in context
vehicle,rockwheel,,4,0,dda,direct,direct,direct,physical/other; inspect in context
vehicle,turret_m2browning,,4,0,,not_in_catalogue,not_in_catalogue,unknown,physical/other; inspect in context
vehicle,seat_wood,wooden seat,4,0,dda,direct,direct,direct,physical/other; inspect in context
vehicle,hand_paddles,,4,0,dda,direct,direct,direct,physical/other; inspect in context
vehicle,wood box,wooden box,4,0,dda,direct,direct,direct,physical/other; inspect in context
vehicle,rail_wheel_small_pair,small rail wheels (pair),4,0,dda,direct,direct,direct,physical/other; inspect in context
vehicle,large_storage_battery,,4,0,dda,direct,direct,direct,physical/other; inspect in context
vehicle,plow,,4,0,dda,direct,direct,direct,physical/other; inspect in context
vehicle,wheel_bicycle_or,,4,0,dda,direct,direct,direct,physical/other; inspect in context
vehicle,wide_headlight,,4,0,dda,direct,direct,direct,physical/other; inspect in context
trap,tr_nailboard,spiked board,4,0,dda,direct,direct,direct,physical/other; inspect in context
item,matrix_crystal_drained,"strange crystal, black",3,0,mindovermatter,direct,direct,direct,physical/other; inspect in context
item,1911_22_mag,.22 1911 pistol magazine,3,0,dda,looks_like,looks_like,looks_like,physical/other; inspect in context
item,recipe_lab_elec,lab journal-Herrera,3,0,dda,direct,direct,direct,physical/other; inspect in context
item,manual_shotgun,Shotguns: The Art and Science,3,0,dda,direct,direct,direct,physical/other; inspect in context
item,plank_long,long plank,3,0,dda,direct,direct,direct,physical/other; inspect in context
item,tshirt_cropped,crop top,3,0,dda,looks_like,looks_like,looks_like,physical/other; inspect in context
item,bbgun,BB gun,3,0,dda,direct,direct,direct,physical/other; inspect in context
item,30carbine_casing,.30 Carbine casing,3,0,dda,looks_like,looks_like,looks_like,physical/other; inspect in context
item,oil_lamp_clay,clay oil lamp (off),3,0,dda,direct,direct,direct,physical/other; inspect in context
item,pants_gossamer,gossamer trousers,3,0,xedra_evolved,looks_like,looks_like,looks_like,physical/other; inspect in context
item,sleeveless_tunic_gossamer,sleeveless gossamer tunic,3,0,xedra_evolved,looks_like,looks_like,looks_like,physical/other; inspect in context
item,doublet_gossamer,gossamer doublet,3,0,xedra_evolved,looks_like,looks_like,looks_like,physical/other; inspect in context
item,mirror_march_estoc,mirrored estoc,3,0,xedra_evolved,direct,direct,direct,physical/other; inspect in context
item,stockings_gossamer,pair of gossamer stockings,3,0,xedra_evolved,looks_like,looks_like,looks_like,physical/other; inspect in context
item,moons_tears_mace,moon's tears mace,3,0,xedra_evolved,direct,direct,direct,physical/other; inspect in context
item,throwing_knife,throwing knife,3,0,dda,direct,direct,direct,physical/other; inspect in context
item,45_super,.45 ACP +P,3,0,dda,direct,direct,direct,physical/other; inspect in context
item,p226mag_15rd_9x19mm,P226 9x19mm 15-round magazine,3,0,dda,direct,direct,direct,physical/other; inspect in context
item,moons_tears_broadsword,moon's tears broadsword,3,0,xedra_evolved,direct,direct,direct,physical/other; inspect in context
item,salamander_sample,salamander sample,3,0,xedra_evolved,looks_like,looks_like,looks_like,physical/other; inspect in context
item,cheerleader_skirt_short,short cheerleader skirt,3,0,dda,looks_like,looks_like,looks_like,physical/other; inspect in context
item,kompot,kompot,3,0,dda,direct,direct,direct,physical/other; inspect in context
item,fishing_waders,fishing waders,3,0,dda,direct,direct,direct,physical/other; inspect in context
item,onyx_gold_earring,onyx and gold earrings (pair),3,0,dda,looks_like,looks_like,looks_like,physical/other; inspect in context
item,sleeveless_trenchcoat,sleeveless trenchcoat,3,0,dda,direct,direct,direct,physical/other; inspect in context
item,v_table,fancy table,3,0,dda,direct,direct,direct,physical/other; inspect in context
item,electrolysis_kit,electrolysis kit,3,0,dda,direct,direct,direct,physical/other; inspect in context
item,electric_lantern,electric lantern (off),3,0,dda,direct,direct,direct,physical/other; inspect in context
item,wooden_post_long,long wooden post,3,0,dda,direct,direct,direct,physical/other; inspect in context
item,45_ammo_box_200,.45 ACP ammo box,3,0,dda,direct,direct,direct,physical/other; inspect in context
item,biodiesel,biodiesel,3,0,dda,direct,direct,direct,physical/other; inspect in context
item,sapra,Exodii Sapra grenade launcher,3,0,dda,direct,direct,direct,physical/other; inspect in context
item,exodii_exodii_stungun_mag,Onšut power pack,3,0,mindovermatter,looks_like,looks_like,looks_like,physical/other; inspect in context
item,bio_tattoo_led,LED Tattoo CBM,3,0,dda,direct,direct,direct,physical/other; inspect in context
item,chem_chloroform,chloroform,3,0,dda,direct,direct,direct,physical/other; inspect in context
item,hc_steel_chunk,chunk of high steel,3,0,dda,direct,direct,direct,physical/other; inspect in context
item,silver_ear,silver earrings (pair),3,0,dda,direct,direct,direct,physical/other; inspect in context
item,baton,expandable baton,3,0,dda,direct,direct,direct,physical/other; inspect in context
item,gasbomb,tear gas grenade,3,0,dda,direct,direct,direct,physical/other; inspect in context
item,mana_leech_unlock_scroll,mana-leech shackle unlock scroll,3,0,magiclysm,looks_like,looks_like,looks_like,physical/other; inspect in context
item,sloppyjoe,sloppy joe,3,0,dda,direct,direct,direct,physical/other; inspect in context
item,junk_burrito,microwave burrito,3,0,dda,direct,direct,direct,physical/other; inspect in context
item,laptop_hard_case,laptop hard case,3,0,dda,looks_like,looks_like,looks_like,physical/other; inspect in context
item,ring_purity,purity ring,3,0,dda,direct,direct,direct,physical/other; inspect in context
item,knife_trench,medium steel trench knife,3,0,dda,direct,direct,direct,physical/other; inspect in context
item,blue_topaz_silver_earring,blue topaz and silver earrings (pair),3,0,dda,direct,direct,direct,physical/other; inspect in context
item,back_holster,back holster,3,0,dda,direct,direct,direct,physical/other; inspect in context
item,thermal_mask,thermal electric balaclava,3,0,dda,direct,direct,direct,physical/other; inspect in context
item,golf_tee,golf tee,3,0,dda,direct,direct,direct,physical/other; inspect in context
item,cleats,cleats (pair),3,0,dda,direct,direct,direct,physical/other; inspect in context
item,ruby_silver_pendant_necklace,ruby and silver pendant necklace,3,0,dda,direct,direct,direct,physical/other; inspect in context
item,ruby_silver_ring,ruby and silver ring,3,0,dda,direct,direct,direct,physical/other; inspect in context
item,tomato_juice,tomato juice,3,0,dda,direct,direct,direct,physical/other; inspect in context
item,grenadine_syrup,grenadine syrup,3,0,dda,looks_like,looks_like,looks_like,physical/other; inspect in context
item,bondage_suit,bondage suit,3,0,dda,direct,direct,direct,physical/other; inspect in context
item,drink_hobo,fancy hobo,3,0,dda,direct,direct,direct,physical/other; inspect in context
item,money_strap_hundred,hundred-dollar currency strap,3,0,dda,looks_like,looks_like,looks_like,physical/other; inspect in context
item,money_strap_fifty,fifty-dollar currency strap,3,0,dda,looks_like,looks_like,looks_like,physical/other; inspect in context
item,drink_kalimotxo,kalimotxo,3,0,dda,direct,direct,direct,physical/other; inspect in context
item,steam_triple_small,small steam engine,3,0,dda,direct,direct,direct,physical/other; inspect in context
item,4570_casing,.45-70 casing,3,0,dda,direct,direct,direct,physical/other; inspect in context
item,disc_golf,disc,3,0,dda,direct,direct,direct,physical/other; inspect in context
item,postman_hat,mail carrier hat,3,0,dda,direct,direct,direct,physical/other; inspect in context
item,book_newage_generic,new-age book,3,0,dda,looks_like,looks_like,looks_like,physical/other; inspect in context
item,urbexmap,urban explorer's map,3,0,dda,direct,direct,direct,physical/other; inspect in context
item,y_carpet,yellow carpet,3,0,dda,direct,direct,direct,physical/other; inspect in context
item,r_carpet,red carpet,3,0,dda,direct,direct,direct,physical/other; inspect in context
item,book_nonf_hard_psych_moodalm,The Oxbridge Handbook of Mood Ailments,3,0,dda,direct,direct,direct,physical/other; inspect in context
item,pastaextruder,pasta extruder,3,0,dda,direct,direct,direct,physical/other; inspect in context
item,tonfa_wood,wooden tonfa,3,0,dda,direct,direct,direct,physical/other; inspect in context
item,sleeveless_trenchcoat_leather,sleeveless leather trenchcoat,3,0,dda,direct,direct,direct,physical/other; inspect in context
item,fighter_sting,fungal fighter stinger,3,0,dda,direct,direct,direct,physical/other; inspect in context
item,blood_tainted,tainted blood,3,0,dda,direct,direct,direct,physical/other; inspect in context
item,v_planter_item,seed drill,3,0,dda,direct,direct,direct,physical/other; inspect in context
item,cephalopod_sample,cephalopod sample,3,0,dda,direct,direct,direct,physical/other; inspect in context
item,bio_synlungs,Synthetic Lungs CBM,3,0,dda,looks_like,looks_like,looks_like,physical/other; inspect in context
item,level_3_vest,hard armor vest,3,0,dda,looks_like,looks_like,looks_like,physical/other; inspect in context
item,molle_pack,MOLLE assault pack,3,0,dda,direct,direct,direct,physical/other; inspect in context
item,v_reaper_item,reaper,3,0,dda,direct,direct,direct,physical/other; inspect in context
item,deluxe_cheeseburger,deluxe cheeseburger,3,0,dda,direct,direct,direct,physical/other; inspect in context
item,tanbark,piece of tanbark,3,0,dda,direct,direct,direct,physical/other; inspect in context
item,propane_cooker,propane cooker,3,0,dda,direct,direct,direct,physical/other; inspect in context
item,tanned_hide,tanned hide,3,0,dda,direct,direct,direct,physical/other; inspect in context
item,sheet_nomex,Nomex sheet,3,0,dda,direct,direct,direct,physical/other; inspect in context
item,m17,service handgun,3,0,dda,direct,direct,direct,physical/other; inspect in context
item,foot_protectors_eod,EOD foot protectors (pair),3,0,dda,direct,direct,direct,physical/other; inspect in context
item,catalytic_cracking_handbook,Catalytic Cracking at Home for Solarpunks,3,0,dda,direct,direct,direct,physical/other; inspect in context
item,jumper_cable_heavy,heavy-duty jumper cable,3,0,dda,direct,direct,direct,physical/other; inspect in context
item,mag_animecon,Boston AnimeCon magazine,3,0,dda,direct,direct,direct,physical/other; inspect in context
item,howto_computer,How to Browse the Web,3,0,dda,direct,direct,direct,physical/other; inspect in context
item,peridot_gold_earring,peridot and gold earrings (pair),3,0,dda,direct,direct,direct,physical/other; inspect in context
item,boxing_gloves,boxing gloves (pair),3,0,dda,direct,direct,direct,physical/other; inspect in context
item,alexandrite_gold_earring,alexandrite and gold earrings (pair),3,0,dda,direct,direct,direct,physical/other; inspect in context
item,single_pot_whiskey,single pot still Irish whiskey,3,0,dda,direct,direct,direct,physical/other; inspect in context
item,fish_fried,batter fried fish,3,0,dda,direct,direct,direct,physical/other; inspect in context
item,bowhat,bowler hat,3,0,dda,direct,direct,direct,physical/other; inspect in context
item,m110a1,HK417 marksman's rifle,3,0,dda,direct,direct,direct,physical/other; inspect in context
item,hk417mag_20rd,HK417 20-round magazine,3,0,dda,direct,direct,direct,physical/other; inspect in context
item,survivormap,survivor's map,3,0,dda,direct,direct,direct,physical/other; inspect in context
item,wheel_rim_wide,wide steel rim,3,0,dda,direct,direct,direct,physical/other; inspect in context
item,aquamarine_silver_earring,aquamarine and silver earrings (pair),3,0,dda,direct,direct,direct,physical/other; inspect in context
item,cookbook_italian,Cucina Italiana,3,0,dda,direct,direct,direct,physical/other; inspect in context
item,golf_shoes,golf shoes (pair),3,0,dda,direct,direct,direct,physical/other; inspect in context
item,pearl_gold_earring,pearl and gold earrings (pair),3,0,dda,direct,direct,direct,physical/other; inspect in context
item,box_retool_large,large rifle conversion kit,3,0,dda,looks_like,looks_like,looks_like,physical/other; inspect in context
item,bootstrap,ankle holster,3,0,dda,direct,direct,direct,physical/other; inspect in context
item,ruger_mk4_mag,Ruger target pistol magazine,3,0,dda,looks_like,looks_like,looks_like,physical/other; inspect in context
item,acog_scope,ACOG scope,3,0,dda,direct,direct,direct,physical/other; inspect in context
item,corpse_generic_gunned,corpse,3,0,dda,looks_like,looks_like,looks_like,physical/other; inspect in context
item,wheel_tricycle,set of tricycle wheels,3,0,dda,direct,direct,direct,physical/other; inspect in context
item,dehydrator,food dehydrator,3,0,dda,direct,direct,direct,physical/other; inspect in context
item,bikini_top_leather,leather bikini top,3,0,dda,direct,direct,direct,physical/other; inspect in context
item,roller_blades,rollerblades (pair),3,0,dda,direct,direct,direct,physical/other; inspect in context
item,tinderbox,ember carrier,3,0,dda,direct,direct,direct,physical/other; inspect in context
item,ammo_pouch,ammo pouch,3,0,dda,direct,direct,direct,physical/other; inspect in context
item,furniturebrochure,furniture advertising brochure,3,0,dda,direct,direct,direct,physical/other; inspect in context
item,soapy_water,soapy water,3,0,dda,direct,direct,direct,physical/other; inspect in context
item,oat_milk,oat milk,3,0,dda,looks_like,looks_like,looks_like,physical/other; inspect in context
item,armguard_cut_resistant,cut-resistant arm sleeves (pair),3,0,dda,direct,direct,direct,physical/other; inspect in context
item,wood_beam,heavy wooden beam,3,0,dda,direct,direct,direct,physical/other; inspect in context
item,goggles_swim,swim goggles,3,0,dda,direct,direct,direct,physical/other; inspect in context
item,egg_raven,raven egg,3,0,dda,looks_like,looks_like,looks_like,physical/other; inspect in context
item,bag_paper_powder_bulk,large powder paper bag,3,0,dda,looks_like,looks_like,looks_like,physical/other; inspect in context
item,checkers,checkers set,3,0,dda,direct,direct,direct,physical/other; inspect in context
item,peephole,peephole,3,0,dda,direct,direct,direct,physical/other; inspect in context
item,fold_orichalcum_frame,foldable orichalcum frame,3,0,magiclysm,looks_like,looks_like,looks_like,physical/other; inspect in context
item,egg_fish,roe,3,0,dda,direct,direct,direct,physical/other; inspect in context
item,egg_sturgeon_shortnose,roe,3,0,dda,looks_like,looks_like,looks_like,physical/other; inspect in context
item,heavy_masonrysaw_off,heavy masonry saw (off),3,0,dda,looks_like,looks_like,looks_like,physical/other; inspect in context
item,triple_stacker_pouch,triple stacker ammo pouch,3,0,dda,looks_like,looks_like,looks_like,physical/other; inspect in context
item,tool_pouch,tactical tool pouch,3,0,dda,looks_like,looks_like,looks_like,physical/other; inspect in context
terrain,t_fence_rope,rope fence,3,0,dda,direct,direct,direct,physical/other; inspect in context
terrain,t_shrub_goblin_fruit_winter,strange bush,3,0,xedra_evolved,direct,direct,direct,physical/other; inspect in context
terrain,t_shrub_goblin_fruit_summer,strange bush,3,0,xedra_evolved,direct,direct,direct,physical/other; inspect in context
terrain,t_elevator_control_robofac_up,elevator controls,3,0,dda,direct,direct,direct,physical/other; inspect in context
terrain,t_elevator_control_robofac_down,elevator controls,3,0,dda,direct,direct,direct,physical/other; inspect in context
terrain,t_rdoor_o,open reinforced wood door,3,0,dda,direct,direct,direct,physical/other; inspect in context
terrain,t_window_bars_domestic,window with metal bars and curtains,3,0,dda,direct,direct,direct,physical/other; inspect in context
terrain,t_avgas_pump,avgas pump,3,0,dda,looks_like,looks_like,looks_like,physical/other; inspect in context
terrain,t_manhole,manhole,3,0,dda,direct,direct,direct,physical/other; inspect in context
terrain,t_screen_door_o,open screen door,3,0,dda,direct,direct,direct,physical/other; inspect in context
terrain,t_shrub_goblin_fruit_spring_harvested,strange bush,3,0,xedra_evolved,direct,direct,direct,physical/other; inspect in context
terrain,t_window_bars_noglass,window frame with metal bars,3,0,dda,direct,direct,direct,physical/other; inspect in context
furniture,f_exodii_printer_small,circuit printer,3,0,dda,direct,direct,direct,physical/other; inspect in context
furniture,f_autodoc_couch,Autodoc operation couch,3,0,dda,direct,direct,direct,physical/other; inspect in context
furniture,f_rack_l,locked display rack,3,0,dda,direct,direct,direct,physical/other; inspect in context
furniture,f_bigmirror_b,broken standing mirror,3,0,dda,direct,direct,direct,physical/other; inspect in context
furniture,f_fume_hood,fume hood,3,0,dda,direct,direct,direct,physical/other; inspect in context
furniture,f_recycle_bin,recycle bin,3,0,dda,direct,direct,direct,physical/other; inspect in context
furniture,f_xedra_antenna,mobile antenna,3,0,dda,direct,direct,direct,physical/other; inspect in context
furniture,f_fvat_empty,fermenting vat,3,0,dda,direct,direct,direct,physical/other; inspect in context
furniture,f_wind_vane,wind vane,3,0,dda,direct,direct,direct,physical/other; inspect in context
furniture,f_beverly_shear,Beverly shear,3,0,dda,looks_like,looks_like,looks_like,physical/other; inspect in context
furniture,f_grave_monument,obelisk,3,0,dda,direct,direct,direct,physical/other; inspect in context
furniture,f_xedra_frozen_person_dead,unmoving figure,3,0,xedra_evolved,looks_like,looks_like,looks_like,physical/other; inspect in context
furniture,f_beaded_door_o,open beaded curtain,3,0,dda,direct,direct,direct,physical/other; inspect in context
vehicle,veh_table,,3,0,dda,direct,direct,direct,physical/other; inspect in context
vehicle,seed_drill,,3,0,dda,direct,direct,direct,physical/other; inspect in context
vehicle,reaper,,3,0,dda,direct,direct,direct,physical/other; inspect in context
vehicle,wheel_tricycle,,3,0,dda,direct,direct,direct,physical/other; inspect in context
vehicle,engine_electric_tiny,,3,0,dda,direct,direct,direct,physical/other; inspect in context
item,repeater_mod_guide,plans for a radio repeater mod,2,0,dda,direct,direct,direct,physical/other; inspect in context
item,platinum_watch,platinum watch,2,0,dda,direct,direct,direct,physical/other; inspect in context
item,sense_outsiders_spellbook,A Study of Nethereum Incursions,2,0,magiclysm,looks_like,looks_like,looks_like,physical/other; inspect in context
item,338lapua_api,.338 Lapua API526,2,0,dda,direct,direct,direct,physical/other; inspect in context
item,arrow_metal_sharpened_fletched,makeshift metal arrow,2,0,dda,direct,direct,direct,physical/other; inspect in context
item,survival_match,survival match,2,0,dda,looks_like,looks_like,looks_like,physical/other; inspect in context
item,duffelbag_gym_xl,big gym bag,2,0,dda,direct,direct,direct,physical/other; inspect in context
item,holybook_mormon,The Book of Mormon,2,0,dda,direct,direct,direct,physical/other; inspect in context
item,holybook_catechism1,Catechism of The Catholic Church,2,0,dda,looks_like,looks_like,looks_like,physical/other; inspect in context
item,dress_gossamer,gossamer dress,2,0,xedra_evolved,looks_like,looks_like,looks_like,physical/other; inspect in context
item,moons_tears_scimitar,moon's tears shamshir,2,0,xedra_evolved,direct,direct,direct,physical/other; inspect in context
item,banner_butterfly_knight,banner of the butterfly knight,2,0,xedra_evolved,direct,direct,direct,physical/other; inspect in context
item,tunic_gossamer,gossamer tunic,2,0,xedra_evolved,looks_like,looks_like,looks_like,physical/other; inspect in context
item,hptjcpmag,Model JCP 10-round magazine,2,0,dda,direct,direct,direct,physical/other; inspect in context
item,rugerlcpmag,LCP 6-round magazine,2,0,dda,direct,direct,direct,physical/other; inspect in context
item,cookbook_foodfashions,Food Fashions for Young Moderns,2,0,dda,direct,direct,direct,physical/other; inspect in context
item,textbook_extraction,The Essential Oil Enthusiasts Handbook,2,0,dda,direct,direct,direct,physical/other; inspect in context
item,pearl_silver_cufflinks,pearl and silver cufflinks,2,0,dda,direct,direct,direct,physical/other; inspect in context
item,blue_topaz_silver_cufflinks,blue topaz and silver cufflinks,2,0,dda,direct,direct,direct,physical/other; inspect in context
item,emerald_silver_cufflinks,emerald and silver cufflinks,2,0,dda,direct,direct,direct,physical/other; inspect in context
item,peridot_silver_cufflinks,peridot and silver cufflinks,2,0,dda,direct,direct,direct,physical/other; inspect in context
item,garnet_platinum_earring,garnet and platinum earrings (pair),2,0,dda,direct,direct,direct,physical/other; inspect in context
item,book_nonf_hard_psych_phonodis,Phonological Acquisition and Disorders,2,0,dda,direct,direct,direct,physical/other; inspect in context
item,icecream_sorbet,serving of sorbet,2,0,dda,direct,direct,direct,physical/other; inspect in context
item,57mm_casing,5.7x28mm casing,2,0,dda,direct,direct,direct,physical/other; inspect in context
item,chess,chess set,2,0,dda,direct,direct,direct,physical/other; inspect in context
item,sheet_neoprene,neoprene sheet,2,0,dda,direct,direct,direct,physical/other; inspect in context
item,armor_thessalonian,cataphract armor,2,0,dda,looks_like,looks_like,looks_like,physical/other; inspect in context
item,exodiisapramag5,Sapra '36 magazine,2,0,dda,looks_like,looks_like,looks_like,physical/other; inspect in context
item,273x110canister,27.3x110 Diyua canister,2,0,dda,direct,direct,direct,physical/other; inspect in context
item,273x44thermobaric,27.3x44 Diyua thermobaric,2,0,dda,direct,direct,direct,physical/other; inspect in context
item,spear_dory,dory,2,0,dda,direct,direct,direct,physical/other; inspect in context
item,77arisaka_casing,7.7x58mm Arisaka casing,2,0,dda,looks_like,looks_like,looks_like,physical/other; inspect in context
item,300_casing,.300 Winchester Magnum casing,2,0,dda,direct,direct,direct,physical/other; inspect in context
item,glock_17,Glock duty pistol,2,0,dda,direct,direct,direct,physical/other; inspect in context
item,glock_19,Glock carry pistol,2,0,dda,direct,direct,direct,physical/other; inspect in context
item,px4,Beretta Px4 Storm pistol,2,0,dda,direct,direct,direct,physical/other; inspect in context
item,armor_riot_torso,riot chest guard,2,0,dda,looks_like,looks_like,looks_like,physical/other; inspect in context
item,faux_fur_cat_tail,faux fur cat tail,2,0,dda,direct,direct,direct,physical/other; inspect in context
item,oven_stovetop,dismantled stovetop,2,0,dda,direct,direct,direct,physical/other; inspect in context
item,fanblade_metal,metal fan blade assembly,2,0,dda,direct,direct,direct,physical/other; inspect in context
item,reinforced_glass_pane,pane of reinforced glass,2,0,dda,direct,direct,direct,physical/other; inspect in context
item,heavy_wire_rack,heavy wire rack,2,0,dda,direct,direct,direct,physical/other; inspect in context
item,bat_metal,aluminum bat,2,0,dda,direct,direct,direct,physical/other; inspect in context
item,crackpipe,crack pipe,2,0,dda,direct,direct,direct,physical/other; inspect in context
item,sandwich_pbj,PB&J sandwich,2,0,dda,direct,direct,direct,physical/other; inspect in context
item,crab_cakes,crab cake,2,0,dda,direct,direct,direct,physical/other; inspect in context
item,manual_cutting,knife fighter's notes,2,0,dda,direct,direct,direct,physical/other; inspect in context
item,stab_vest,stab vest,2,0,dda,looks_like,looks_like,looks_like,physical/other; inspect in context
item,sapphire_gold_earring,sapphire and gold earrings (pair),2,0,dda,direct,direct,direct,physical/other; inspect in context
item,raspberries,handful of raspberries,2,0,dda,direct,direct,direct,physical/other; inspect in context
item,opal_gold_earring,opal and gold earrings (pair),2,0,dda,direct,direct,direct,physical/other; inspect in context
item,electric_spinwheel,electric spinwheel,2,0,dda,looks_like,looks_like,looks_like,physical/other; inspect in context
item,quiver_takedown_bow,multi-function quiver,2,0,dda,looks_like,looks_like,looks_like,physical/other; inspect in context
item,book_nonf_hard_homemk_wmencolor,Woman of Color,2,0,dda,direct,direct,direct,physical/other; inspect in context
item,brandy,brandy,2,0,dda,direct,direct,direct,physical/other; inspect in context
item,single_malt_whiskey,single malt whiskey,2,0,dda,direct,direct,direct,physical/other; inspect in context
item,onyx_silver_ring,onyx and silver ring,2,0,dda,looks_like,looks_like,looks_like,physical/other; inspect in context
item,copper_ear,copper earrings (pair),2,0,dda,direct,direct,direct,physical/other; inspect in context
item,pearl,pearl,2,0,dda,direct,direct,direct,physical/other; inspect in context
item,money_strap_twenty,twenty-dollar currency strap,2,0,dda,looks_like,looks_like,looks_like,physical/other; inspect in context
item,lsd,pink tab,2,0,dda,direct,direct,direct,physical/other; inspect in context
item,plastic_six_dice,plastic die,2,0,dda,direct,direct,direct,physical/other; inspect in context
item,cattlefodder,cattle fodder,2,0,dda,direct,direct,direct,physical/other; inspect in context
item,samghati,samghati,2,0,dda,direct,direct,direct,physical/other; inspect in context
item,tequila,tequila,2,0,dda,direct,direct,direct,physical/other; inspect in context
item,sandwich_cucumber,cucumber sandwich,2,0,dda,direct,direct,direct,physical/other; inspect in context
item,fuel_bunker,fuel bunker,2,0,dda,direct,direct,direct,physical/other; inspect in context
item,geta,geta (pair),2,0,dda,direct,direct,direct,physical/other; inspect in context
item,10gal_hat,ten-gallon hat,2,0,dda,direct,direct,direct,physical/other; inspect in context
item,gloves_wool_fingerless,fingerless wool gloves (pair),2,0,dda,looks_like,looks_like,looks_like,physical/other; inspect in context
item,tourmaline_silver_earring,tourmaline and silver earrings (pair),2,0,dda,direct,direct,direct,physical/other; inspect in context
item,g_carpet,green carpet,2,0,dda,direct,direct,direct,physical/other; inspect in context
item,airhorn,compressed air horn,2,0,dda,direct,direct,direct,physical/other; inspect in context
item,technologybrochure,technology advertising brochure,2,0,dda,direct,direct,direct,physical/other; inspect in context
item,bronze_medal,bronze medal,2,0,dda,direct,direct,direct,physical/other; inspect in context
item,egg_bluejay,blue jay egg,2,0,dda,looks_like,looks_like,looks_like,physical/other; inspect in context
item,bismuth,bismuth,2,0,dda,direct,direct,direct,physical/other; inspect in context
item,manual_gun,The Gun Owner's Handbook,2,0,dda,direct,direct,direct,physical/other; inspect in context
item,xedra_seismograph,portable seismograph,2,0,dda,direct,direct,direct,physical/other; inspect in context
item,lab_file_sec,security protocol,2,0,dda,looks_like,looks_like,looks_like,physical/other; inspect in context
item,357sig_casing,.357 SIG casing,2,0,dda,direct,direct,direct,physical/other; inspect in context
item,biomancy_fasting_spellbook,Intermittent Fasting Using Biomancy,2,0,magiclysm,looks_like,looks_like,looks_like,physical/other; inspect in context
item,PR24-extended,PR-24 baton (extended),2,0,dda,direct,direct,direct,physical/other; inspect in context
item,lab_file_psych,psychotherapy protocol,2,0,dda,looks_like,looks_like,looks_like,physical/other; inspect in context
item,xedra_field_notes,field notebook,2,0,dda,looks_like,looks_like,looks_like,physical/other; inspect in context
item,bio_ethanol,Ethanol Burner CBM,2,0,dda,direct,direct,direct,physical/other; inspect in context
item,arm_splint,arm splint,2,0,dda,direct,direct,direct,physical/other; inspect in context
item,leg_splint,leg splint,2,0,dda,direct,direct,direct,physical/other; inspect in context
item,slime_scrap,slime glob,2,0,dda,direct,direct,direct,physical/other; inspect in context
item,winter_jacket_army,army winter jacket,2,0,dda,direct,direct,direct,physical/other; inspect in context
item,winter_pants_army,army winter pants,2,0,dda,direct,direct,direct,physical/other; inspect in context
item,h2o_pouch,H2O pouch,2,0,dda,looks_like,looks_like,looks_like,physical/other; inspect in context
item,helmet_liner,helmet liner,2,0,dda,direct,direct,direct,physical/other; inspect in context
item,knife_combat,National Guard bayonet,2,0,dda,direct,direct,direct,physical/other; inspect in context
item,burnt_out_bionic,burnt out bionic,2,0,dda,direct,direct,direct,physical/other; inspect in context
item,sandwich_pb,peanut butter sandwich,2,0,dda,direct,direct,direct,physical/other; inspect in context
item,human_tallow,human tallow,2,0,dda,direct,direct,direct,physical/other; inspect in context
item,spear_wood,fire-hardened wooden spear,2,0,dda,direct,direct,direct,physical/other; inspect in context
item,helmet_scrap_xs,scrap helmet,2,0,dda,looks_like,looks_like,looks_like,physical/other; inspect in context
item,xs_armguard_scrap,scrap arm guards (pair),2,0,dda,looks_like,looks_like,looks_like,physical/other; inspect in context
item,cudgel,cudgel,2,0,dda,direct,direct,direct,physical/other; inspect in context
item,aim_game,aim game target practice kit,2,0,dda,direct,direct,direct,physical/other; inspect in context
item,cloak_fur,fur cloak,2,0,dda,direct,direct,direct,physical/other; inspect in context
item,robofac_rubber_vambraces,Hub 01 kinetic vambraces (pair),2,0,dda,looks_like,looks_like,looks_like,physical/other; inspect in context
item,robofac_kevlar_vambraces,Hub 01 ballistic vambraces (pair),2,0,dda,looks_like,looks_like,looks_like,physical/other; inspect in context
item,robofac50,HWP 50-round 7.62 drum magazine,2,0,dda,looks_like,looks_like,looks_like,physical/other; inspect in context
item,robofac30,HWP 30-round shotgun drum magazine,2,0,dda,looks_like,looks_like,looks_like,physical/other; inspect in context
item,robofac100,HWP 100-round 5.56 double drum magazine,2,0,dda,looks_like,looks_like,looks_like,physical/other; inspect in context
item,focusing_lens,focusing lens,2,0,dda,direct,direct,direct,physical/other; inspect in context
item,light_detector,light detector,2,0,dda,direct,direct,direct,physical/other; inspect in context
item,dnd_handbook,Dungeon Master's Guide: 6th Edition,2,0,dda,direct,direct,direct,physical/other; inspect in context
item,mag_smg,Submachine Gun Enthusiast,2,0,dda,direct,direct,direct,physical/other; inspect in context
item,cutlass_fake,cutlass,2,0,dda,direct,direct,direct,physical/other; inspect in context
item,silver_medal,silver medal,2,0,dda,direct,direct,direct,physical/other; inspect in context
item,bead_ear,beaded earrings (pair),2,0,dda,direct,direct,direct,physical/other; inspect in context
item,duffelbag_gym_xxs,small gym bag,2,0,dda,looks_like,looks_like,looks_like,physical/other; inspect in context
item,vest_leather,leather vest,2,0,dda,direct,direct,direct,physical/other; inspect in context
item,cape_fp,Foodperson's cape,2,0,dda,direct,direct,direct,physical/other; inspect in context
item,id_science_visitor_1,visitor's pass,2,0,dda,direct,direct,direct,physical/other; inspect in context
item,id_science,science ID card,2,0,dda,direct,direct,direct,physical/other; inspect in context
item,sandwich_pbm,PB&M sandwich,2,0,dda,direct,direct,direct,physical/other; inspect in context
item,iggaak,snow goggles,2,0,dda,direct,direct,direct,physical/other; inspect in context
item,cheese_fries,cheese fries,2,0,dda,direct,direct,direct,physical/other; inspect in context
item,bolt_crude,crude wooden bolt,2,0,dda,direct,direct,direct,physical/other; inspect in context
item,clogs,wooden clogs (pair),2,0,dda,direct,direct,direct,physical/other; inspect in context
item,cholla_bud,cholla bud,2,0,dda,direct,direct,direct,physical/other; inspect in context
item,icon,icon,2,0,dda,direct,direct,direct,physical/other; inspect in context
item,skull_canis,large canine skull,2,0,dda,direct,direct,direct,physical/other; inspect in context
item,55gal_drum_aluminum,aluminum tank (200 L),2,0,dda,direct,direct,direct,physical/other; inspect in context
item,nun_habit,nun habit,2,0,dda,direct,direct,direct,physical/other; inspect in context
item,banjo,banjo,2,0,dda,direct,direct,direct,physical/other; inspect in context
item,wetsuit_spring_sleeveless,sleeveless spring suit,2,0,dda,looks_like,looks_like,looks_like,physical/other; inspect in context
item,decoy_anarch,AAA Guide,2,0,dda,direct,direct,direct,physical/other; inspect in context
item,book_newage_oilsecrets,Essential Secrets,2,0,dda,looks_like,looks_like,looks_like,physical/other; inspect in context
item,holo_sight,holographic sight,2,0,dda,direct,direct,direct,physical/other; inspect in context
item,manual_rifle,FM 23-16 Army marksmanship manual,2,0,dda,direct,direct,direct,physical/other; inspect in context
item,38_ammo_box_50,.38 Special ammo box,2,0,dda,direct,direct,direct,physical/other; inspect in context
item,45colt_jhp,.45 Colt +P JHP,2,0,dda,direct,direct,direct,physical/other; inspect in context
item,3006_ammo_box_20,.30-06 Springfield ammo box,2,0,dda,looks_like,looks_like,looks_like,physical/other; inspect in context
item,box_longarm,longarm cardboard box,2,0,dda,looks_like,looks_like,looks_like,physical/other; inspect in context
item,box_pistol,handgun case,2,0,dda,looks_like,looks_like,looks_like,physical/other; inspect in context
item,mosquitomag,Firefly 10-round magazine,2,0,dda,direct,direct,direct,physical/other; inspect in context
item,kilt_leather,leather kilt,2,0,dda,direct,direct,direct,physical/other; inspect in context
item,corpse_oldwoman_jewelry,corpse,2,0,dda,direct,direct,direct,physical/other; inspect in context
item,corpse_generic_infected,corpse,2,0,dda,looks_like,looks_like,looks_like,physical/other; inspect in context
item,maker_kit_box,maker kit box,2,0,dda,direct,direct,direct,physical/other; inspect in context
item,manual_makerspace,makerspace kit instructions,2,0,dda,looks_like,looks_like,looks_like,physical/other; inspect in context
item,bootsheath,ankle sheath,2,0,dda,direct,direct,direct,physical/other; inspect in context
item,bodysuit_lycra,Lycra bodysuit,2,0,dda,direct,direct,direct,physical/other; inspect in context
item,cookbook_curry,Curry cookbook,2,0,dda,looks_like,looks_like,looks_like,physical/other; inspect in context
item,zentai,zentai,2,0,dda,direct,direct,direct,physical/other; inspect in context
item,scalpel_plus_one,scalpel +1,2,0,magiclysm,looks_like,looks_like,looks_like,physical/other; inspect in context
item,ipok,individual patrol officer kit,2,0,dda,direct,direct,direct,physical/other; inspect in context
item,badge_deputy,deputy badge,2,0,dda,direct,direct,direct,physical/other; inspect in context
item,restaurantbrochure,restaurant advertising brochure,2,0,dda,direct,direct,direct,physical/other; inspect in context
item,holybook_bible2,Eastern Orthodox Bible,2,0,dda,direct,direct,direct,physical/other; inspect in context
item,fencing_mask,fencing mask,2,0,dda,direct,direct,direct,physical/other; inspect in context
item,bikini_bottom_short,short bikini bottoms,2,0,dda,looks_like,looks_like,looks_like,physical/other; inspect in context
item,bikini_top_short,short bikini top,2,0,dda,looks_like,looks_like,looks_like,physical/other; inspect in context
item,egg_coot,American coot egg,2,0,dda,looks_like,looks_like,looks_like,physical/other; inspect in context
item,thigh_high_boots,thigh-high boots (pair),2,0,dda,direct,direct,direct,physical/other; inspect in context
item,chilidogs,chili dog,2,0,dda,direct,direct,direct,physical/other; inspect in context
item,remotevehcontrol,remote vehicle controller,2,0,dda,direct,direct,direct,physical/other; inspect in context
item,catan,Settlers of the Ranch,2,0,dda,direct,direct,direct,physical/other; inspect in context
item,wetsuit_jacket,wetsuit jacket,2,0,dda,looks_like,looks_like,looks_like,physical/other; inspect in context
item,chaps_cut_resistant,chainsaw chaps,2,0,dda,direct,direct,direct,physical/other; inspect in context
item,madeira,Madeira wine,2,0,dda,direct,direct,direct,physical/other; inspect in context
item,ar_glasses_basic,basic AR glasses,2,0,dda,looks_like,looks_like,looks_like,physical/other; inspect in context
item,hat_hard_hooded,summer hard hat,2,0,dda,direct,direct,direct,physical/other; inspect in context
item,trappers_companion,The Trapper's Companion,2,0,dda,direct,direct,direct,physical/other; inspect in context
item,trousers_ninja,ninja trousers,2,0,dda,looks_like,looks_like,looks_like,physical/other; inspect in context
item,ammo_satchel,ammo satchel,2,0,dda,direct,direct,direct,physical/other; inspect in context
item,book_nonf_hard_psych_forpsych,Principles of Forensic Psychiatry,2,0,dda,direct,direct,direct,physical/other; inspect in context
item,foodperson_mask,Foodperson mask,2,0,dda,direct,direct,direct,physical/other; inspect in context
item,foldframe,foldable light frame,2,0,dda,direct,direct,direct,physical/other; inspect in context
item,cantilever_small,telescopic cantilever,2,0,dda,direct,direct,direct,physical/other; inspect in context
item,recipe_augs,The Role of Robotics in Modern Day Manufacturing,2,0,dda,direct,direct,direct,physical/other; inspect in context
item,alarmclock,alarm clock,2,0,dda,direct,direct,direct,physical/other; inspect in context
item,v_airjack_item,airjack,2,0,dda,direct,direct,direct,physical/other; inspect in context
item,book_nonf_hard_homemk_plantshome,The Art of Using Plants to Transform Your Home,2,0,dda,direct,direct,direct,physical/other; inspect in context
item,turban,turban,2,0,dda,direct,direct,direct,physical/other; inspect in context
item,chestguard_hard,hard chest guard,2,0,dda,direct,direct,direct,physical/other; inspect in context
item,clue,Murder Mystery,2,0,dda,direct,direct,direct,physical/other; inspect in context
item,manual_brawl,101 Wrestling Moves,2,0,dda,direct,direct,direct,physical/other; inspect in context
item,coat_light_winter,shell jacket,2,0,dda,looks_like,looks_like,looks_like,physical/other; inspect in context
item,balaclava_cut_resistant,cut-resistant balaclava,2,0,dda,direct,direct,direct,physical/other; inspect in context
item,brush_pole,bill pole,2,0,dda,looks_like,looks_like,looks_like,physical/other; inspect in context
item,brandied_fruit,brandied fruit,2,0,dda,direct,direct,direct,physical/other; inspect in context
item,10mm_casing,10mm Auto casing,2,0,dda,direct,direct,direct,physical/other; inspect in context
item,recurbow,modern recurve bow,2,0,dda,direct,direct,direct,physical/other; inspect in context
item,egg_lbass,roe,2,0,dda,looks_like,looks_like,looks_like,physical/other; inspect in context
item,egg_walleye,roe,2,0,dda,looks_like,looks_like,looks_like,physical/other; inspect in context
item,egg_burbot,roe,2,0,dda,looks_like,looks_like,looks_like,physical/other; inspect in context
item,egg_perch,roe,2,0,dda,looks_like,looks_like,looks_like,physical/other; inspect in context
item,egg_sbass,roe,2,0,dda,looks_like,looks_like,looks_like,physical/other; inspect in context
item,egg_green_sunfish,roe,2,0,dda,looks_like,looks_like,looks_like,physical/other; inspect in context
item,apartment_freezer,household freezer,2,0,dda,direct,direct,direct,physical/other; inspect in context
item,loom_frame,frame loom,2,0,dda,direct,direct,direct,physical/other; inspect in context
item,ukulele,ukulele,2,0,dda,direct,direct,direct,physical/other; inspect in context
item,violin,violin,2,0,dda,direct,direct,direct,physical/other; inspect in context
item,glasses_bal,ballistic glasses,2,0,dda,direct,direct,direct,physical/other; inspect in context
item,metal_RPG_die,metal RPG die,2,0,dda,direct,direct,direct,physical/other; inspect in context
item,32_ammo_box_50,.32 ACP ammo box,2,0,dda,looks_like,looks_like,looks_like,physical/other; inspect in context
item,wetsuit_gloves_thick,thick diving gloves (pair),2,0,dda,looks_like,looks_like,looks_like,physical/other; inspect in context
item,rapier_fake,rapier,2,0,dda,direct,direct,direct,physical/other; inspect in context
item,knife_combat_army,Bayonet,2,0,dda,looks_like,looks_like,looks_like,physical/other; inspect in context
item,egg_pumpkinseed,roe,2,0,dda,looks_like,looks_like,looks_like,physical/other; inspect in context
item,wool_staple,wool staple,2,0,dda,direct,direct,direct,physical/other; inspect in context
item,gloves_airsoft,airsoft gloves (pair),2,0,dda,looks_like,looks_like,looks_like,physical/other; inspect in context
item,book_judaica_siddur,Siddur,2,0,dda,looks_like,looks_like,looks_like,physical/other; inspect in context
terrain,t_grave_new,grave,2,0,dda,direct,direct,direct,physical/other; inspect in context
terrain,t_shrub_grape_harvested,grape bush,2,0,dda,direct,direct,direct,physical/other; inspect in context
terrain,t_shrub_goblin_fruit_spring,strange bush,2,0,xedra_evolved,direct,direct,direct,physical/other; inspect in context
terrain,t_fungus_floor_sup,fungal floor,2,0,dda,direct,direct,direct,physical/other; inspect in context
terrain,t_elevator_control_off,powerless controls,2,0,dda,direct,direct,direct,physical/other; inspect in context
terrain,t_door_metal_bulkhead_o,open bulkhead door,2,0,dda,direct,direct,direct,physical/other; inspect in context
terrain,t_railroad_crossing_signal,railroad crossing signal,2,0,dda,direct,direct,direct,physical/other; inspect in context
terrain,t_tree_pecan,pecan tree,2,0,dda,direct,direct,direct,physical/other; inspect in context
terrain,t_diesel_pump,diesel pump,2,0,dda,direct,direct,direct,physical/other; inspect in context
terrain,t_gate_metal_o,open metal gate,2,0,dda,direct,direct,direct,physical/other; inspect in context
terrain,t_shrub_goblin_fruit_autumn,strange bush,2,0,xedra_evolved,direct,direct,direct,physical/other; inspect in context
furniture,f_exodii_kiln,Exodii kiln,2,0,dda,looks_like,looks_like,looks_like,physical/other; inspect in context
furniture,f_topiary_abstract,abstract topiary,2,0,dda,direct,direct,direct,physical/other; inspect in context
furniture,f_12000_gasoline_generator,powerful gasoline generator,2,0,dda,direct,direct,direct,physical/other; inspect in context
furniture,f_mitresaw,mitre saw,2,0,dda,direct,direct,direct,physical/other; inspect in context
furniture,f_gas_tank,fuel tank,2,0,dda,direct,direct,direct,physical/other; inspect in context
furniture,f_gunsafe_c,closed gun safe,2,0,dda,direct,direct,direct,physical/other; inspect in context
furniture,f_exodii_signpost,pictographic signpost,2,0,dda,direct,direct,direct,physical/other; inspect in context
furniture,f_metal_butcher_rack,metal butchering rack,2,0,dda,direct,direct,direct,physical/other; inspect in context
furniture,f_ladder,wooden stepladder,2,0,dda,direct,direct,direct,physical/other; inspect in context
furniture,f_power_hammer,power hammer,2,0,dda,looks_like,looks_like,looks_like,physical/other; inspect in context
furniture,f_grave_stone_old,worn gravestone,2,0,dda,direct,direct,direct,physical/other; inspect in context
vehicle,engine_steam_small,,2,0,dda,direct,direct,direct,physical/other; inspect in context
vehicle,fuel_bunker,,2,0,dda,direct,direct,direct,physical/other; inspect in context
vehicle,counterweight,counterweight,2,0,dda,looks_like,looks_like,looks_like,physical/other; inspect in context
vehicle,folding_frame,,2,0,dda,direct,direct,direct,physical/other; inspect in context
vehicle,crane_small,telescopic crane,2,0,dda,direct,direct,direct,physical/other; inspect in context
trap,tr_beartrap,bear trap,2,0,dda,direct,direct,direct,physical/other; inspect in context
trap,tr_microlab_shifting_hall_2,microlab shifting hall,2,0,dda,direct,direct,direct,physical/other; inspect in context
item,techno_basic,Magitek Illustrated,1,0,magiclysm,looks_like,looks_like,looks_like,physical/other; inspect in context
item,matrix_crystal_telekinesis_artifact,"strange crystal, yellow",1,0,mindovermatter,looks_like,looks_like,looks_like,physical/other; inspect in context
item,guidebook,The Hitchhiker's Guide to the Cataclysm,1,0,dda,direct,direct,direct,physical/other; inspect in context
item,spiral_stone,spiral stone,1,0,dda,direct,direct,direct,physical/other; inspect in context
item,sheet_leather,leather sheet,1,0,dda,direct,direct,direct,physical/other; inspect in context
item,nre_recorder,NRE recorder,1,0,dda,direct,direct,direct,physical/other; inspect in context
item,hk_mp5k,H&K MP5K-PDW submachine gun,1,0,dda,direct,direct,direct,physical/other; inspect in context
item,schematics_dispatch_military,military dispatch schematics,1,0,dda,direct,direct,direct,physical/other; inspect in context
item,lab_file_serum_testing,production tests,1,0,dda,looks_like,looks_like,looks_like,physical/other; inspect in context
item,butane_tank,butane tank,1,0,dda,direct,direct,direct,physical/other; inspect in context
item,manual_swords,USMC Sword Manual Procedure,1,0,dda,direct,direct,direct,physical/other; inspect in context
item,benelli_tsa,6-round tactical shotgun,1,0,dda,looks_like,looks_like,looks_like,physical/other; inspect in context
item,recoil_stock,recoil stock,1,0,dda,direct,direct,direct,physical/other; inspect in context
item,shortbow,short bow,1,0,dda,direct,direct,direct,physical/other; inspect in context
item,largebroketent,large damaged tent,1,0,dda,direct,direct,direct,physical/other; inspect in context
item,flotation_vest,flotation vest,1,0,dda,direct,direct,direct,physical/other; inspect in context
item,sw642,.38 conceal carry revolver,1,0,dda,looks_like,looks_like,looks_like,physical/other; inspect in context
item,xedra_enviro_suit,activity suit,1,0,dda,looks_like,looks_like,looks_like,physical/other; inspect in context
item,xedra_artifact_cleansuit,S02a hazmat suit,1,0,dda,looks_like,looks_like,looks_like,physical/other; inspect in context
item,duster_glimmer_fur,glimmer fur duster,1,0,xedra_evolved,looks_like,looks_like,looks_like,physical/other; inspect in context
item,peridot_silver_pendant_necklace,peridot and silver pendant necklace,1,0,dda,direct,direct,direct,physical/other; inspect in context
item,opal_silver_cufflinks,opal and silver cufflinks,1,0,dda,direct,direct,direct,physical/other; inspect in context
item,goggles_nv,light amp goggles,1,0,dda,direct,direct,direct,physical/other; inspect in context
item,cloak_gossamer,gossamer cloak,1,0,xedra_evolved,looks_like,looks_like,looks_like,physical/other; inspect in context
item,socks_gossamer,pair of gossamer socks,1,0,xedra_evolved,looks_like,looks_like,looks_like,physical/other; inspect in context
item,pistol_flintlock,flintlock pistol,1,0,dda,direct,direct,direct,physical/other; inspect in context
item,clip303_5rd,.303 5-round charger clip,1,0,dda,looks_like,looks_like,looks_like,physical/other; inspect in context
item,p226_9mm,SIG P226 MK25 pistol,1,0,dda,direct,direct,direct,physical/other; inspect in context
item,rugerlcp,Ruger LCP pistol,1,0,dda,direct,direct,direct,physical/other; inspect in context
item,vac_oven_small,small vacuum oven,1,0,dda,direct,direct,direct,physical/other; inspect in context
item,gasket_plastic_set,plastic gasket set,1,0,dda,looks_like,looks_like,looks_like,physical/other; inspect in context
item,robe_wizard_gossamer,gossamer robe,1,0,xedra_evolved,looks_like,looks_like,looks_like,physical/other; inspect in context
item,tourmaline_silver_cufflinks,tourmaline and silver cufflinks,1,0,dda,direct,direct,direct,physical/other; inspect in context
item,alexandrite_silver_cufflinks,alexandrite and silver cufflinks,1,0,dda,direct,direct,direct,physical/other; inspect in context
item,sleeveless_duster_glimmer_fur,sleeveless glimmer fur duster,1,0,xedra_evolved,looks_like,looks_like,looks_like,physical/other; inspect in context
item,polesaw_off,pole saw (off),1,0,dda,looks_like,looks_like,looks_like,physical/other; inspect in context
item,monopoly,Capitalism,1,0,dda,direct,direct,direct,physical/other; inspect in context
item,book_nonf_hard_sports_hoop,Stratosphere: The Rise of Hoops,1,0,dda,direct,direct,direct,physical/other; inspect in context
item,bristol_sherry,Bristol Cream,1,0,dda,direct,direct,direct,physical/other; inspect in context
item,santa_hat,Santa hat,1,0,dda,looks_like,looks_like,looks_like,physical/other; inspect in context
item,hood_ninja,ninja hood,1,0,dda,direct,direct,direct,physical/other; inspect in context
item,soft_3a_vest,soft armor vest,1,0,dda,looks_like,looks_like,looks_like,physical/other; inspect in context
item,banner_starry_wisdom,banner of starry wisdom,1,0,xedra_evolved,direct,direct,direct,physical/other; inspect in context
item,banner_angry_darkness,banner of the angry darkness,1,0,xedra_evolved,direct,direct,direct,physical/other; inspect in context
item,jacket_light_gossamer,gossamer jacket,1,0,xedra_evolved,looks_like,looks_like,looks_like,physical/other; inspect in context
item,moons_tears_estoc,moon's tears estoc,1,0,xedra_evolved,direct,direct,direct,physical/other; inspect in context
item,bio_exodii_arm_bionic_basic_right,Bionic Right Arm (Cyberframe 1b),1,0,dda,looks_like,looks_like,looks_like,physical/other; inspect in context
item,bio_exodii_arm_bionic_basic_left,Bionic Left Arm (Cyberframe 1b),1,0,dda,looks_like,looks_like,looks_like,physical/other; inspect in context
item,bio_exodii_leg_bionic_basic_right,Bionic Right Leg (Cyberframe 1b),1,0,dda,looks_like,looks_like,looks_like,physical/other; inspect in context
item,bio_exodii_leg_bionic_basic_left,Bionic Left Leg (Cyberframe 1b),1,0,dda,looks_like,looks_like,looks_like,physical/other; inspect in context
item,bio_exodii_arm_bionic_basic_armored_right,Bionic Right Arm (Cyberframe 1a),1,0,dda,looks_like,looks_like,looks_like,physical/other; inspect in context
item,bio_exodii_arm_bionic_basic_armored_left,Bionic Left Arm (Cyberframe 1a),1,0,dda,looks_like,looks_like,looks_like,physical/other; inspect in context
item,bio_exodii_leg_bionic_basic_armored_right,Bionic Right Leg (Cyberframe 1a),1,0,dda,looks_like,looks_like,looks_like,physical/other; inspect in context
item,bio_exodii_leg_bionic_basic_armored_left,Bionic Left Leg (Cyberframe 1a),1,0,dda,looks_like,looks_like,looks_like,physical/other; inspect in context
item,bio_exodii_leg_bionic_treads,Bionic Treads (Cyberframe 1a),1,0,dda,looks_like,looks_like,looks_like,physical/other; inspect in context
item,grenade,grenade,1,0,dda,direct,direct,direct,physical/other; inspect in context
item,gambeson,padded gambeson,1,0,dda,direct,direct,direct,physical/other; inspect in context
item,leggings_thessalonian,cataphract leggings,1,0,dda,looks_like,looks_like,looks_like,physical/other; inspect in context
item,sword_xiphos,xiphos,1,0,dda,direct,direct,direct,physical/other; inspect in context
item,exodii_prybar,breacher,1,0,dda,looks_like,looks_like,looks_like,physical/other; inspect in context
item,mom_exodii_stungun_pistol,Onšut §A,1,0,mindovermatter,looks_like,looks_like,looks_like,physical/other; inspect in context
item,brogyeki,Exodii hand mortar,1,0,dda,direct,direct,direct,physical/other; inspect in context
item,khuunaofaai,Exodii ordnance cannon,1,0,dda,looks_like,looks_like,looks_like,physical/other; inspect in context
item,ree_33,exodii naval rifle,1,0,dda,looks_like,looks_like,looks_like,physical/other; inspect in context
item,exodii_plasma_projectile,Caotel Sr2.2 (Projectile),1,0,dda,looks_like,looks_like,looks_like,physical/other; inspect in context
item,bp_nomad_cowl,nomad cowl blueprint,1,0,dda,looks_like,looks_like,looks_like,physical/other; inspect in context
item,bp_nomad_bodyglove,nomad bodyglove blueprint,1,0,dda,looks_like,looks_like,looks_like,physical/other; inspect in context
item,bp_nomad_jumpsuit,nomad jumpsuit blueprint,1,0,dda,looks_like,looks_like,looks_like,physical/other; inspect in context
item,bio_watch,Internal Chronometer CBM,1,0,dda,direct,direct,direct,physical/other; inspect in context
item,bio_lighter,Finger Lighter CBM,1,0,dda,direct,direct,direct,physical/other; inspect in context
item,bio_fuel_cell_gasoline,Gasoline Fuel Cell CBM,1,0,dda,direct,direct,direct,physical/other; inspect in context
item,broken_exodii_quad,broken Exodii quadruped,1,0,dda,direct,direct,direct,physical/other; inspect in context
item,krar_golden,golden krar,1,0,dda,looks_like,looks_like,looks_like,physical/other; inspect in context
item,sandwich_jam,jam sandwich,1,0,dda,direct,direct,direct,physical/other; inspect in context
item,shocktonfa_off,tactical tonfa (off),1,0,dda,direct,direct,direct,physical/other; inspect in context
item,m79,M79 launcher,1,0,dda,direct,direct,direct,physical/other; inspect in context
item,book_nonf_hard_homemk_outkitchn,Best Signature Outdoor Kitchens,1,0,dda,direct,direct,direct,physical/other; inspect in context
item,holybook_talmud,Talmud,1,0,dda,direct,direct,direct,physical/other; inspect in context
item,blt,BLT,1,0,dda,direct,direct,direct,physical/other; inspect in context
item,mask_skull,skull mask,1,0,dda,direct,direct,direct,physical/other; inspect in context
item,fishspear,wooden fishing spear,1,0,dda,direct,direct,direct,physical/other; inspect in context
item,clownshoes,clown shoes (pair),1,0,dda,direct,direct,direct,physical/other; inspect in context
item,folded_bicycle,folded Bicycle,1,0,dda,looks_like,looks_like,looks_like,physical/other; inspect in context
item,holybook_hadith,Hadith,1,0,dda,direct,direct,direct,physical/other; inspect in context
item,poetic_edda,Poetic Edda,1,0,dda,looks_like,looks_like,looks_like,physical/other; inspect in context
item,wetsuit_pants,wetsuit pants,1,0,dda,direct,direct,direct,physical/other; inspect in context
item,arrow_field_point_fletched,wooden bodkin arrow,1,0,dda,direct,direct,direct,physical/other; inspect in context
item,bow_sight,five pin bow sight,1,0,dda,direct,direct,direct,physical/other; inspect in context
item,onyx_silver_tiara,onyx and silver tiara,1,0,dda,looks_like,looks_like,looks_like,physical/other; inspect in context
item,amethyst_silver_bracelet,amethyst and silver bracelet,1,0,dda,direct,direct,direct,physical/other; inspect in context
item,onyx_silver_cufflinks,onyx and silver cufflinks,1,0,dda,looks_like,looks_like,looks_like,physical/other; inspect in context
item,aquamarine_dental_grill,aquamarine dental grill,1,0,dda,direct,direct,direct,physical/other; inspect in context
item,citrine_silver_cufflinks,citrine and silver cufflinks,1,0,dda,direct,direct,direct,physical/other; inspect in context
item,diamond_silver_cufflinks,diamond and silver cufflinks,1,0,dda,direct,direct,direct,physical/other; inspect in context
item,aquamarine_silver_cufflinks,aquamarine and silver cufflinks,1,0,dda,direct,direct,direct,physical/other; inspect in context
item,sapphire_platinum_cufflinks,sapphire and platinum cufflinks,1,0,dda,direct,direct,direct,physical/other; inspect in context
item,blue_topaz_platinum_cufflinks,blue topaz and platinum cufflinks,1,0,dda,direct,direct,direct,physical/other; inspect in context
item,peridot_platinum_cufflinks,peridot and platinum cufflinks,1,0,dda,direct,direct,direct,physical/other; inspect in context
item,amethyst_silver_pendant_necklace,amethyst and silver pendant necklace,1,0,dda,direct,direct,direct,physical/other; inspect in context
item,onyx_silver_pendant_necklace,onyx and silver pendant necklace,1,0,dda,looks_like,looks_like,looks_like,physical/other; inspect in context
item,sapphire_platinum_bracelet,sapphire and platinum bracelet,1,0,dda,direct,direct,direct,physical/other; inspect in context
item,wooden_hair_beads,wooden hair beads,1,0,dda,looks_like,looks_like,looks_like,physical/other; inspect in context
item,amethyst_platinum_cufflinks,amethyst and platinum cufflinks,1,0,dda,direct,direct,direct,physical/other; inspect in context
item,tourmaline_platinum_cufflinks,tourmaline and platinum cufflinks,1,0,dda,direct,direct,direct,physical/other; inspect in context
item,mring_strength_1,ring of strength +1,1,0,magiclysm,looks_like,looks_like,looks_like,physical/other; inspect in context
item,dao_plus_one,dao +1,1,0,magiclysm,direct,direct,direct,physical/other; inspect in context
item,long_island,Long Island iced tea,1,0,dda,direct,direct,direct,physical/other; inspect in context
item,drink_beeknees,bee's knees,1,0,dda,direct,direct,direct,physical/other; inspect in context
item,acoustic_guitar,acoustic guitar,1,0,dda,direct,direct,direct,physical/other; inspect in context
item,livestock_scale,livestock scale,1,0,dda,looks_like,looks_like,looks_like,physical/other; inspect in context
item,kufi,kufi cap,1,0,dda,direct,direct,direct,physical/other; inspect in context
item,clock,clock,1,0,dda,direct,direct,direct,physical/other; inspect in context
item,drink_strawberry_surprise,strawberry surprise,1,0,dda,direct,direct,direct,physical/other; inspect in context
item,corpse_dermatik_victim,strange corpse,1,0,dda,looks_like,looks_like,looks_like,physical/other; inspect in context
item,backpack_tactical_large,large tactical backpack,1,0,dda,direct,direct,direct,physical/other; inspect in context
item,subwaymap,subway maintenance map,1,0,dda,direct,direct,direct,physical/other; inspect in context
item,book_nonf_hard_sports_bike,Legendary Bike Rides,1,0,dda,direct,direct,direct,physical/other; inspect in context
item,missing_poster_dog,missing dog poster,1,0,dda,direct,direct,direct,physical/other; inspect in context
item,holybook_slack,The Book of the SubGenius,1,0,dda,direct,direct,direct,physical/other; inspect in context
item,santa_dress_long,luxury Santa dress,1,0,dda,looks_like,looks_like,looks_like,physical/other; inspect in context
item,dnd,Blobs and Bandits,1,0,dda,direct,direct,direct,physical/other; inspect in context
item,uttarasanga,uttarasanga,1,0,dda,direct,direct,direct,physical/other; inspect in context
item,gartersheath2,garter double sheath,1,0,dda,looks_like,looks_like,looks_like,physical/other; inspect in context
item,book_fic_manga_hunter_x_hunter,Hunter x Hunter volume,1,0,dda,looks_like,looks_like,looks_like,physical/other; inspect in context
item,hazelnut_milk,hazelnut milk,1,0,dda,looks_like,looks_like,looks_like,physical/other; inspect in context
item,40x46mm_m1006,40x46mm M1006 sponge,1,0,dda,direct,direct,direct,physical/other; inspect in context
item,horchata,horchata,1,0,dda,looks_like,looks_like,looks_like,physical/other; inspect in context
item,btmp9mag_9x19mm_15,APC9 15-round magazine,1,0,dda,direct,direct,direct,physical/other; inspect in context
item,ruby_gold_earring,ruby and gold earrings (pair),1,0,dda,direct,direct,direct,physical/other; inspect in context
item,knuckle_brass,brass knuckles (pair),1,0,dda,direct,direct,direct,physical/other; inspect in context
item,summon_cats_spellbook,A Cat Cafe at Home!,1,0,magiclysm,looks_like,looks_like,looks_like,physical/other; inspect in context
item,xedra_microphone,NRE microphone,1,0,dda,direct,direct,direct,physical/other; inspect in context
item,altered_sunglasses,strange sunglasses,1,0,dda,looks_like,looks_like,looks_like,physical/other; inspect in context
item,folded_inflatable_boat,inflatable boat,1,0,dda,looks_like,looks_like,looks_like,physical/other; inspect in context
item,windrunning_spellbook,Born of a Gale: A Taxonomy of Air and Weather Spirits,1,0,magiclysm,looks_like,looks_like,looks_like,physical/other; inspect in context
item,liver,piece of raw liver,1,0,dda,direct,direct,direct,physical/other; inspect in context
item,bio_metabolics,Metabolic Interchange CBM,1,0,dda,direct,direct,direct,physical/other; inspect in context
item,bio_cable,Cable Charger System CBM,1,0,dda,direct,direct,direct,physical/other; inspect in context
item,bio_jointservo,Joint Servo CBM,1,0,dda,direct,direct,direct,physical/other; inspect in context
item,bio_digestion,Expanded Digestive System CBM,1,0,dda,direct,direct,direct,physical/other; inspect in context
item,bio_ups,Unified Power System CBM,1,0,dda,direct,direct,direct,physical/other; inspect in context
item,bio_recoil,Recoil Compensators CBM,1,0,dda,looks_like,looks_like,looks_like,physical/other; inspect in context
item,bio_taste_blocker,Taste Modifier CBM,1,0,dda,direct,direct,direct,physical/other; inspect in context
item,bio_geiger,Integrated Dosimeter CBM,1,0,dda,direct,direct,direct,physical/other; inspect in context
item,bio_synaptic_regen,Synaptic Regeneration System CBM,1,0,dda,direct,direct,direct,physical/other; inspect in context
item,bio_night,Artificial Night Generator CBM,1,0,dda,direct,direct,direct,physical/other; inspect in context
item,bio_lockpick,Fingerpick CBM,1,0,dda,direct,direct,direct,physical/other; inspect in context
item,bio_blood_anal,Blood Analysis CBM,1,0,dda,direct,direct,direct,physical/other; inspect in context
item,bio_ar,Integrated AR System CBM,1,0,dda,looks_like,looks_like,looks_like,physical/other; inspect in context
item,bio_ears,Enhanced Hearing CBM,1,0,dda,direct,direct,direct,physical/other; inspect in context
item,bio_teleport,Teleportation Unit CBM,1,0,dda,direct,direct,direct,physical/other; inspect in context
item,bio_razors,Fingertip Razors CBM,1,0,dda,direct,direct,direct,physical/other; inspect in context
item,bio_lampoil,Oil Generator CBM,1,0,dda,looks_like,looks_like,looks_like,physical/other; inspect in context
item,winter_gloves_army,army winter gloves (pair),1,0,dda,direct,direct,direct,physical/other; inspect in context
item,load_bearing_vest,load bearing vest,1,0,dda,looks_like,looks_like,looks_like,physical/other; inspect in context
item,grenade_pouch,grenade pouch,1,0,dda,direct,direct,direct,physical/other; inspect in context
item,parabolan_blouse,parabolan wool blouse,1,0,magiclysm,looks_like,looks_like,looks_like,physical/other; inspect in context
item,beast_sample,beast sample,1,0,dda,direct,direct,direct,physical/other; inspect in context
item,bio_membrane,Nictitating Membrane CBM,1,0,dda,direct,direct,direct,physical/other; inspect in context
item,bio_str_enhancer,Muscle Augmentation CBM,1,0,dda,direct,direct,direct,physical/other; inspect in context
item,bio_alarm,Alarm System CBM,1,0,dda,direct,direct,direct,physical/other; inspect in context
item,bio_soporific,Soporific Induction CBM,1,0,dda,direct,direct,direct,physical/other; inspect in context
item,broken_robofac_prototype,broken prototype robot,1,0,dda,direct,direct,direct,physical/other; inspect in context
item,eboshi,eboshi,1,0,dda,direct,direct,direct,physical/other; inspect in context
item,seed_pumpkin,pumpkin seeds,1,0,dda,direct,direct,direct,physical/other; inspect in context
item,seed_horseradish,horseradish seeds,1,0,dda,direct,direct,direct,physical/other; inspect in context
item,cable_speaker,speaker cable,1,0,dda,direct,direct,direct,physical/other; inspect in context
item,shotgun_s,single barrel shotgun,1,0,dda,direct,direct,direct,physical/other; inspect in context
item,v_reaper_item_advanced,advanced reaper,1,0,dda,direct,direct,direct,physical/other; inspect in context
item,robot_controls,robot driving unit,1,0,dda,direct,direct,direct,physical/other; inspect in context
item,v_planter_item_advanced,advanced seed drill,1,0,dda,direct,direct,direct,physical/other; inspect in context
item,arrow_wood_heavy,makeshift wooden arrow,1,0,dda,direct,direct,direct,physical/other; inspect in context
item,spear_copper,copper spear,1,0,dda,direct,direct,direct,physical/other; inspect in context
item,skewer_bone,bone skewer,1,0,dda,direct,direct,direct,physical/other; inspect in context
item,copper_ax,copper hatchet,1,0,dda,direct,direct,direct,physical/other; inspect in context
item,xs_legguard_scrap,scrap leg guards (pair),1,0,dda,looks_like,looks_like,looks_like,physical/other; inspect in context
item,xs_boots_scrap,scrap boots (pair),1,0,dda,looks_like,looks_like,looks_like,physical/other; inspect in context
item,xs_cuirass_scrap,scrap cuirass,1,0,dda,looks_like,looks_like,looks_like,physical/other; inspect in context
item,diesel_generator,diesel generator,1,0,dda,direct,direct,direct,physical/other; inspect in context
item,slingshot,slingshot,1,0,dda,direct,direct,direct,physical/other; inspect in context
item,iceaxe,ice axe,1,0,dda,direct,direct,direct,physical/other; inspect in context
item,beach_volleyball,beach volleyball,1,0,dda,direct,direct,direct,physical/other; inspect in context
item,grim_reaper_robe,grim reaper's robe,1,0,dda,looks_like,looks_like,looks_like,physical/other; inspect in context
item,tanned_pelt,tanned pelt,1,0,dda,direct,direct,direct,physical/other; inspect in context
item,cheerleader_top_short,short cheerleader tank top,1,0,dda,looks_like,looks_like,looks_like,physical/other; inspect in context
item,laser_sight,underbarrel laser sight,1,0,dda,direct,direct,direct,physical/other; inspect in context
item,high_density_capacitor,high density capacitor,1,0,dda,direct,direct,direct,physical/other; inspect in context
item,plasma,solid hydrogen canister,1,0,dda,direct,direct,direct,physical/other; inspect in context
item,ammunition_can_50,ammo can,1,0,dda,direct,direct,direct,physical/other; inspect in context
item,EOD_hotstick,EOD hot stick,1,0,dda,looks_like,looks_like,looks_like,physical/other; inspect in context
item,effective_emitter,effective emitter,1,0,dda,direct,direct,direct,physical/other; inspect in context
item,m60,M60 machine gun,1,0,dda,direct,direct,direct,physical/other; inspect in context
item,308_ammo_box_100,.308/7.62x51 ammo box,1,0,dda,looks_like,looks_like,looks_like,physical/other; inspect in context
item,mag_launcher,High Explosives Quarterly,1,0,dda,direct,direct,direct,physical/other; inspect in context
item,journeyman_enchanting,The Journeyman Enchanter's Primer,1,0,magiclysm,looks_like,looks_like,looks_like,physical/other; inspect in context
item,still,still,1,0,dda,direct,direct,direct,physical/other; inspect in context
item,scabbard,scabbard,1,0,dda,direct,direct,direct,physical/other; inspect in context
item,survivor_machete_qt,tempered steel combat machete,1,0,dda,looks_like,looks_like,looks_like,physical/other; inspect in context
item,gloves_fingerless_mod,armored fingerless leather gloves (pair),1,0,dda,direct,direct,direct,physical/other; inspect in context
item,wrapper_wyld,candy wrapper,1,0,xedra_evolved,looks_like,looks_like,looks_like,physical/other; inspect in context
item,wyld_candy,wyld candy,1,0,xedra_evolved,direct,direct,direct,physical/other; inspect in context
item,raging_bull,Taurus Raging Bull,1,0,dda,direct,direct,direct,physical/other; inspect in context
item,leg_small_bag,small leg pouch,1,0,dda,looks_like,looks_like,looks_like,physical/other; inspect in context
item,pike_fake,pike,1,0,dda,direct,direct,direct,physical/other; inspect in context
item,armor_junk_plate,junk ornamental plate armor,1,0,dda,looks_like,looks_like,looks_like,physical/other; inspect in context
item,helmet_plate,great helm,1,0,dda,direct,direct,direct,physical/other; inspect in context
item,drink_pinacolada,piña colada,1,0,dda,looks_like,looks_like,looks_like,physical/other; inspect in context
item,drink_wild_apple,wild apple,1,0,dda,direct,direct,direct,physical/other; inspect in context
item,chalice,gold chalice,1,0,dda,direct,direct,direct,physical/other; inspect in context
item,cavalry_sabre_fake,cavalry saber,1,0,dda,direct,direct,direct,physical/other; inspect in context
item,book_nonf_hard_homemk_loverms,Rooms We Love,1,0,dda,direct,direct,direct,physical/other; inspect in context
item,gold_medal,gold medal,1,0,dda,direct,direct,direct,physical/other; inspect in context
item,foot_locker,steel foot locker,1,0,dda,looks_like,looks_like,looks_like,physical/other; inspect in context
item,shark_plushie,shark plushie,1,0,dda,direct,direct,direct,physical/other; inspect in context
item,knife_KABAR,KA-BAR knife,1,0,dda,looks_like,looks_like,looks_like,physical/other; inspect in context
item,labmap,handwritten note,1,0,dda,direct,direct,direct,physical/other; inspect in context
item,bookstrap,bookstrap,1,0,dda,looks_like,looks_like,looks_like,physical/other; inspect in context
item,bolt_simple_small_game,simple wooden small game bolt,1,0,dda,direct,direct,direct,physical/other; inspect in context
item,bolt_makeshift,makeshift wooden bolt,1,0,dda,direct,direct,direct,physical/other; inspect in context
item,blueberries,handful of blueberries,1,0,dda,direct,direct,direct,physical/other; inspect in context
item,drive_by_wire_controls,drive by wire controls,1,0,dda,direct,direct,direct,physical/other; inspect in context
item,amethyst_silver_ring,amethyst and silver ring,1,0,dda,direct,direct,direct,physical/other; inspect in context
item,cookbook_bloodforgood,Blood for the Greater Good,1,0,dda,looks_like,looks_like,looks_like,physical/other; inspect in context
item,tainted_marrow,portion of tainted bone marrow,1,0,dda,direct,direct,direct,physical/other; inspect in context
item,hat_chef,toque,1,0,dda,direct,direct,direct,physical/other; inspect in context
item,300blk_ss,.300 AAC Blackout subsonic,1,0,dda,direct,direct,direct,physical/other; inspect in context
item,manual_melee,Close Quarter Fighting Manual,1,0,dda,direct,direct,direct,physical/other; inspect in context
item,762_51_incendiary,7.62x51mm NATO tracer,1,0,dda,direct,direct,direct,physical/other; inspect in context
item,eyepatch_leather,leather eyepatch,1,0,dda,direct,direct,direct,physical/other; inspect in context
item,book_fic_manga_naruto,Naruto volume,1,0,dda,looks_like,looks_like,looks_like,physical/other; inspect in context
item,primer_tray,primer tray,1,0,dda,looks_like,looks_like,looks_like,physical/other; inspect in context
item,mp_15_22,modern varmint rifle,1,0,dda,looks_like,looks_like,looks_like,physical/other; inspect in context
item,box_retool_sbr,SBR conversion kit,1,0,dda,looks_like,looks_like,looks_like,physical/other; inspect in context
item,single_sling,single point sling,1,0,dda,looks_like,looks_like,looks_like,physical/other; inspect in context
item,38_special_p,.38 Special +P,1,0,dda,looks_like,looks_like,looks_like,physical/other; inspect in context
item,300_ammo_box_20,.300 Winchester Magnum ammo box,1,0,dda,looks_like,looks_like,looks_like,physical/other; inspect in context
item,p320mag_10rd_9x19mm,service handgun 10-round magazine,1,0,dda,direct,direct,direct,physical/other; inspect in context
item,45colt_ammo_box_50,.45 Colt ammo box,1,0,dda,looks_like,looks_like,looks_like,physical/other; inspect in context
item,762_ammo_box_500,7.62x39mm ammo box,1,0,dda,looks_like,looks_like,looks_like,physical/other; inspect in context
item,762_m87,7.62x39mm FMJ,1,0,dda,direct,direct,direct,physical/other; inspect in context
item,454_ammo_box_20,.454 Casull ammo box,1,0,dda,looks_like,looks_like,looks_like,physical/other; inspect in context
item,454_Casull,.454 Casull JSP,1,0,dda,direct,direct,direct,physical/other; inspect in context
item,40_ammo_box_20,.40 S&W ammo box,1,0,dda,looks_like,looks_like,looks_like,physical/other; inspect in context
item,enfield_303mag,10-round Enfield magazine,1,0,dda,looks_like,looks_like,looks_like,physical/other; inspect in context
item,akmag10,AK 10-round magazine,1,0,dda,direct,direct,direct,physical/other; inspect in context
item,shotgun_d,double-barreled shotgun,1,0,dda,direct,direct,direct,physical/other; inspect in context
item,garandclip,M1 Garand 8-round clip,1,0,dda,direct,direct,direct,physical/other; inspect in context
item,gunpowder_pistol,smokeless pistol powder,1,0,dda,direct,direct,direct,physical/other; inspect in context
item,ksub2000,folding Glock carbine,1,0,dda,direct,direct,direct,physical/other; inspect in context
item,ppq9mag_10rd,PPQ 9x19mm 10-round magazine,1,0,dda,direct,direct,direct,physical/other; inspect in context
item,hptjhpmag,Model JHP 9-round magazine,1,0,dda,direct,direct,direct,physical/other; inspect in context
item,ruger_1022,varmint rifle,1,0,dda,direct,direct,direct,physical/other; inspect in context
item,sks,SKS rifle,1,0,dda,direct,direct,direct,physical/other; inspect in context
item,inter_bayonet,integrated bayonet,1,0,dda,direct,direct,direct,physical/other; inspect in context
item,sig_mosquito,Firefly training pistol,1,0,dda,direct,direct,direct,physical/other; inspect in context
item,eshaper_spellbook_tool,One Spell is All You Need!,1,0,magiclysm,looks_like,looks_like,looks_like,physical/other; inspect in context
item,m1014,7-round auto-loading combat shotgun,1,0,dda,direct,direct,direct,physical/other; inspect in context
item,modular_m16a4,M16 burst rifle,1,0,dda,looks_like,looks_like,looks_like,physical/other; inspect in context
item,corpse_child_gunned,corpse,1,0,dda,direct,direct,direct,physical/other; inspect in context
item,corpse_painful,corpse,1,0,dda,direct,direct,direct,physical/other; inspect in context
item,corpse_halved_upper,corpse,1,0,dda,direct,direct,direct,physical/other; inspect in context
item,corpse_scorched,corpse,1,0,dda,direct,direct,direct,physical/other; inspect in context
item,corpse_generic_girl,corpse,1,0,dda,direct,direct,direct,physical/other; inspect in context
item,corpse_generic_boy,corpse,1,0,dda,direct,direct,direct,physical/other; inspect in context
item,38super_casing,.38 Super casing,1,0,dda,direct,direct,direct,physical/other; inspect in context
item,drink_martini,martini,1,0,dda,direct,direct,direct,physical/other; inspect in context
item,seed_raspberries,raspberry seeds,1,0,dda,direct,direct,direct,physical/other; inspect in context
item,seed_oats,oat seeds,1,0,dda,direct,direct,direct,physical/other; inspect in context
item,seed_potato_raw,seed potatoes,1,0,dda,direct,direct,direct,physical/other; inspect in context
item,seed_blackberries,blackberry seeds,1,0,dda,direct,direct,direct,physical/other; inspect in context
item,seed_broccoli,broccoli seeds,1,0,dda,direct,direct,direct,physical/other; inspect in context
item,seed_flower,decorative plant seeds,1,0,dda,direct,direct,direct,physical/other; inspect in context
item,foon,foon,1,0,dda,direct,direct,direct,physical/other; inspect in context
item,silver_small,silver,1,0,dda,direct,direct,direct,physical/other; inspect in context
item,marlin_9a,small game rifle,1,0,dda,direct,direct,direct,physical/other; inspect in context
item,varmint_airgun,varmint air rifle,1,0,dda,looks_like,looks_like,looks_like,physical/other; inspect in context
item,airgun_pellet_hunting,air rifle hunting pellet,1,0,dda,looks_like,looks_like,looks_like,physical/other; inspect in context
item,buylocalpamphlet,buy local pamphlet,1,0,dda,direct,direct,direct,physical/other; inspect in context
item,glock_21,Glock pistol,1,0,dda,direct,direct,direct,physical/other; inspect in context
item,glock_21mag26,Glock .45 26-round magazine,1,0,dda,direct,direct,direct,physical/other; inspect in context
item,glock_21mag,Glock .45 13-round magazine,1,0,dda,direct,direct,direct,physical/other; inspect in context
item,garnet_gold_earring,garnet and gold earrings (pair),1,0,dda,direct,direct,direct,physical/other; inspect in context
item,compbow,compound hunting bow,1,0,dda,direct,direct,direct,physical/other; inspect in context
item,glock_22,Glock 22 pistol,1,0,dda,direct,direct,direct,physical/other; inspect in context
item,broken_turret_searchlight,broken milspec searchlight,1,0,dda,looks_like,looks_like,looks_like,physical/other; inspect in context
item,gold_small,gold,1,0,dda,direct,direct,direct,physical/other; inspect in context
item,binder_top,binder,1,0,dda,looks_like,looks_like,looks_like,physical/other; inspect in context
item,book_fic_manga_jojo,JoJo's Bizarre Adventure volume,1,0,dda,looks_like,looks_like,looks_like,physical/other; inspect in context
item,id_military,military ID card,1,0,dda,direct,direct,direct,physical/other; inspect in context
item,sarcophagus_access_code,sarcophagus access code,1,0,dda,direct,direct,direct,physical/other; inspect in context
item,plutonium,chunk of plutonium,1,0,dda,direct,direct,direct,physical/other; inspect in context
item,57mm_ss,5.7x28mm FMJ BT,1,0,dda,looks_like,looks_like,looks_like,physical/other; inspect in context
item,ump45mag,UMP-45 25-round magazine,1,0,dda,direct,direct,direct,physical/other; inspect in context
item,crossbow,wood crossbow,1,0,dda,direct,direct,direct,physical/other; inspect in context
item,steam_triple_medium,medium steam engine,1,0,dda,direct,direct,direct,physical/other; inspect in context
item,cleansuit,cleansuit,1,0,dda,direct,direct,direct,physical/other; inspect in context
item,bot_hazmatbot,inactive cleaner bot,1,0,dda,direct,direct,direct,physical/other; inspect in context
item,manual_throw,The Complete Guide to Pitching,1,0,dda,direct,direct,direct,physical/other; inspect in context
item,manual_mma_pokken,Pocket Monster Encyclopedia,1,0,MMA,direct,direct,direct,physical/other; inspect in context
item,ski_bib,ski bib,1,0,dda,looks_like,looks_like,looks_like,physical/other; inspect in context
item,hb_beer,homebrew beer,1,0,dda,direct,direct,direct,physical/other; inspect in context
item,dandelion_wine,dandelion wine,1,0,dda,direct,direct,direct,physical/other; inspect in context
item,hops,hops flower,1,0,dda,direct,direct,direct,physical/other; inspect in context
item,scythe_toy,grim reaper's scythe,1,0,dda,direct,direct,direct,physical/other; inspect in context
item,summon_undead_spellbook,Necromantic Minions for Dummies,1,0,magiclysm,direct,direct,direct,physical/other; inspect in context
item,distilling_cookbook,Out of the Holler and into the Home: A guide to home distillation,1,0,dda,direct,direct,direct,physical/other; inspect in context
item,santa_gloves,Santa gloves (pair),1,0,dda,looks_like,looks_like,looks_like,physical/other; inspect in context
item,citrine_silver_earring,citrine and silver earrings (pair),1,0,dda,direct,direct,direct,physical/other; inspect in context
item,mancala,mancala set,1,0,dda,direct,direct,direct,physical/other; inspect in context
item,g_warhammer40k,Battlehammer 20k,1,0,dda,direct,direct,direct,physical/other; inspect in context
item,citrine,citrine,1,0,dda,direct,direct,direct,physical/other; inspect in context
item,nachosv,vegetarian nachos,1,0,dda,direct,direct,direct,physical/other; inspect in context
item,rad_monitor,radiation biomonitor,1,0,dda,direct,direct,direct,physical/other; inspect in context
item,textbook_anarch,AAA Guide,1,0,dda,direct,direct,direct,physical/other; inspect in context
item,egg_turkey,wild turkey egg,1,0,dda,direct,direct,direct,physical/other; inspect in context
item,software_hacking,hackPRO,1,0,dda,direct,direct,direct,electronic file; not a physical floor object
item,software_medical,MediSoft,1,0,dda,direct,direct,direct,electronic file; not a physical floor object
item,ground_solar_panel,solar panel array,1,0,dda,looks_like,looks_like,looks_like,physical/other; inspect in context
item,egg_duck,mallard egg,1,0,dda,direct,direct,direct,physical/other; inspect in context
item,arrow_fire_hardened_fletched,crude wooden arrow,1,0,dda,direct,direct,direct,physical/other; inspect in context
item,wizard_cane,wizard cane (off),1,0,dda,looks_like,looks_like,looks_like,physical/other; inspect in context
item,pearl_platinum_earring,pearl and platinum earrings (pair),1,0,dda,direct,direct,direct,physical/other; inspect in context
item,sleeveless_duster_faux_fur,sleeveless faux fur duster,1,0,dda,direct,direct,direct,physical/other; inspect in context
item,pictionary,Picturesque,1,0,dda,direct,direct,direct,physical/other; inspect in context
item,kukri,kukri,1,0,dda,direct,direct,direct,physical/other; inspect in context
item,squeeze_tube,10.1 ounce squeeze tube,1,0,dda,direct,direct,direct,physical/other; inspect in context
item,mahjong,mahjong set,1,0,dda,direct,direct,direct,physical/other; inspect in context
item,waist_apron_long,long waist apron,1,0,dda,looks_like,looks_like,looks_like,physical/other; inspect in context
item,can_sealer,can sealer,1,0,dda,direct,direct,direct,physical/other; inspect in context
item,european_comic,european comic,1,0,dda,looks_like,looks_like,looks_like,physical/other; inspect in context
item,cloak_vampire,sinister cloak (black),1,0,dda,direct,direct,direct,physical/other; inspect in context
item,ear_spool,plug,1,0,dda,direct,direct,direct,physical/other; inspect in context
item,robe_wizard,wizard robe,1,0,dda,direct,direct,direct,physical/other; inspect in context
item,holybook_catechism2,Westminster Catechism,1,0,dda,looks_like,looks_like,looks_like,physical/other; inspect in context
item,vac_pump,vacuum pump,1,0,dda,direct,direct,direct,physical/other; inspect in context
item,mummy_dress,mummy dress,1,0,dda,looks_like,looks_like,looks_like,physical/other; inspect in context
item,manual_krav_maga,Complete Krav Maga,1,0,dda,direct,direct,direct,physical/other; inspect in context
item,judo_belt_blue,blue belt,1,0,dda,direct,direct,direct,physical/other; inspect in context
item,judo_belt_orange,orange belt,1,0,dda,direct,direct,direct,physical/other; inspect in context
item,q_staff,quarterstaff,1,0,dda,direct,direct,direct,physical/other; inspect in context
item,ch_katana,hardened steel katana,1,0,dda,looks_like,looks_like,looks_like,physical/other; inspect in context
item,faux_fur_cat_ears,faux fur cat ears (pair),1,0,dda,direct,direct,direct,physical/other; inspect in context
item,manhole_cover,manhole cover,1,0,dda,direct,direct,direct,physical/other; inspect in context
item,chimes,chime loudspeakers,1,0,dda,direct,direct,direct,physical/other; inspect in context
item,egg_carp,roe,1,0,dda,looks_like,looks_like,looks_like,physical/other; inspect in context
item,egg_sturgeon_lake,roe,1,0,dda,looks_like,looks_like,looks_like,physical/other; inspect in context
item,egg_pbass,roe,1,0,dda,looks_like,looks_like,looks_like,physical/other; inspect in context
item,egg_grass_carp,roe,1,0,dda,looks_like,looks_like,looks_like,physical/other; inspect in context
item,egg_warmouth,roe,1,0,dda,looks_like,looks_like,looks_like,physical/other; inspect in context
item,grapnel,grappling hook,1,0,dda,direct,direct,direct,physical/other; inspect in context
item,bikini_top_fur,fur bikini top,1,0,dda,direct,direct,direct,physical/other; inspect in context
item,frame_wood_deck,skateboard deck,1,0,dda,looks_like,looks_like,looks_like,physical/other; inspect in context
item,wheel_mount_skateboard,skateboard trucks (pair),1,0,dda,direct,direct,direct,physical/other; inspect in context
item,arc_furnace,disconnected arc furnace,1,0,dda,looks_like,looks_like,looks_like,physical/other; inspect in context
item,shed_stick,wooden shed stick,1,0,dda,direct,direct,direct,physical/other; inspect in context
item,drill_press,disconnected drill press,1,0,dda,looks_like,looks_like,looks_like,physical/other; inspect in context
item,football_armor,football armor,1,0,dda,direct,direct,direct,physical/other; inspect in context
item,dynamite,dynamite,1,0,dda,direct,direct,direct,physical/other; inspect in context
item,mring_wizardry_minor,minor ring of wizardry,1,0,magiclysm,looks_like,looks_like,looks_like,physical/other; inspect in context
item,bolt_metal,makeshift metal bolt,1,0,dda,direct,direct,direct,physical/other; inspect in context
item,saxophone,saxophone,1,0,dda,direct,direct,direct,physical/other; inspect in context
item,fencing_epee,fencing épée,1,0,dda,direct,direct,direct,physical/other; inspect in context
item,onyx_silver_bracelet,onyx and silver bracelet,1,0,dda,looks_like,looks_like,looks_like,physical/other; inspect in context
item,pot_aluminum,aluminum pot,1,0,dda,direct,direct,direct,physical/other; inspect in context
item,book_nonf_hard_homemk_handshome,The Hands-On Home,1,0,dda,direct,direct,direct,physical/other; inspect in context
item,seed_garlic,garlic seeds,1,0,dda,direct,direct,direct,physical/other; inspect in context
item,wheat,wheat,1,0,dda,direct,direct,direct,physical/other; inspect in context
item,corn,corn cob,1,0,dda,direct,direct,direct,physical/other; inspect in context
item,ruby_silver_cufflinks,ruby and silver cufflinks,1,0,dda,direct,direct,direct,physical/other; inspect in context
item,duffelbag_l_poly,large duffel bag,1,0,dda,looks_like,looks_like,looks_like,physical/other; inspect in context
item,manual_silat,The Indonesian Warrior,1,0,dda,direct,direct,direct,physical/other; inspect in context
item,380_p,.380 ACP +P,1,0,dda,direct,direct,direct,physical/other; inspect in context
item,cookbook_turkish,The Turkish Cookbook,1,0,dda,looks_like,looks_like,looks_like,physical/other; inspect in context
item,corpse_half_beheaded,corpse,1,0,dda,direct,direct,direct,physical/other; inspect in context
item,onyx_platinum_earring,onyx and platinum earrings (pair),1,0,dda,looks_like,looks_like,looks_like,physical/other; inspect in context
item,holybook_upanishads,The Upanishads,1,0,dda,direct,direct,direct,physical/other; inspect in context
item,grocerybrochure,food shopping advertising brochure,1,0,dda,direct,direct,direct,physical/other; inspect in context
item,500_casing,.500 S&W Magnum casing,1,0,dda,direct,direct,direct,physical/other; inspect in context
item,i6_diesel,6 L I6 diesel engine,1,0,dda,direct,direct,direct,physical/other; inspect in context
item,cantilever_medium,steel boom,1,0,dda,direct,direct,direct,physical/other; inspect in context
item,remington_1100,4-round semi-auto fowling shotgun,1,0,dda,direct,direct,direct,physical/other; inspect in context
item,lock,small lock and key,1,0,dda,direct,direct,direct,physical/other; inspect in context
item,box_retool,standard rifle conversion kit,1,0,dda,looks_like,looks_like,looks_like,physical/other; inspect in context
item,rifle_case_soft_leather,leather rifle case,1,0,dda,direct,direct,direct,physical/other; inspect in context
item,aksemi,AK-47 rifle,1,0,dda,direct,direct,direct,physical/other; inspect in context
item,9mm_ammo_box_250,9mm ammo box,1,0,dda,direct,direct,direct,physical/other; inspect in context
item,223_ammo_box_50,.223/5.56 ammo box,1,0,dda,direct,direct,direct,physical/other; inspect in context
item,40_ammo_box_500,.40 S&W ammo box,1,0,dda,looks_like,looks_like,looks_like,physical/other; inspect in context
item,338_ammo_box_20,.338 Lapua Magnum ammo box,1,0,dda,looks_like,looks_like,looks_like,physical/other; inspect in context
item,45_ammo_box_500,.45 ACP ammo box,1,0,dda,direct,direct,direct,physical/other; inspect in context
item,357_ammo_box_50,.357 Magnum ammo box,1,0,dda,looks_like,looks_like,looks_like,physical/other; inspect in context
item,38_ammo_box_500,.38 Special ammo box,1,0,dda,direct,direct,direct,physical/other; inspect in context
item,remington_870,5-round hunting shotgun,1,0,dda,direct,direct,direct,physical/other; inspect in context
item,hpt3895,.380 ACP pistol-caliber carbine,1,0,dda,looks_like,looks_like,looks_like,physical/other; inspect in context
item,mp_15,sporter AR rifle,1,0,dda,looks_like,looks_like,looks_like,physical/other; inspect in context
item,fishing_rod_2pc_packed,two-piece fishing rod (packed),1,0,dda,direct,direct,direct,physical/other; inspect in context
item,glowplug,glow plug,1,0,dda,direct,direct,direct,physical/other; inspect in context
item,1cyl_combustion_small,0.02 L small 1-cylinder engine,1,0,dda,direct,direct,direct,physical/other; inspect in context
item,wheel_barrow,wheelbarrow wheel,1,0,dda,direct,direct,direct,physical/other; inspect in context
item,silver_hair_beads,silver hair beads,1,0,dda,looks_like,looks_like,looks_like,physical/other; inspect in context
item,household_washing_machine,household washing machine,1,0,dda,direct,direct,direct,physical/other; inspect in context
item,oven,disconnected oven,1,0,dda,direct,direct,direct,physical/other; inspect in context
item,aluminum_pan,aluminum frying pan,1,0,dda,direct,direct,direct,physical/other; inspect in context
item,cloak_black,dark cloak,1,0,dda,direct,direct,direct,physical/other; inspect in context
item,apartment_fridge,household fridge,1,0,dda,looks_like,looks_like,looks_like,physical/other; inspect in context
item,citrine_gold_earring,citrine and gold earrings (pair),1,0,dda,direct,direct,direct,physical/other; inspect in context
item,book_fic_manga_jujutsu_kaisen,Jujutsu Kaisen volume,1,0,dda,looks_like,looks_like,looks_like,physical/other; inspect in context
item,book_fic_manga_gintama,Gintama volume,1,0,dda,looks_like,looks_like,looks_like,physical/other; inspect in context
item,bbholster,belly band holster,1,0,dda,looks_like,looks_like,looks_like,physical/other; inspect in context
item,bee_dress,bee dress,1,0,dda,looks_like,looks_like,looks_like,physical/other; inspect in context
item,childnote,child's note,1,0,dda,direct,direct,direct,physical/other; inspect in context
item,emerald_gold_earring,emerald and gold earrings (pair),1,0,dda,direct,direct,direct,physical/other; inspect in context
item,soybean_seed,soybean seeds,1,0,dda,direct,direct,direct,physical/other; inspect in context
item,platinum_ring,platinum ring,1,0,dda,direct,direct,direct,physical/other; inspect in context
item,egg_robin,American robin egg,1,0,dda,direct,direct,direct,physical/other; inspect in context
item,pom_poms,pom poms (pair),1,0,dda,direct,direct,direct,physical/other; inspect in context
item,bunker_coat,turnout coat,1,0,dda,direct,direct,direct,physical/other; inspect in context
item,bunker_pants,turnout trousers,1,0,dda,direct,direct,direct,physical/other; inspect in context
item,boots_bunker,turnout boots (pair),1,0,dda,direct,direct,direct,physical/other; inspect in context
item,mask_bunker,firefighter respirator mask,1,0,dda,direct,direct,direct,physical/other; inspect in context
item,jacket_army_modern,combat blouse,1,0,dda,looks_like,looks_like,looks_like,physical/other; inspect in context
item,canteen_pouch,canteen pouch,1,0,dda,looks_like,looks_like,looks_like,physical/other; inspect in context
item,heavy_load_bearing_vest,heavy load bearing vest,1,0,dda,looks_like,looks_like,looks_like,physical/other; inspect in context
item,military_poncho_heavy,heavy military poncho,1,0,dda,looks_like,looks_like,looks_like,physical/other; inspect in context
item,kevlar_harness,Kevlar dog harness,1,0,dda,direct,direct,direct,physical/other; inspect in context
item,egg_pike,roe,1,0,dda,looks_like,looks_like,looks_like,physical/other; inspect in context
item,egg_white_catfish,roe,1,0,dda,looks_like,looks_like,looks_like,physical/other; inspect in context
item,pine_wine,pine wine,1,0,dda,direct,direct,direct,physical/other; inspect in context
item,bow_stabilizer,bow stabilizer,1,0,dda,direct,direct,direct,physical/other; inspect in context
item,skull_canis_medium,small canine skull,1,0,dda,direct,direct,direct,physical/other; inspect in context
item,badge_doctor,doctor badge,1,0,dda,direct,direct,direct,physical/other; inspect in context
item,bolt_wood_small_game,wooden small game bolt,1,0,dda,direct,direct,direct,physical/other; inspect in context
item,machete_gimmick,machete multitool,1,0,dda,direct,direct,direct,physical/other; inspect in context
item,ruger_mk4,Ruger target pistol,1,0,dda,direct,direct,direct,physical/other; inspect in context
item,character_sheet,character sheet,1,0,dda,direct,direct,direct,physical/other; inspect in context
item,arvore_sample,arvore sample,1,0,xedra_evolved,looks_like,looks_like,looks_like,physical/other; inspect in context
item,combat_shirt,combat shirt,1,0,dda,looks_like,looks_like,looks_like,physical/other; inspect in context
item,tactical_shotshell_pouch,tactical shotshell pouch,1,0,dda,looks_like,looks_like,looks_like,physical/other; inspect in context
item,military_poncho,military poncho,1,0,dda,looks_like,looks_like,looks_like,physical/other; inspect in context
item,light_load_bearing_vest,light load bearing vest,1,0,dda,looks_like,looks_like,looks_like,physical/other; inspect in context
item,rmi2_corpse,desiccated corpse,1,0,dda,direct,direct,direct,physical/other; inspect in context
item,seed_barley,barley seeds,1,0,dda,direct,direct,direct,physical/other; inspect in context
item,seed_cabbage,cabbage seeds,1,0,dda,direct,direct,direct,physical/other; inspect in context
item,helmet_ball,baseball helmet,1,0,dda,direct,direct,direct,physical/other; inspect in context
item,holybook_tripitaka,The Tripitaka,1,0,dda,direct,direct,direct,physical/other; inspect in context
item,vampire_fangs,vampire fangs,1,0,dda,looks_like,looks_like,looks_like,physical/other; inspect in context
item,sf_watch,fancy watch,1,0,dda,direct,direct,direct,physical/other; inspect in context
item,cookbook_liverforkids,Liver-Licious Recipes Your Kids Will Love,1,0,dda,direct,direct,direct,physical/other; inspect in context
item,retool_ar15_300blk_short,SBR .300BLK upper receiver,1,0,dda,looks_like,looks_like,looks_like,physical/other; inspect in context
item,golf_club,golf club,1,0,dda,direct,direct,direct,physical/other; inspect in context
item,modular_deagle,Desert Eagle pistol,1,0,dda,direct,direct,direct,physical/other; inspect in context
item,deaglemag,Desert Eagle .44 8-round magazine,1,0,dda,direct,direct,direct,physical/other; inspect in context
item,matrix_crystal_vitakinesis,"strange crystal, green",1,0,mindovermatter,direct,direct,direct,physical/other; inspect in context
item,12_ammo_box_100,12 gauge ammo box,1,0,dda,direct,direct,direct,physical/other; inspect in context
item,old_key,key,1,0,dda,direct,direct,direct,physical/other; inspect in context
item,wool_suit_devil,devil onesie,1,0,dda,looks_like,looks_like,looks_like,physical/other; inspect in context
item,airsoft_helmet,airsoft helmet,1,0,dda,looks_like,looks_like,looks_like,physical/other; inspect in context
item,wetsuit_shorts,wetsuit shorts,1,0,dda,looks_like,looks_like,looks_like,physical/other; inspect in context
item,dieselpunk_tailor,Dieselpunk Designs,1,0,dda,looks_like,looks_like,looks_like,physical/other; inspect in context
item,book_judaica_softcover,Judaica softcover,1,0,dda,looks_like,looks_like,looks_like,physical/other; inspect in context
item,v12_diesel,7 L V12 diesel engine,1,0,dda,direct,direct,direct,physical/other; inspect in context
terrain,t_tree_elderberry_harvested,elderberry tree,1,0,dda,direct,direct,direct,physical/other; inspect in context
terrain,t_door_metal_corrugated_c,closed corrugated metal door,1,0,dda,looks_like,looks_like,looks_like,physical/other; inspect in context
terrain,t_card_robofac,card reader,1,0,dda,direct,direct,direct,physical/other; inspect in context
terrain,t_intercom,intercom,1,0,dda,direct,direct,direct,physical/other; inspect in context
terrain,t_secretdoor_concrete_o,open secret door,1,0,dda,looks_like,looks_like,looks_like,physical/other; inspect in context
terrain,t_secretdoor_concrete_c,concrete wall,1,0,dda,looks_like,looks_like,looks_like,physical/other; inspect in context
terrain,t_fungus_mound,fungal mound,1,0,dda,direct,direct,direct,physical/other; inspect in context
terrain,t_window_reinforced,reinforced boarded up window,1,0,dda,direct,direct,direct,physical/other; inspect in context
terrain,t_window_reinforced_noglass,reinforced boarded up window,1,0,dda,direct,direct,direct,physical/other; inspect in context
terrain,t_manhole_cover,manhole cover,1,0,dda,direct,direct,direct,physical/other; inspect in context
terrain,t_tree_peach_harvested,peach tree,1,0,dda,direct,direct,direct,physical/other; inspect in context
terrain,t_door_glass_white_c,closed glass door,1,0,dda,direct,direct,direct,physical/other; inspect in context
terrain,t_underbrush_harvested,underbrush,1,0,dda,direct,direct,direct,physical/other; inspect in context
terrain,t_backboard,backboard,1,0,dda,direct,direct,direct,physical/other; inspect in context
terrain,t_tree_basswood_harvested,basswood tree,1,0,dda,looks_like,looks_like,looks_like,physical/other; inspect in context
terrain,t_door_bar_c,closed bar door,1,0,dda,direct,direct,direct,physical/other; inspect in context
furniture,f_fireman_cabinet_b,open fireman's cabinet,1,0,dda,direct,direct,direct,physical/other; inspect in context
furniture,f_battlefield_cross,battlefield cross,1,0,dda,direct,direct,direct,physical/other; inspect in context
furniture,f_portable_generator,portable generator,1,0,dda,direct,direct,direct,physical/other; inspect in context
furniture,f_exodii_generator_2,spherical generator,1,0,dda,direct,direct,direct,physical/other; inspect in context
furniture,f_exodii_generator_1,Mavrik 10-101 power core,1,0,dda,direct,direct,direct,physical/other; inspect in context
furniture,f_exodii_generator_3,fluidic generator,1,0,dda,direct,direct,direct,physical/other; inspect in context
furniture,f_exodii_generator_4,rusty generator,1,0,dda,direct,direct,direct,physical/other; inspect in context
furniture,f_exodii_floor_portal_enclosure,metal ring,1,0,dda,direct,direct,direct,physical/other; inspect in context
furniture,f_dialysis,dialysis machine,1,0,dda,direct,direct,direct,physical/other; inspect in context
furniture,f_xray,X-ray scanner,1,0,dda,looks_like,looks_like,looks_like,physical/other; inspect in context
furniture,f_gunsafe_ml,locked gun safe,1,0,dda,direct,direct,direct,physical/other; inspect in context
furniture,f_electron_microscope,electron microscope,1,0,dda,direct,direct,direct,physical/other; inspect in context
furniture,f_scan_bed,scanner bed,1,0,dda,direct,direct,direct,physical/other; inspect in context
furniture,f_CTscan,CT scanner,1,0,dda,direct,direct,direct,physical/other; inspect in context
furniture,f_minifridge,minifridge,1,0,dda,direct,direct,direct,physical/other; inspect in context
furniture,f_smoking_rack,smoking rack,1,0,dda,direct,direct,direct,physical/other; inspect in context
furniture,f_mannequin,mannequin,1,0,dda,direct,direct,direct,physical/other; inspect in context
furniture,f_shackle,manacles,1,0,dda,direct,direct,direct,physical/other; inspect in context
furniture,f_still,still,1,0,dda,direct,direct,direct,physical/other; inspect in context
furniture,f_glow_boulder,large glowing boulder,1,0,magiclysm,direct,direct,direct,physical/other; inspect in context
furniture,f_moonflower,moonflower bush,1,0,magiclysm,looks_like,looks_like,looks_like,physical/other; inspect in context
furniture,f_safe_o,open safe,1,0,dda,direct,direct,direct,physical/other; inspect in context
furniture,f_sand_castle,sand castle,1,0,dda,direct,direct,direct,physical/other; inspect in context
furniture,f_anvil,anvil,1,0,dda,direct,direct,direct,physical/other; inspect in context
furniture,f_magiclysm_translocator_gate,Translocator Gate,1,0,magiclysm,direct,direct,direct,physical/other; inspect in context
furniture,f_hoist_chain,chain hoist,1,0,dda,direct,direct,direct,physical/other; inspect in context
furniture,f_wooden_flagpole,flagpole,1,0,dda,direct,direct,direct,physical/other; inspect in context
furniture,f_aluminum_stepladder,aluminum stepladder,1,0,dda,direct,direct,direct,physical/other; inspect in context
furniture,f_butcher_rack,butchering rack,1,0,dda,direct,direct,direct,physical/other; inspect in context
furniture,f_dental_xray,dental X-ray machine,1,0,dda,looks_like,looks_like,looks_like,physical/other; inspect in context
furniture,f_gunsafe_mj,jammed gun safe,1,0,dda,direct,direct,direct,physical/other; inspect in context
furniture,f_pallet_cement,pallet of cement bags,1,0,dda,looks_like,looks_like,looks_like,physical/other; inspect in context
furniture,f_orrery,orrery,1,0,magiclysm,looks_like,looks_like,looks_like,physical/other; inspect in context
furniture,f_55gal_firebarrel,fire barrel (200 L),1,0,dda,direct,direct,direct,physical/other; inspect in context
furniture,f_mill_vertical,vertical mill,1,0,dda,looks_like,looks_like,looks_like,physical/other; inspect in context
furniture,f_steel_kiln,tempering kiln,1,0,dda,looks_like,looks_like,looks_like,physical/other; inspect in context
vehicle,reaper_advanced,,1,0,dda,direct,direct,direct,physical/other; inspect in context
vehicle,robot_controls,,1,0,dda,direct,direct,direct,physical/other; inspect in context
vehicle,seed_drill_advanced,,1,0,dda,direct,direct,direct,physical/other; inspect in context
vehicle,drive_by_wire_controls,,1,0,dda,direct,direct,direct,physical/other; inspect in context
vehicle,wheel_unicycle,unicycle wheel,1,0,dda,direct,direct,direct,physical/other; inspect in context
vehicle,chimes,,1,0,dda,direct,direct,direct,physical/other; inspect in context
vehicle,frame_wood_deck,,1,0,dda,looks_like,looks_like,looks_like,physical/other; inspect in context
vehicle,wheel_skateboard,skateboard wheels,1,0,dda,direct,direct,direct,physical/other; inspect in context
vehicle,diesel_engine_i6,,1,0,dda,direct,direct,direct,physical/other; inspect in context
vehicle,crane_medium,boom crane,1,0,dda,direct,direct,direct,physical/other; inspect in context
vehicle,wheel_barrow,,1,0,dda,direct,direct,direct,physical/other; inspect in context
vehicle,diesel_engine_v12,,1,0,dda,direct,direct,direct,physical/other; inspect in context
trap,tr_rollmat,roll mat,1,0,dda,direct,direct,direct,physical/other; inspect in context
trap,tr_shotgun_1,shotgun trap,1,0,dda,direct,direct,direct,physical/other; inspect in context
trap,tr_bubblewrap,bubble wrap,1,0,dda,direct,direct,direct,physical/other; inspect in context
trap,tr_tripwire,tripwire,1,0,dda,direct,direct,direct,physical/other; inspect in context
trap,tr_funnel,funnel,1,0,dda,direct,direct,direct,physical/other; inspect in context
trap,tr_portal,shimmering portal,1,0,dda,direct,direct,direct,physical/other; inspect in context
